# https://github.com/mikedh/trimesh
v 0.02411847 -0.00622881 -0.00442976
v 0.02417674 -0.00624983 -0.00435726
v 0.02402020 -0.00679037 -0.00436398
v 0.02311772 -0.00593769 -0.00530538
v 0.02318635 -0.00595641 -0.00525173
v 0.02298683 -0.00649219 -0.00523205
v 0.01981899 -0.00555483 -0.00639294
v 0.02002283 -0.00556787 -0.00636802
v 0.01975144 -0.00611227 -0.00625963
v 0.02310425 -0.00697789 0.00494055
v 0.02328840 -0.00702947 0.00480425
v 0.02352592 -0.00663861 0.00482024
v 0.02423232 -0.00733338 0.00386280
v 0.02424791 -0.00733890 0.00384420
v 0.02444915 -0.00694106 0.00383836
v 0.02524569 -0.00776334 0.00193385
v 0.02538900 -0.00784061 0.00137447
v 0.02554750 -0.00743096 0.00136860
v 0.02502745 -0.00765679 -0.00251125
v 0.02494963 -0.00762168 -0.00267981
v 0.02513094 -0.00722253 -0.00267371
v 0.02365968 -0.00713685 -0.00450083
v 0.02328670 -0.00702719 -0.00480901
v 0.02352851 -0.00663996 -0.00482697
v 0.01967609 -0.00649827 -0.00610704
v 0.01943700 -0.00648721 -0.00613396
v 0.01582983 -0.00631088 -0.00649950
v 0.01529890 -0.00627806 -0.00654420
v 0.01561650 -0.00589872 -0.00664644
v 0.01281280 -0.00612109 -0.00675093
v 0.01256636 -0.00610152 -0.00676824
v 0.01285685 -0.00573781 -0.00686029
v 0.01009683 -0.00555068 -0.00704037
v 0.01023452 -0.00591632 -0.00693208
v 0.01013369 -0.00590831 -0.00693917
v 0.01299995 -0.00613595 -0.00673778
v 0.01530930 -0.00625898 0.00655804
v 0.01545047 -0.00626859 0.00654605
v 0.01561571 -0.00588468 0.00664336
v 0.01659932 -0.00633103 0.00643189
v 0.01837230 -0.00603655 0.00639322
v 0.01299995 -0.00610176 0.00675414
v 0.01285696 -0.00571566 0.00685904
v 0.01277358 -0.00608491 0.00677135
v 0.00928811 -0.00577704 0.00700735
v 0.00993532 -0.00583798 0.00696578
v 0.01009750 -0.00552293 0.00703979
v 0.01023424 -0.00586612 0.00694658
v 0.01174478 -0.00600835 0.00684956
v 0.01257772 -0.00607034 0.00678624
v 0.00750000 -0.00520088 -0.00724360
v 0.00750000 -0.00483915 -0.00734201
v 0.00766429 -0.00531720 -0.00720394
v 0.00806679 -0.00521448 -0.00721828
v 0.00805117 -0.00550847 -0.00713031
v 0.00829155 -0.00562731 -0.00708456
v 0.00871802 -0.00542784 -0.00712627
v 0.00836911 -0.00566566 -0.00706980
v 0.00992612 -0.00588827 -0.00695169
v 0.00928008 -0.00582590 -0.00699067
v 0.00940614 -0.00549991 -0.00708025
v 0.00916246 -0.00581454 -0.00699776
v 0.00864598 -0.00571762 -0.00704466
v 0.01837394 -0.00604384 -0.00639884
v 0.01852687 -0.00644512 -0.00623640
v 0.01805444 -0.00642160 -0.00628248
v 0.01674651 -0.00635650 -0.00641007
v 0.02149012 -0.00662174 -0.00579267
v 0.02133784 -0.00660509 -0.00583295
v 0.02111936 -0.00618700 -0.00605584
v 0.02260387 -0.00684347 -0.00528314
v 0.02226580 -0.00676756 -0.00546018
v 0.02240358 -0.00636029 -0.00558020
v 0.02214247 -0.00673987 -0.00552476
v 0.02212992 -0.00673705 -0.00553133
v 0.02202495 -0.00671348 -0.00558630
v 0.02177894 -0.00625464 -0.00585918
v 0.02051209 -0.00653941 -0.00600273
v 0.02031594 -0.00652787 -0.00603503
v 0.02043859 -0.00614860 -0.00617755
v 0.02099942 -0.00656810 -0.00592248
v 0.02081779 -0.00655741 -0.00595239
v 0.02061529 -0.00654549 -0.00598573
v 0.02462819 -0.00748481 -0.00328315
v 0.02446650 -0.00741896 -0.00355247
v 0.02445172 -0.00694198 -0.00384452
v 0.02438449 -0.00738861 -0.00366034
v 0.02424949 -0.00733865 -0.00383792
v 0.02424361 -0.00733647 -0.00384565
v 0.02407410 -0.00727374 -0.00406861
v 0.02379628 -0.00718196 -0.00435837
v 0.02368128 -0.00714398 -0.00447830
v 0.02537433 -0.00733956 -0.00203647
v 0.02520249 -0.00774142 -0.00204185
v 0.02518263 -0.00773145 -0.00210091
v 0.02509076 -0.00768536 -0.00237411
v 0.02550271 -0.00790451 -0.00066975
v 0.02549973 -0.00790279 -0.00069436
v 0.02565659 -0.00749412 -0.00069225
v 0.02545721 -0.00787826 -0.00104533
v 0.02538769 -0.00783919 -0.00136260
v 0.02554864 -0.00743140 -0.00137321
v 0.02538448 -0.00783739 -0.00137723
v 0.02530685 -0.00779377 -0.00173154
v 0.02484206 -0.00757314 -0.00291282
v 0.02481394 -0.00756045 -0.00297375
v 0.02482232 -0.00708791 -0.00327851
v 0.02317981 -0.00699576 -0.00489732
v 0.02316792 -0.00699262 -0.00490529
v 0.02292327 -0.00692792 -0.00506918
v 0.02272789 -0.00687626 -0.00520007
v 0.02550410 -0.00790626 0.00069106
v 0.02565611 -0.00749381 0.00068801
v 0.02541225 -0.00785315 0.00128371
v 0.02539037 -0.00784135 0.00136913
v 0.02481991 -0.00708708 0.00327269
v 0.02470234 -0.00751514 0.00317225
v 0.02512874 -0.00722190 0.00266828
v 0.02482245 -0.00756760 0.00293342
v 0.02495159 -0.00762399 0.00267664
v 0.02401750 -0.00678944 0.00435751
v 0.02388806 -0.00721133 0.00427330
v 0.02430870 -0.00736045 0.00377172
v 0.02438431 -0.00739017 0.00365656
v 0.02463119 -0.00748718 0.00328060
v 0.02501756 -0.00765280 0.00254547
v 0.02502720 -0.00765747 0.00251964
v 0.02537256 -0.00733906 0.00203146
v 0.02517902 -0.00773103 0.00211260
v 0.02520634 -0.00774427 0.00203936
v 0.02292455 -0.00692755 0.00507355
v 0.02298441 -0.00649037 0.00522519
v 0.02286258 -0.00691019 0.00511941
v 0.02177664 -0.00625259 0.00585181
v 0.02172558 -0.00665802 0.00571059
v 0.02240139 -0.00635796 0.00557342
v 0.02213355 -0.00673901 0.00552719
v 0.02214221 -0.00674073 0.00552330
v 0.02220228 -0.00675266 0.00549629
v 0.02230291 -0.00677264 0.00545105
v 0.02273144 -0.00687796 0.00519713
v 0.02042024 -0.00653153 0.00602101
v 0.02043642 -0.00614512 0.00617025
v 0.01967605 -0.00649431 0.00610904
v 0.01974946 -0.00610675 0.00625306
v 0.02082295 -0.00655827 0.00594958
v 0.02111693 -0.00618486 0.00604807
v 0.02051255 -0.00653671 0.00600805
v 0.02048335 -0.00653469 0.00601355
v 0.02117071 -0.00658243 0.00588408
v 0.02133743 -0.00660514 0.00583196
v 0.02149496 -0.00662660 0.00578270
v 0.02343451 -0.00707040 0.00469611
v 0.02367969 -0.00714659 0.00446754
v 0.02379955 -0.00718383 0.00435581
v 0.00824687 -0.00557499 0.00710560
v 0.00829862 -0.00558773 0.00709990
v 0.00806734 -0.00518645 0.00721658
v 0.00871882 -0.00539938 0.00712527
v 0.00865315 -0.00567501 0.00706088
v 0.00893107 -0.00574342 0.00703029
v 0.00940691 -0.00547163 0.00707953
v 0.01806277 -0.00641056 0.00628647
v 0.01877152 -0.00644908 0.00621604
v 0.01944417 -0.00648272 0.00613647
v 0.02573338 -0.00695317 0.00067475
v 0.02574245 -0.00696022 0.00049025
v 0.02576566 -0.00697829 0.00001773
v 0.02562547 -0.00688311 0.00139498
v 0.02561497 -0.00687741 0.00143578
v 0.02549320 -0.00681135 0.00190895
v 0.02573197 -0.00695225 0.00068414
v 0.02569026 -0.00692517 0.00096256
v 0.02563060 -0.00688644 0.00136070
v 0.02520365 -0.00666472 0.00272925
v 0.02513957 -0.00663595 0.00285603
v 0.02452173 -0.00637426 0.00391852
v 0.02422881 -0.00626958 0.00427723
v 0.02493644 -0.00654477 0.00325794
v 0.02490279 -0.00652966 0.00332451
v 0.02489152 -0.00652461 0.00334680
v 0.02459643 -0.00640463 0.00380303
v 0.02458202 -0.00639876 0.00382532
v 0.02546457 -0.00679582 0.00202020
v 0.02545507 -0.00679067 0.00205712
v 0.02523165 -0.00667875 0.00265438
v 0.02319504 -0.00596000 0.00522917
v 0.02359752 -0.00606831 0.00492017
v 0.02369797 -0.00609929 0.00482346
v 0.02377059 -0.00612169 0.00475354
v 0.02212990 -0.00574533 0.00584921
v 0.02243171 -0.00579363 0.00570429
v 0.02253154 -0.00580960 0.00565635
v 0.02261167 -0.00582696 0.00560710
v 0.02317699 -0.00595514 0.00524303
v 0.02306856 -0.00592596 0.00532627
v 0.02273013 -0.00585263 0.00553429
v 0.02141704 -0.00566042 0.00611908
v 0.02136146 -0.00565653 0.00613184
v 0.02114541 -0.00564141 0.00618144
v 0.02084426 -0.00562033 0.00625059
v 0.02081605 -0.00561835 0.00625706
v 0.02001199 -0.00556634 0.00636090
v 0.02021137 -0.00557924 0.00633515
v 0.02069195 -0.00561032 0.00627309
v 0.02200538 -0.00572541 0.00590900
v 0.02196654 -0.00571920 0.00592765
v 0.02149534 -0.00566879 0.00609180
v 0.02416922 -0.00624829 0.00435021
v 0.02409467 -0.00622165 0.00444150
v 0.02385453 -0.00614758 0.00467271
v 0.01015704 -0.00499313 0.00710873
v 0.01012087 -0.00499103 0.00711108
v 0.00952953 -0.00495373 0.00714447
v 0.00892704 -0.00490941 0.00718062
v 0.00878734 -0.00488563 0.00719352
v 0.00856206 -0.00484729 0.00721432
v 0.00840542 -0.00479364 0.00723691
v 0.00951910 -0.00495308 0.00714506
v 0.00921740 -0.00493405 0.00716210
v 0.00898609 -0.00491946 0.00717516
v 0.01142189 -0.00506664 0.00702658
v 0.01065559 -0.00502211 0.00707635
v 0.01025046 -0.00499856 0.00710266
v 0.01311768 -0.00516520 0.00691645
v 0.01869879 -0.00549027 0.00648724
v 0.01864423 -0.00548709 0.00649172
v 0.01769632 -0.00543183 0.00656958
v 0.01689907 -0.00538535 0.00663507
v 0.01644304 -0.00535876 0.00667252
v 0.01517986 -0.00528512 0.00677628
v 0.01481653 -0.00526394 0.00680612
v 0.01392997 -0.00521241 0.00686370
v 0.01996580 -0.00556336 0.00636686
v 0.01957381 -0.00554075 0.00640410
v 0.01894394 -0.00550441 0.00646395
v 0.00750000 -0.00425057 -0.00742058
v 0.00759186 -0.00432749 -0.00739912
v 0.00889980 -0.00490803 -0.00718908
v 0.00894576 -0.00491183 -0.00718625
v 0.00923649 -0.00493586 -0.00716835
v 0.00940155 -0.00494950 -0.00715818
v 0.00952517 -0.00495654 -0.00715141
v 0.00776991 -0.00447657 -0.00735752
v 0.00797848 -0.00460272 -0.00731582
v 0.00809350 -0.00467229 -0.00729282
v 0.00811645 -0.00468617 -0.00728823
v 0.00841967 -0.00480311 -0.00724099
v 0.00847573 -0.00482474 -0.00723225
v 0.00879217 -0.00488689 -0.00720003
v 0.00954973 -0.00495794 -0.00715006
v 0.01017786 -0.00499373 -0.00711562
v 0.01025821 -0.00499831 -0.00711121
v 0.01035275 -0.00500370 -0.00710603
v 0.01090683 -0.00503593 -0.00707295
v 0.01143316 -0.00506654 -0.00704153
v 0.01199877 -0.00509945 -0.00700777
v 0.02023154 -0.00558121 -0.00634251
v 0.01771712 -0.00543211 -0.00657826
v 0.01865534 -0.00548689 -0.00649554
v 0.01897220 -0.00550539 -0.00646760
v 0.01959353 -0.00554167 -0.00641282
v 0.02131467 -0.00565179 -0.00615728
v 0.02137281 -0.00565565 -0.00614445
v 0.02138477 -0.00565644 -0.00614181
v 0.02151700 -0.00567071 -0.00609604
v 0.02197332 -0.00571996 -0.00593808
v 0.02252235 -0.00580746 -0.00567431
v 0.02261995 -0.00582881 -0.00561382
v 0.02274563 -0.00585630 -0.00553595
v 0.02201507 -0.00572661 -0.00591802
v 0.02214669 -0.00574759 -0.00585479
v 0.02251460 -0.00580623 -0.00567803
v 0.02070301 -0.00561137 -0.00628488
v 0.02077820 -0.00561617 -0.00627569
v 0.02086482 -0.00562192 -0.00625657
v 0.02381883 -0.00613567 -0.00472254
v 0.02386623 -0.00615041 -0.00467622
v 0.02492764 -0.00653957 -0.00329685
v 0.02493479 -0.00654251 -0.00328552
v 0.02491094 -0.00653269 -0.00332332
v 0.02462905 -0.00641664 -0.00377023
v 0.02426705 -0.00628241 -0.00424490
v 0.02455788 -0.00638734 -0.00388306
v 0.02458973 -0.00640045 -0.00383257
v 0.02569758 -0.00692993 -0.00092708
v 0.02573187 -0.00695258 -0.00068836
v 0.02547245 -0.00679932 -0.00201630
v 0.02550780 -0.00681874 -0.00187383
v 0.02562528 -0.00688330 -0.00140033
v 0.02563553 -0.00688893 -0.00135902
v 0.02494466 -0.00654700 -0.00326538
v 0.02516195 -0.00664588 -0.00282183
v 0.02523364 -0.00667850 -0.00267551
v 0.02546910 -0.00679762 -0.00202555
v 0.02325329 -0.00597466 -0.00519942
v 0.02364052 -0.00608025 -0.00489677
v 0.02370697 -0.00610091 -0.00483184
v 0.01312896 -0.00516512 -0.00692734
v 0.01395426 -0.00521308 -0.00686860
v 0.01520715 -0.00528589 -0.00677944
v 0.01639025 -0.00535464 -0.00669524
v 0.01645181 -0.00535823 -0.00668981
v 0.01724499 -0.00540454 -0.00661988
v 0.00750000 -0.00481196 0.00733953
v 0.00750000 -0.00516025 0.00725602
v 0.00805453 -0.00546818 0.00714434
v 0.02550692 -0.00790789 0.00067287
v 0.02551396 -0.00791196 0.00062743
v 0.02569508 -0.00751852 -0.00000203
v 0.02554897 -0.00793095 -0.00000000
v 0.02553394 -0.00792253 -0.00041198
v 0.00819917 -0.00472300 0.00726666
v 0.00809363 -0.00466545 0.00728785
v 0.00796436 -0.00459496 0.00731381
v 0.00783380 -0.00452376 0.00734002
v 0.00758135 -0.00431552 0.00739813
v 0.00750000 -0.00424841 0.00741686
v 0.02573592 -0.00695526 -0.00066015
v 0.02574545 -0.00696264 -0.00045475
v 0.02576645 -0.00697890 -0.00000212
v 0.02576654 -0.00697897 -0.00000012
v 0.02195445 -0.00848056 0.00000000
v 0.02260806 -0.00846895 -0.00000000
v 0.02262108 -0.00843451 0.00087952
v 0.02364758 -0.00742338 0.00405279
v 0.02285267 -0.00748714 0.00425307
v 0.02278099 -0.00786221 0.00345034
v 0.02048979 -0.00685684 0.00569726
v 0.01965095 -0.00690056 0.00573136
v 0.01962112 -0.00719765 0.00537281
v 0.02500838 -0.00779707 0.00216222
v 0.02291856 -0.00699477 0.00499404
v 0.01300003 -0.00740196 0.00575572
v 0.01300002 -0.00751966 0.00558534
v 0.01299988 -0.00824695 0.00390277
v 0.01299988 -0.00826394 0.00382767
v 0.01609940 -0.00815490 0.00377128
v 0.01299956 -0.00854941 0.00116202
v 0.01299963 -0.00855365 0.00096442
v 0.01926040 -0.00847946 0.00094014
v 0.01300000 -0.00857433 -0.00000000
v 0.01550853 -0.00854806 0.00000000
v 0.01299999 -0.00857386 0.00002218
v 0.01300021 -0.00846885 0.00260791
v 0.01300002 -0.00848882 0.00228448
v 0.01930538 -0.00839484 0.00187479
v 0.01299980 -0.00851093 0.00192629
v 0.01299948 -0.00854478 0.00137804
v 0.01299985 -0.00836322 0.00338885
v 0.01300009 -0.00843163 0.00288311
v 0.01937420 -0.00825050 0.00279834
v 0.01299990 -0.00819525 0.00413124
v 0.01618701 -0.00784130 0.00466545
v 0.01300002 -0.00809710 0.00441688
v 0.01300005 -0.00777525 0.00517893
v 0.01300014 -0.00790651 0.00491394
v 0.01300019 -0.00797108 0.00478361
v 0.01300017 -0.00798395 0.00474613
v 0.01958482 -0.00745636 0.00498374
v 0.01300001 -0.00765937 0.00538310
v 0.01300000 -0.00771147 0.00530768
v 0.01300005 -0.00686307 0.00627537
v 0.01300004 -0.00697641 0.00618796
v 0.01300003 -0.00704425 0.00613564
v 0.01300003 -0.00721466 0.00595465
v 0.01300003 -0.00734881 0.00581216
v 0.01967284 -0.00656812 0.00605157
v 0.01300004 -0.00647372 0.00654552
v 0.01300006 -0.00654926 0.00650315
v 0.01300008 -0.00661693 0.00646520
v 0.02214212 -0.00675756 0.00551004
v 0.02132198 -0.00680942 0.00562927
v 0.02211210 -0.00705155 0.00516432
v 0.02288713 -0.00725694 0.00463364
v 0.02358744 -0.00780781 0.00328889
v 0.02434536 -0.00769193 0.00308859
v 0.02429876 -0.00798413 0.00233981
v 0.02497721 -0.00800222 0.00145147
v 0.02494037 -0.00814830 -0.00000000
v 0.02495662 -0.00812904 0.00072872
v 0.02129092 -0.00710421 0.00527639
v 0.02125445 -0.00736403 0.00489501
v 0.02121416 -0.00758840 0.00449170
v 0.02105050 -0.00819687 0.00275466
v 0.02112993 -0.00794488 0.00364109
v 0.01945693 -0.00801768 0.00370227
v 0.01954386 -0.00767638 0.00457154
v 0.02207722 -0.00731238 0.00479136
v 0.02203893 -0.00753947 0.00439725
v 0.02195924 -0.00790481 0.00356600
v 0.02188431 -0.00816770 0.00269896
v 0.02094157 -0.00845742 0.00092655
v 0.01924470 -0.00850894 0.00000000
v 0.02092643 -0.00849132 0.00000000
v 0.02265776 -0.00832214 0.00175251
v 0.02098470 -0.00836006 0.00184688
v 0.02271356 -0.00813693 0.00261235
v 0.02423435 -0.00831282 0.00078833
v 0.02425995 -0.00818763 0.00157038
v 0.02353061 -0.00809418 0.00249088
v 0.02348343 -0.00829076 0.00167142
v 0.02345238 -0.00841096 0.00083894
v 0.02341597 -0.00845459 -0.00000000
v 0.02344111 -0.00845087 -0.00000000
v 0.02422217 -0.00833530 -0.00000000
v 0.02455445 -0.00828613 -0.00000000
v 0.02125240 -0.00737739 -0.00487315
v 0.02128896 -0.00712098 -0.00525403
v 0.02211023 -0.00706832 -0.00514243
v 0.01299970 -0.00855064 -0.00095948
v 0.02214044 -0.00677782 -0.00548831
v 0.02495668 -0.00812944 -0.00072504
v 0.02497707 -0.00800385 -0.00144420
v 0.02500799 -0.00780077 -0.00215156
v 0.02429824 -0.00798785 -0.00232828
v 0.02434451 -0.00769872 -0.00307372
v 0.02358637 -0.00781453 -0.00327304
v 0.02364621 -0.00743438 -0.00403406
v 0.02285100 -0.00749796 -0.00423340
v 0.02291689 -0.00701157 -0.00497287
v 0.02132024 -0.00682979 -0.00560713
v 0.02048808 -0.00687733 -0.00567491
v 0.01967166 -0.00659269 -0.00603032
v 0.02051192 -0.00655152 -0.00599585
v 0.01300006 -0.00700477 -0.00615864
v 0.01300007 -0.00689096 -0.00625705
v 0.01300008 -0.00679119 -0.00634334
v 0.01300005 -0.00658107 -0.00647713
v 0.01300003 -0.00650361 -0.00652645
v 0.01300000 -0.00632777 -0.00663841
v 0.01300003 -0.00737108 -0.00577773
v 0.01300003 -0.00723831 -0.00593417
v 0.01964931 -0.00692117 -0.00570894
v 0.01300003 -0.00716659 -0.00601869
v 0.01299999 -0.00767843 -0.00534694
v 0.01300002 -0.00754172 -0.00556530
v 0.01961917 -0.00721444 -0.00535004
v 0.01300002 -0.00751463 -0.00560857
v 0.01299982 -0.00836820 -0.00336050
v 0.01300019 -0.00827053 -0.00380934
v 0.01945527 -0.00802339 -0.00368432
v 0.01300023 -0.00825875 -0.00386350
v 0.01300038 -0.00822074 -0.00403818
v 0.01299999 -0.00811108 -0.00437850
v 0.01954180 -0.00768654 -0.00455025
v 0.01299967 -0.00801926 -0.00466346
v 0.01299971 -0.00799213 -0.00472294
v 0.01299979 -0.00792218 -0.00487630
v 0.01299956 -0.00851359 -0.00191671
v 0.01299961 -0.00849155 -0.00224398
v 0.01930488 -0.00839595 -0.00186542
v 0.01299967 -0.00846325 -0.00266419
v 0.01937312 -0.00825330 -0.00278449
v 0.01299972 -0.00843530 -0.00286894
v 0.01299981 -0.00837167 -0.00333504
v 0.01299951 -0.00853478 -0.00160202
v 0.01926032 -0.00847976 -0.00093541
v 0.02094153 -0.00845776 -0.00092189
v 0.02345240 -0.00841137 -0.00083472
v 0.02262108 -0.00843490 -0.00087509
v 0.02423440 -0.00831323 -0.00078436
v 0.02425975 -0.00818925 -0.00156253
v 0.02348316 -0.00829233 -0.00166307
v 0.02265741 -0.00832361 -0.00174375
v 0.02098425 -0.00836134 -0.00183765
v 0.02352994 -0.00809781 -0.00247859
v 0.02271274 -0.00814038 -0.00259947
v 0.02188337 -0.00817098 -0.00268564
v 0.02104948 -0.00819997 -0.00274106
v 0.02277968 -0.00786871 -0.00343370
v 0.02195777 -0.00791108 -0.00354879
v 0.02112835 -0.00795095 -0.00362349
v 0.01958273 -0.00746956 -0.00496141
v 0.01299997 -0.00778550 -0.00517593
v 0.02045703 -0.00716945 -0.00531784
v 0.02203705 -0.00755009 -0.00437689
v 0.02121216 -0.00759885 -0.00447088
v 0.01023336 -0.00855257 0.00225805
v 0.01023537 -0.00706321 -0.00623756
v 0.00750041 -0.00558222 0.00710557
v 0.00750065 -0.00583924 0.00701394
v 0.00750089 -0.00609198 0.00688888
v 0.00750114 -0.00635849 0.00675702
v 0.00750129 -0.00657665 0.00661305
v 0.01023513 -0.00658420 0.00659297
v 0.00750156 -0.00790094 0.00518903
v 0.00750138 -0.00802339 0.00492735
v 0.01023522 -0.00800487 0.00493726
v 0.00750120 -0.00813943 0.00467937
v 0.00750096 -0.00823036 0.00440981
v 0.01023478 -0.00819928 0.00442323
v 0.00750015 -0.00847861 0.00346275
v 0.00750007 -0.00849502 0.00333474
v 0.01023386 -0.00844670 0.00335559
v 0.00750041 -0.00562260 -0.00709238
v 0.00750060 -0.00582115 -0.00702119
v 0.00750090 -0.00613018 -0.00687004
v 0.01023475 -0.00613867 -0.00683552
v 0.00750141 -0.00679678 -0.00646848
v 0.00750128 -0.00661207 -0.00658906
v 0.01023514 -0.00662063 -0.00656968
v 0.00750109 -0.00633545 -0.00676964
v 0.00750103 -0.00627202 -0.00680066
v 0.01023549 -0.00744966 -0.00584054
v 0.00750158 -0.00721198 -0.00611026
v 0.00750152 -0.00705607 -0.00624477
v 0.00750151 -0.00702612 -0.00627061
v 0.00750163 -0.00767481 -0.00554121
v 0.00750166 -0.00758316 -0.00568213
v 0.00750163 -0.00744693 -0.00583926
v 0.00750159 -0.00777744 -0.00538341
v 0.01023546 -0.00777009 -0.00538875
v 0.00750156 -0.00787472 -0.00523384
v 0.01023518 -0.00802140 -0.00489851
v 0.00750119 -0.00812566 -0.00470684
v 0.00750121 -0.00811827 -0.00472822
v 0.00750132 -0.00804066 -0.00488934
v 0.00750089 -0.00824200 -0.00437012
v 0.01023473 -0.00821140 -0.00438332
v 0.00750068 -0.00832175 -0.00413934
v 0.01023424 -0.00835257 -0.00385394
v 0.00750043 -0.00839186 -0.00383655
v 0.01023381 -0.00845252 -0.00331502
v 0.00750013 -0.00847441 -0.00348005
v 0.00750023 -0.00844504 -0.00360687
v 0.00749957 -0.00859328 -0.00219361
v 0.00749963 -0.00858135 -0.00246241
v 0.01023334 -0.00855448 -0.00221759
v 0.00749971 -0.00856797 -0.00276395
v 0.00750002 -0.00849869 -0.00329416
v 0.00749948 -0.00860903 -0.00183859
v 0.01023318 -0.00860331 0.00002182
v 0.00749939 -0.00862945 -0.00054408
v 0.00749956 -0.00859877 0.00204833
v 0.00749948 -0.00861200 0.00172657
v 0.01023322 -0.00858920 0.00114449
v 0.00749942 -0.00862272 0.00033099
v 0.00749941 -0.00862510 0.00002145
v 0.00749960 -0.00859113 0.00223395
v 0.00749973 -0.00856988 0.00275073
v 0.00750003 -0.00850482 0.00325829
v 0.00750095 -0.00823475 0.00439678
v 0.00750069 -0.00833109 0.00411118
v 0.01023430 -0.00834390 0.00389432
v 0.00750050 -0.00838440 0.00387687
v 0.00750162 -0.00775480 0.00541913
v 0.00750159 -0.00784536 0.00527653
v 0.01023548 -0.00774818 0.00542539
v 0.00750153 -0.00702343 0.00627242
v 0.00750162 -0.00724937 0.00607403
v 0.01023549 -0.00742234 0.00587381
v 0.00750163 -0.00731149 0.00600071
v 0.00750165 -0.00742014 0.00587249
v 0.00750168 -0.00760669 0.00565232
v 0.00750144 -0.00681347 0.00645678
v 0.01023536 -0.00703077 0.00626606
v 0.00750129 -0.00657883 0.00661161
v 0.01023472 -0.00609970 0.00685380
v 0.00750056 -0.00573623 0.00705067
v 0.01908274 -0.00514658 -0.00632460
v 0.01806378 -0.00509318 -0.00641175
v 0.02104187 -0.00524925 0.00341710
v 0.01986553 -0.00518760 0.00623843
v 0.02033036 -0.00521196 0.00619589
v 0.02039681 -0.00521545 0.00618549
v 0.02050943 -0.00522135 0.00616786
v 0.02104187 -0.00524925 0.00608452
v 0.01798544 -0.00508907 -0.00641801
v 0.01672511 -0.00502302 -0.00651876
v 0.01796771 -0.00508814 0.00640842
v 0.01647347 -0.00500983 -0.00653887
v 0.01671149 -0.00502231 0.00650630
v 0.01546388 -0.00495692 -0.00661383
v 0.01524014 -0.00494520 0.00662095
v 0.01541249 -0.00495423 -0.00661764
v 0.01524014 -0.00494520 -0.00663044
v 0.01995602 -0.00519235 -0.00624397
v 0.01987808 -0.00518826 -0.00625117
v 0.01924739 -0.00515521 -0.00630940
v 0.02104187 -0.00524925 -0.00609612
v 0.02068822 -0.00523072 -0.00615954
v 0.02104187 -0.00524925 -0.00341710
v 0.02064835 -0.00522863 -0.00616413
v 0.02052788 -0.00522231 -0.00617803
v 0.01806422 -0.00509320 0.00640090
v 0.01840380 -0.00511100 0.00637218
v 0.01923444 -0.00515453 0.00629618
v 0.02455074 -0.00603348 -0.00377435
v 0.02433854 -0.00595055 -0.00404886
v 0.02504685 -0.00624909 -0.00201572
v 0.02116244 -0.00525839 0.00605320
v 0.02154300 -0.00528722 0.00595435
v 0.02177828 -0.00531318 0.00587558
v 0.02180331 -0.00531686 0.00586495
v 0.02217003 -0.00537081 0.00570923
v 0.02231769 -0.00539253 0.00564653
v 0.02243503 -0.00541715 -0.00559100
v 0.02259626 -0.00544713 -0.00550702
v 0.02225847 -0.00538431 -0.00568296
v 0.02217618 -0.00536901 -0.00572582
v 0.02182471 -0.00532231 -0.00586290
v 0.02162135 -0.00529529 -0.00594222
v 0.02118143 -0.00526034 -0.00605905
v 0.02300157 -0.00553655 0.00524844
v 0.02281082 -0.00548971 -0.00013667
v 0.02283695 -0.00549553 0.00536036
v 0.02259610 -0.00544775 0.00549309
v 0.02302326 -0.00554196 0.00523369
v 0.02333787 -0.00562036 0.00501980
v 0.02348277 -0.00566126 0.00490655
v 0.02364739 -0.00571295 0.00475774
v 0.02394011 -0.00580487 0.00449313
v 0.02410281 -0.00586367 0.00431047
v 0.02417574 -0.00588837 -0.00425137
v 0.02411292 -0.00586668 -0.00431661
v 0.02420757 -0.00589936 -0.00421830
v 0.02433912 -0.00594908 0.00404517
v 0.02412895 -0.00587312 0.00428113
v 0.02379278 -0.00575616 -0.00464913
v 0.02369848 -0.00572811 -0.00472820
v 0.02331709 -0.00561467 -0.00504795
v 0.02308296 -0.00555715 -0.00520482
v 0.02301575 -0.00554064 -0.00524986
v 0.02278748 -0.00548457 -0.00540280
v 0.02241795 -0.00541241 0.00559127
v 0.02272465 -0.00547100 -0.00544015
v 0.02435345 -0.00595425 0.00402910
v 0.02451346 -0.00601920 0.00380573
v 0.02472151 -0.00610363 0.00351531
v 0.02499316 -0.00622420 0.00304879
v 0.02508149 -0.00626639 0.00285848
v 0.02511798 -0.00628381 0.00277988
v 0.02526855 -0.00635573 0.00245548
v 0.02545514 -0.00645066 0.00191076
v 0.02547815 -0.00646236 0.00184360
v 0.02557468 -0.00651366 0.00143673
v 0.02561100 -0.00653296 0.00128366
v 0.02565659 -0.00655788 0.00096332
v 0.02570172 -0.00658254 0.00064625
v 0.02570906 -0.00658662 0.00049036
v 0.02573132 -0.00659897 0.00001742
v 0.02573232 -0.00659952 -0.00000394
v 0.02571975 -0.00659254 -0.00042461
v 0.02571739 -0.00659122 -0.00045553
v 0.02570234 -0.00658289 -0.00065210
v 0.02566334 -0.00656157 -0.00092844
v 0.02561181 -0.00653340 -0.00129363
v 0.02558565 -0.00651952 -0.00140199
v 0.02547106 -0.00645875 -0.00187646
v 0.02512408 -0.00628690 -0.00277979
v 0.02510259 -0.00627672 -0.00282473
v 0.02546144 -0.00645364 -0.00191632
v 0.02524825 -0.00634571 -0.00252018
v 0.02494913 -0.00620405 -0.00314555
v 0.02460712 -0.00605551 -0.00370142
v 0.01020368 -0.00493519 0.00707492
v 0.01650740 -0.00526475 0.00663458
v 0.02492446 -0.00651658 -0.00329719
v 0.01545806 -0.00496327 -0.00661776
v 0.02511496 -0.00629617 -0.00282584
v 0.01540732 -0.00500125 0.00663036
v 0.01052993 -0.00469834 0.00692059
v 0.01040055 -0.00469156 0.00692821
v 0.00758615 -0.00393130 0.00722265
v 0.00750000 -0.00382656 0.00724108
v 0.00750000 -0.00403696 0.00732994
v 0.00775860 -0.00409362 0.00718659
v 0.00786280 -0.00419169 0.00716480
v 0.00801344 -0.00428870 0.00713670
v 0.00813926 -0.00436973 0.00711323
v 0.00848822 -0.00452385 0.00706037
v 0.00819285 -0.00440424 0.00710323
v 0.00857122 -0.00457575 0.00706207
v 0.00853853 -0.00454422 0.00705307
v 0.00858531 -0.00455394 0.00704824
v 0.00879918 -0.00459835 0.00702618
v 0.00906062 -0.00473886 0.00707116
v 0.00900023 -0.00461818 0.00701069
v 0.01089813 -0.00471764 0.00689987
v 0.01166225 -0.00475769 0.00685502
v 0.01203373 -0.00477716 0.00683322
v 0.01418895 -0.00489011 0.00669054
v 0.01511601 -0.00493869 0.00662916
v 0.02048099 -0.00524478 0.00618665
v 0.02095365 -0.00549162 0.00618591
v 0.02229468 -0.00554872 0.00570939
v 0.02509545 -0.00630838 0.00285919
v 0.02234523 -0.00551174 -0.00568259
v 0.02102361 -0.00543194 -0.00616223
v 0.01656545 -0.00521778 -0.00661953
v 0.01420804 -0.00489111 -0.00669835
v 0.01203351 -0.00477714 -0.00684145
v 0.01168223 -0.00475873 -0.00686171
v 0.01054790 -0.00469929 -0.00692716
v 0.01042060 -0.00469262 -0.00693459
v 0.00879704 -0.00459804 -0.00703297
v 0.00908732 -0.00473086 -0.00707081
v 0.00867398 -0.00457646 -0.00704359
v 0.00858994 -0.00457533 -0.00706319
v 0.00965620 -0.00482574 -0.00707100
v 0.00936522 -0.00478260 -0.00707117
v 0.00916138 -0.00462662 -0.00700804
v 0.00900023 -0.00461818 -0.00701744
v 0.00851895 -0.00453498 -0.00706208
v 0.00855352 -0.00454824 -0.00705730
v 0.00860104 -0.00455937 -0.00705189
v 0.00776723 -0.00410641 -0.00718827
v 0.00750000 -0.00403947 -0.00733276
v 0.00750000 -0.00382918 -0.00724332
v 0.00767609 -0.00402875 -0.00720660
v 0.00791344 -0.00423099 -0.00715888
v 0.00801006 -0.00428922 -0.00714168
v 0.00815326 -0.00437553 -0.00711618
v 0.00824085 -0.00442832 -0.00710058
v 0.01023762 -0.00491949 -0.00707200
v 0.00978637 -0.00465938 -0.00697158
v 0.00914181 -0.00462560 0.00700235
v 0.00933552 -0.00479374 0.00707230
v 0.00962474 -0.00483830 0.00707267
v 0.01400463 -0.00488045 0.00675044
v 0.01524014 -0.00494520 0.00667202
v 0.00900023 -0.00461818 0.00701655
v 0.01328760 -0.00484287 -0.00680113
v 0.01524014 -0.00494520 -0.00668032
v 0.00900023 -0.00461818 -0.00702279
v 0.01066304 0.00279826 0.00610817
v 0.01098641 0.00225119 0.00633266
v 0.01375881 -0.00243910 -0.00714164
v 0.01109815 0.00206215 0.00639556
v 0.01112845 0.00201090 0.00641261
v 0.01121984 0.00185628 0.00646406
v 0.00989055 0.00410515 -0.00524886
v 0.00969056 0.00444349 -0.00489259
v 0.00962186 0.00455972 -0.00474109
v 0.00957169 0.00464460 -0.00463047
v 0.00925196 0.00518552 -0.00357674
v 0.00922542 0.00523041 -0.00345865
v 0.00921131 0.00525429 -0.00339582
v 0.01278036 -0.00078377 0.00696478
v 0.01322469 -0.00153548 0.00705172
v 0.01165919 0.00111299 -0.00665863
v 0.01158686 0.00123537 -0.00662660
v 0.00990683 0.00407761 -0.00527172
v 0.00940982 0.00491844 -0.00417367
v 0.00940019 0.00493474 -0.00413725
v 0.01011607 0.00372362 0.00556554
v 0.01025400 0.00349028 0.00572006
v 0.01266617 -0.00059059 0.00694244
v 0.01493256 -0.00442483 0.00690222
v 0.01347325 -0.00195599 -0.00710035
v 0.01322469 -0.00153549 -0.00705172
v 0.01098641 0.00225119 -0.00633266
v 0.01066304 0.00279826 -0.00610817
v 0.01109815 0.00206215 -0.00639556
v 0.01065101 0.00281861 -0.00609749
v 0.01112869 0.00201049 -0.00641275
v 0.01036190 0.00330773 -0.00584094
v 0.01025400 0.00349028 -0.00572006
v 0.01121984 0.00185628 -0.00646406
v 0.01011607 0.00372362 -0.00556554
v 0.00908827 0.00546243 -0.00272952
v 0.00908446 0.00546889 -0.00269952
v 0.00899910 0.00561330 -0.00202820
v 0.01036190 0.00330773 0.00584094
v 0.01065101 0.00281861 0.00609749
v 0.00893190 0.00572698 0.00107696
v 0.00894141 0.00571089 0.00127286
v 0.00922542 0.00523041 0.00345865
v 0.00925196 0.00518552 0.00357674
v 0.00940019 0.00493474 0.00413725
v 0.00940982 0.00491844 0.00417367
v 0.00957169 0.00464460 0.00463047
v 0.00962186 0.00455972 0.00474109
v 0.00969056 0.00444349 0.00489259
v 0.01347386 -0.00195703 0.00710047
v 0.01375881 -0.00243910 0.00714164
v 0.01399085 -0.00283166 0.00717516
v 0.01505854 -0.00463797 -0.00682348
v 0.01479511 -0.00419229 -0.00697817
v 0.01459561 -0.00385480 -0.00707699
v 0.01479483 -0.00419183 0.00697341
v 0.01432195 -0.00339182 -0.00715207
v 0.01427305 -0.00330908 -0.00716548
v 0.01278038 -0.00078381 -0.00696479
v 0.01266617 -0.00059059 -0.00694244
v 0.01262773 -0.00052556 -0.00693492
v 0.00898645 0.00563470 -0.00186260
v 0.00894141 0.00571089 -0.00127286
v 0.00893190 0.00572698 -0.00107696
v 0.00892917 0.00573160 -0.00095880
v 0.00891102 0.00576230 -0.00017377
v 0.00891055 0.00576311 0.00000000
v 0.00891102 0.00576230 0.00017377
v 0.00892917 0.00573160 0.00095880
v 0.00898645 0.00563470 0.00186260
v 0.00899910 0.00561330 0.00202820
v 0.00908446 0.00546889 0.00269952
v 0.00989055 0.00410515 0.00524886
v 0.00990683 0.00407761 0.00527172
v 0.01158686 0.00123537 0.00662660
v 0.01165919 0.00111299 0.00665863
v 0.01211040 0.00034965 0.00680635
v 0.01427315 -0.00330926 0.00716512
v 0.01432185 -0.00339164 0.00715319
v 0.01448488 -0.00366746 0.00711325
v 0.01399056 -0.00283117 -0.00717514
v 0.01461544 -0.00388833 0.00706615
v 0.01491391 -0.00439329 -0.00691932
v 0.01212829 0.00031938 -0.00681221
v 0.01211040 0.00034965 -0.00680635
v 0.00908827 0.00546243 0.00272952
v 0.00921131 0.00525429 0.00339582
v 0.01212829 0.00031938 0.00681221
v 0.01262773 -0.00052556 0.00693492
v 0.00862016 -0.00456473 -0.00705039
v 0.00880815 -0.00459964 -0.00703417
v 0.00750000 -0.00252678 -0.00727570
v 0.00750000 -0.00162065 -0.00724082
v 0.01081397 -0.00244691 -0.00722642
v 0.01347583 -0.00311047 -0.00719226
v 0.00750000 -0.00342666 -0.00725793
v 0.01257426 -0.00288572 -0.00720430
v 0.00750000 -0.00272613 -0.00728338
v 0.01119076 -0.00254084 -0.00722277
v 0.01096704 -0.00248507 -0.00722575
v 0.01271631 -0.00140536 -0.00704932
v 0.00749841 0.00066141 -0.00705458
v 0.00749863 0.00076497 -0.00703914
v 0.01098566 -0.00015274 -0.00696934
v 0.00750046 0.00215871 -0.00674133
v 0.00750051 0.00227153 -0.00670126
v 0.01109086 0.00136138 -0.00664010
v 0.00750068 0.00264638 -0.00656810
v 0.00750057 0.00295143 -0.00642209
v 0.00750002 0.00411585 -0.00565526
v 0.00750000 0.00588535 -0.00000000
v 0.00750014 0.00588384 -0.00024952
v 0.00750140 0.00585420 -0.00091708
v 0.00750208 0.00583817 -0.00127807
v 0.00750229 0.00579634 -0.00162547
v 0.00750058 0.00545728 -0.00332696
v 0.00750098 0.00554498 -0.00302906
v 0.00750110 0.00556987 -0.00294453
v 0.00750177 0.00564270 -0.00258961
v 0.00750261 0.00573356 -0.00214692
v 0.00750239 0.00577724 -0.00178410
v 0.00750001 0.00533222 -0.00375172
v 0.00750016 0.00523595 -0.00399917
v 0.00935442 0.00494345 -0.00413519
v 0.00933854 0.00461457 -0.00472879
v 0.00750037 0.00509686 -0.00435671
v 0.00750020 0.00520947 -0.00406725
v 0.00750015 0.00458091 -0.00516832
v 0.00750029 0.00478909 -0.00488581
v 0.00750033 0.00484513 -0.00480976
v 0.00750035 0.00495428 -0.00461332
v 0.00750001 0.00416258 -0.00561735
v 0.00750000 0.00417212 -0.00560961
v 0.00932119 0.00419922 -0.00525222
v 0.00750013 0.00454147 -0.00522184
v 0.00750050 0.00313759 -0.00633299
v 0.00750048 0.00320608 -0.00630020
v 0.00750023 0.00356933 -0.00607318
v 0.00750014 0.00370584 -0.00598786
v 0.00750006 0.00398138 -0.00576435
v 0.00750000 0.00138704 -0.00694641
v 0.00750010 0.00153887 -0.00690870
v 0.01104282 0.00062300 -0.00683064
v 0.00750041 0.00203312 -0.00678594
v 0.00749922 0.00103097 -0.00699949
v 0.00749935 -0.00002306 -0.00711563
v 0.01092534 -0.00093380 -0.00706647
v 0.00750024 -0.00066313 -0.00717272
v 0.01087175 -0.00169046 -0.00716264
v 0.00750047 -0.00082846 -0.00718747
v 0.00750045 -0.00081609 -0.00718637
v 0.01264687 -0.00214920 -0.00714923
v 0.00879872 -0.00459828 0.00702874
v 0.01081378 -0.00244674 0.00722445
v 0.01087150 -0.00169040 0.00716264
v 0.00750000 -0.00162072 0.00724287
v 0.00750000 -0.00081684 0.00717992
v 0.00750000 -0.00037325 0.00714518
v 0.01092508 -0.00093373 0.00706647
v 0.00750000 -0.00002396 0.00710938
v 0.01098541 -0.00015267 0.00696934
v 0.00750000 0.00076390 0.00702863
v 0.00750000 0.00116089 0.00698794
v 0.01104256 0.00062307 0.00683064
v 0.00750000 0.00153478 0.00689387
v 0.01109059 0.00136144 0.00664010
v 0.00750000 0.00227404 0.00670788
v 0.00750000 0.00228398 0.00670538
v 0.00750000 0.00294599 0.00640965
v 0.00750000 0.00326832 0.00626567
v 0.00750000 0.00355826 0.00605854
v 0.00750000 0.00411984 0.00565736
v 0.00932067 0.00419932 0.00525220
v 0.00750000 0.00520492 0.00410711
v 0.00750000 0.00493565 0.00460323
v 0.00933802 0.00461466 0.00472876
v 0.00750000 0.00473694 0.00496935
v 0.00750000 0.00456873 0.00515688
v 0.00935390 0.00494353 0.00413516
v 0.00750000 0.00523746 0.00400028
v 0.00750000 0.00544380 0.00332270
v 0.00750000 0.00561051 0.00277526
v 0.00750000 0.00563961 0.00258938
v 0.00750000 0.00576604 0.00178193
v 0.00750000 0.00583039 0.00137092
v 0.00750000 0.00584860 0.00091685
v 0.01271628 -0.00140535 0.00704932
v 0.01264684 -0.00214919 0.00714923
v 0.01257425 -0.00288562 0.00720415
v 0.01197081 -0.00273515 0.00721802
v 0.01117275 -0.00253622 0.00722246
v 0.00750000 -0.00342619 0.00725823
v 0.00750000 -0.00278643 0.00728564
v 0.00750000 -0.00252667 0.00727618
v 0.00750000 -0.00167856 0.00724530
v 0.00000000 -0.00483871 -0.00733882
v 0.00000000 -0.00425057 -0.00742058
v 0.00000000 -0.00489258 -0.00733134
v 0.00000000 -0.00520088 -0.00724360
v 0.00000000 -0.00585342 -0.00700635
v 0.00000000 -0.00626905 -0.00679494
v 0.00000000 -0.00642631 -0.00671495
v 0.00000000 -0.00691003 -0.00638008
v 0.00000000 -0.00702648 -0.00627153
v 0.00000000 -0.00767959 -0.00554440
v 0.00000000 -0.00767111 -0.00555872
v 0.00000000 -0.00732234 -0.00599576
v 0.00000000 -0.00796101 -0.00506956
v 0.00000000 -0.00811873 -0.00470375
v 0.00000000 -0.00820088 -0.00451323
v 0.00000000 -0.00836670 -0.00397089
v 0.00000000 -0.00844006 -0.00360603
v 0.00000000 -0.00849797 -0.00331804
v 0.00000000 -0.00858342 -0.00251804
v 0.00000000 -0.00858513 -0.00246261
v 0.00000000 -0.00862135 -0.00128608
v 0.00000000 -0.00862287 0.00033106
v 0.00000000 -0.00862366 0.00117771
v 0.00000000 -0.00860244 0.00204851
v 0.00000000 -0.00859641 0.00229612
v 0.00000000 -0.00853224 0.00309190
v 0.00000000 -0.00850266 0.00325757
v 0.00000000 -0.00799218 0.00501053
v 0.00000000 -0.00821861 0.00446772
v 0.00000000 -0.00839427 0.00386461
v 0.00000000 -0.00823883 0.00439831
v 0.00000000 -0.00784035 0.00527391
v 0.00000000 -0.00769562 0.00552497
v 0.00000000 -0.00734959 0.00596739
v 0.00000000 -0.00731349 0.00600196
v 0.00000000 -0.00696008 0.00634040
v 0.00000000 -0.00658069 0.00661482
v 0.00000000 -0.00652201 0.00665727
v 0.00000000 -0.00599951 0.00694128
v 0.00000000 -0.00573448 0.00704684
v 0.00000000 -0.00539677 0.00718136
v 0.00000000 -0.00516025 0.00725602
v 0.00000000 -0.00481172 0.00733854
v 0.00000000 -0.00477864 0.00734638
v -0.00000000 -0.00424841 0.00741686
v -0.00000000 -0.00403738 0.00732893
v -0.00000000 -0.00382656 0.00724108
v -0.00000000 -0.00321812 0.00729214
v -0.00000000 -0.00278658 0.00728026
v -0.00000000 -0.00203537 0.00725959
v -0.00000000 -0.00167857 0.00724521
v -0.00000000 -0.00162072 0.00724287
v 0.00130237 0.00116089 0.00698794
v 0.00197400 0.00172445 0.00687081
v 0.00264082 0.00228398 0.00670538
v 0.00323413 0.00278183 0.00651011
v 0.00381391 0.00326832 0.00626567
v 0.00433031 0.00370163 0.00599086
v 0.00482871 0.00411984 0.00565736
v 0.00638687 0.00542729 0.00345704
v 0.00660522 0.00561051 0.00277526
v 0.00676459 0.00574423 0.00207910
v 0.00521181 0.00444129 0.00533708
v 0.00556414 0.00473694 0.00496935
v 0.00586561 0.00498990 0.00456642
v 0.00612187 0.00520492 0.00410711
v 0.00686727 0.00583039 0.00137092
v 0.00691804 0.00587299 0.00068928
v 0.00693278 0.00588535 -0.00000000
v -0.00000000 -0.00074392 0.00717984
v -0.00000000 -0.00037319 0.00714583
v -0.00000000 0.00006807 0.00710536
v 0.00683640 0.00580448 -0.00162645
v 0.00691144 0.00586745 -0.00081741
v 0.00653049 0.00554780 -0.00302989
v 0.00671210 0.00570019 -0.00233768
v 0.00613785 0.00521833 -0.00407070
v 0.00634779 0.00539450 -0.00356008
v 0.00590611 0.00502388 -0.00450142
v 0.00563007 0.00479225 -0.00488814
v 0.00527153 0.00449141 -0.00527898
v 0.00487944 0.00416240 -0.00561712
v 0.00466011 0.00397836 -0.00576078
v 0.00417384 0.00357033 -0.00607926
v 0.00365938 0.00313865 -0.00633521
v 0.00307923 0.00265184 -0.00656440
v 0.00182378 0.00159840 -0.00689944
v 0.00114882 0.00103204 -0.00700665
v 0.00249310 0.00216002 -0.00674503
v 0.00000000 -0.00066342 -0.00716945
v 0.00000000 0.00006806 -0.00710510
v 0.00000000 -0.00137071 -0.00723167
v 0.00000000 -0.00162065 -0.00724082
v 0.00000000 -0.00382918 -0.00724332
v 0.00000000 -0.00321574 -0.00729275
v 0.00000000 -0.00272634 -0.00727681
v 0.00000000 -0.00403982 -0.00733192
v 0.01375832 -0.00243827 -0.00714680
v 0.01489422 -0.00435996 0.00692584
v 0.01365214 -0.00225863 -0.00713251
v 0.01322715 -0.00153965 -0.00705164
v 0.01393660 -0.00273988 -0.00717078
v 0.01400010 -0.00284732 -0.00717345
v 0.01505197 -0.00462685 0.00682053
v 0.01156146 0.00127833 0.00662036
v 0.01153046 0.00133077 0.00660669
v 0.01308394 -0.00129737 -0.00702439
v 0.01414816 -0.00309779 -0.00717703
v 0.01427305 -0.00330908 -0.00716548
v 0.01520657 -0.00488839 0.00669892
v 0.01440808 -0.00353752 -0.00713497
v 0.01445436 -0.00361583 -0.00712451
v 0.01457381 -0.00381790 -0.00708275
v 0.01463455 -0.00392066 -0.00706151
v 0.01473795 -0.00409559 -0.00701258
v 0.01481317 -0.00422285 -0.00697699
v 0.01489989 -0.00436956 -0.00692493
v 0.01499010 -0.00452218 -0.00687078
v 0.01471772 -0.00406137 0.00702105
v 0.01457078 -0.00381279 0.00708190
v 0.00930886 0.00508925 0.00380796
v 0.00930632 0.00509355 0.00379869
v 0.00922522 0.00523075 0.00345876
v 0.00922329 0.00523402 0.00345066
v 0.00913772 0.00537877 0.00302415
v 0.00908444 0.00546892 0.00269944
v 0.00907498 0.00548492 0.00264183
v 0.00894906 0.00569794 0.00140577
v 0.00893190 0.00572698 0.00107696
v 0.00892820 0.00573324 0.00095882
v 0.00891605 0.00575380 0.00057060
v 0.00895001 0.00569634 -0.00141855
v 0.00964782 0.00451581 -0.00480364
v 0.00975270 0.00433837 -0.00501293
v 0.01412856 -0.00306464 -0.00717884
v 0.01401947 -0.00288008 -0.00717426
v 0.01506900 -0.00465567 0.00680916
v 0.01524014 -0.00494520 -0.00668032
v 0.01524014 -0.00494520 0.00667202
v 0.01521543 -0.00490339 -0.00669980
v 0.01505854 -0.00463797 -0.00682348
v 0.01400010 -0.00284732 0.00717345
v 0.01393648 -0.00273968 0.00717077
v 0.01375832 -0.00243827 0.00714680
v 0.01266651 -0.00059117 0.00694252
v 0.01262773 -0.00052556 0.00693492
v 0.01238486 -0.00011468 0.00687892
v 0.01234716 -0.00005089 0.00687022
v 0.01211037 0.00034970 0.00680647
v 0.01207597 0.00040789 0.00679721
v 0.01184377 0.00080073 0.00672383
v 0.01181411 0.00085090 0.00671446
v 0.01158566 0.00123740 0.00662937
v 0.01133667 0.00165864 0.00652118
v 0.01131775 0.00169064 0.00651283
v 0.01109741 0.00206340 0.00639732
v 0.01086899 0.00244984 0.00625553
v 0.01080366 0.00256037 0.00621262
v 0.01065095 0.00281873 0.00609758
v 0.01062766 0.00285813 0.00608003
v 0.01029677 0.00341791 0.00577377
v 0.01025231 0.00349314 0.00572317
v 0.01017397 0.00362567 0.00563401
v 0.01007248 0.00379737 0.00550738
v 0.00998708 0.00394184 0.00539345
v 0.00950251 0.00476164 0.00444840
v 0.00957169 0.00464460 0.00463047
v 0.00962082 0.00456148 0.00474223
v 0.00947628 0.00480600 0.00437939
v 0.00939956 0.00493580 0.00413897
v 0.00921131 0.00525429 0.00339582
v 0.00915056 0.00535706 0.00308897
v 0.00902857 0.00556343 0.00229050
v 0.00902290 0.00557303 0.00224753
v 0.00898375 0.00563926 0.00186300
v 0.00898106 0.00564381 0.00183657
v 0.00895001 0.00569634 0.00141855
v 0.00962082 0.00456148 -0.00474223
v 0.00898106 0.00564381 -0.00183657
v 0.00898375 0.00563926 -0.00186300
v 0.00902290 0.00557303 -0.00224753
v 0.00902857 0.00556343 -0.00229050
v 0.00957169 0.00464460 -0.00463047
v 0.01025231 0.00349314 -0.00572317
v 0.01029677 0.00341791 -0.00577377
v 0.01473353 -0.00408811 0.00701252
v 0.01453787 -0.00375711 0.00709553
v 0.01448488 -0.00366746 0.00711325
v 0.01440660 -0.00353502 0.00713324
v 0.01108248 0.00208866 0.00638949
v 0.01098641 0.00225119 0.00633266
v 0.01045861 0.00314411 0.00593407
v 0.01044498 0.00316717 0.00592056
v 0.00990690 0.00407749 0.00527169
v 0.00986588 0.00414690 0.00520938
v 0.00975534 0.00433390 0.00501752
v 0.00891523 0.00575519 0.00048551
v 0.00891055 0.00576311 0.00000000
v 0.00891523 0.00575519 -0.00048551
v 0.00891605 0.00575380 -0.00057060
v 0.00892820 0.00573324 -0.00095882
v 0.00893190 0.00572698 -0.00107696
v 0.00894906 0.00569794 -0.00140577
v 0.01280020 -0.00081735 -0.00696874
v 0.00950251 0.00476164 -0.00444840
v 0.00907498 0.00548492 -0.00264183
v 0.00908444 0.00546892 -0.00269944
v 0.00975534 0.00433390 -0.00501752
v 0.00986588 0.00414690 -0.00520938
v 0.00990690 0.00407749 -0.00527169
v 0.01044498 0.00316717 -0.00592056
v 0.01045861 0.00314411 -0.00593407
v 0.01062766 0.00285813 -0.00608003
v 0.01065095 0.00281873 -0.00609758
v 0.01080366 0.00256037 -0.00621262
v 0.01086899 0.00244984 -0.00625553
v 0.01430403 -0.00336149 0.00715943
v 0.01427315 -0.00330926 0.00716512
v 0.01414815 -0.00309779 0.00717698
v 0.01014241 0.00367906 0.00559810
v 0.01011607 0.00372362 0.00556554
v 0.00975270 0.00433837 0.00501293
v 0.00964782 0.00451581 0.00480364
v 0.00998708 0.00394184 -0.00539345
v 0.01007248 0.00379737 -0.00550738
v 0.01011607 0.00372362 -0.00556554
v 0.01098641 0.00225119 -0.00633266
v 0.01108248 0.00208866 -0.00638949
v 0.01109741 0.00206340 -0.00639732
v 0.01131775 0.00169064 -0.00651283
v 0.01133667 0.00165864 -0.00652118
v 0.01153046 0.00133077 -0.00660669
v 0.01181411 0.00085090 -0.00671446
v 0.01184377 0.00080073 -0.00672383
v 0.01207597 0.00040789 -0.00679721
v 0.01211037 0.00034970 -0.00680647
v 0.01234716 -0.00005089 -0.00687022
v 0.01238486 -0.00011468 -0.00687892
v 0.01262773 -0.00052556 -0.00693492
v 0.01266651 -0.00059117 -0.00694252
v 0.01412848 -0.00306450 0.00717885
v 0.01401947 -0.00288008 0.00717426
v 0.01365197 -0.00225835 0.00713249
v 0.01322715 -0.00153965 0.00705164
v 0.01308339 -0.00129643 0.00702429
v 0.01280020 -0.00081734 0.00696874
v 0.01014241 0.00367906 -0.00559810
v 0.01017397 0.00362567 -0.00563401
v 0.01156146 0.00127833 -0.00662036
v 0.01158566 0.00123740 -0.00662937
v 0.00922522 0.00523075 -0.00345876
v 0.00915056 0.00535706 -0.00308897
v 0.00922329 0.00523402 -0.00345066
v 0.00921131 0.00525429 -0.00339582
v 0.00930632 0.00509355 -0.00379869
v 0.00930886 0.00508925 -0.00380796
v 0.00939956 0.00493580 -0.00413897
v 0.00913772 0.00537877 -0.00302415
v 0.00947628 0.00480600 -0.00437939
v 0.02600269 -0.00589611 -0.00126656
v 0.02606085 -0.00577563 -0.00122770
v 0.02606934 -0.00589581 -0.00092114
v 0.02317647 -0.00181225 -0.00561454
v 0.02347230 -0.00199847 -0.00545759
v 0.02328521 -0.00261261 -0.00566546
v 0.02277472 -0.00195409 -0.00587315
v 0.02286717 -0.00162873 -0.00575797
v 0.02254517 -0.00144806 -0.00588633
v 0.02614846 -0.00591266 -0.00016639
v 0.02597929 -0.00622804 0.00000000
v 0.02613697 -0.00593432 -0.00019559
v 0.02632022 -0.00086283 0.00000000
v 0.02636425 -0.00104304 0.00000000
v 0.02636842 -0.00105022 -0.00027345
v 0.02615802 -0.00589457 -0.00013147
v 0.02655205 -0.00439341 -0.00054492
v 0.02658669 -0.00400564 -0.00064903
v 0.02660021 -0.00396670 -0.00052796
v 0.02660306 -0.00361560 -0.00075119
v 0.02660337 -0.00322389 -0.00085129
v 0.02662021 -0.00317173 -0.00069189
v 0.02658516 -0.00283113 -0.00094919
v 0.02654631 -0.00243842 -0.00104477
v 0.02656630 -0.00237326 -0.00084842
v 0.02648674 -0.00204694 -0.00113791
v 0.02640637 -0.00165790 -0.00122850
v 0.02642913 -0.00158010 -0.00099678
v 0.02630511 -0.00127246 -0.00131644
v 0.02618298 -0.00089177 -0.00140164
v 0.02620814 -0.00080186 -0.00113634
v 0.02604033 -0.00051689 -0.00148396
v 0.02587759 -0.00014885 -0.00156326
v 0.02590489 -0.00004755 -0.00126637
v 0.02572358 0.00031789 -0.00132760
v 0.02552323 0.00067411 -0.00138607
v 0.02554583 0.00076119 -0.00104876
v 0.02530450 0.00102030 -0.00144134
v 0.02506816 0.00135539 -0.00149395
v 0.02509180 0.00144963 -0.00112990
v 0.02428444 0.00238755 -0.00123715
v 0.02398464 0.00267124 -0.00126853
v 0.02400247 0.00274538 -0.00085000
v 0.02229970 0.00384175 -0.00138564
v 0.02193418 0.00402205 -0.00140213
v 0.02195251 0.00409951 -0.00094081
v 0.02153577 0.00407355 -0.00187175
v 0.02115698 0.00421600 -0.00188991
v 0.02118117 0.00432529 -0.00143192
v 0.02219583 0.00341816 -0.00267424
v 0.02255156 0.00322064 -0.00264285
v 0.02250187 0.00302197 -0.00303054
v 0.02612392 -0.00595837 -0.00021981
v 0.02610959 -0.00598405 -0.00024015
v 0.02620943 -0.00572704 -0.00047956
v 0.02623586 -0.00567419 -0.00043847
v 0.02410152 -0.00101493 -0.00473350
v 0.02382167 -0.00078682 -0.00488511
v 0.02390305 -0.00049245 -0.00470662
v 0.02352735 -0.00056433 -0.00502620
v 0.02321867 -0.00034772 -0.00515557
v 0.02330115 -0.00003734 -0.00496712
v 0.02289651 -0.00013727 -0.00527191
v 0.02256146 0.00006682 -0.00537392
v 0.02264454 0.00038969 -0.00517809
v 0.02221444 0.00026427 -0.00546004
v 0.02185843 0.00045443 -0.00552833
v 0.02194171 0.00078604 -0.00532842
v 0.02082132 0.00095982 -0.00565731
v 0.02046796 0.00110543 -0.00569071
v 0.02054239 0.00144496 -0.00549000
v 0.02048268 0.00467199 0.00000000
v 0.02082164 0.00457395 0.00000000
v 0.02082116 0.00456821 -0.00048804
v 0.01566129 0.00517804 0.00000000
v 0.01646801 0.00510814 0.00000000
v 0.01646679 0.00509690 -0.00052308
v 0.02390867 -0.00571177 -0.00468831
v 0.02389142 -0.00570746 -0.00470343
v 0.02393061 -0.00563122 -0.00472621
v 0.01516204 -0.00353096 -0.00711970
v 0.01534531 -0.00322095 -0.00713731
v 0.01159090 0.00227937 -0.00625133
v 0.01162877 0.00290029 -0.00592725
v 0.01028340 0.00564413 0.00000000
v 0.01028351 0.00563694 -0.00050180
v 0.01028336 0.00561393 -0.00099008
v 0.01028221 0.00557294 -0.00146269
v 0.01027958 0.00551293 -0.00191743
v 0.01027530 0.00543395 -0.00235207
v 0.01026928 0.00533645 -0.00276467
v 0.01026178 0.00522235 -0.00315432
v 0.01025319 0.00509392 -0.00352046
v 0.01024391 0.00495366 -0.00386359
v 0.01023443 0.00480432 -0.00418526
v 0.01022471 0.00464012 -0.00448728
v 0.01021441 0.00445402 -0.00477060
v 0.01020363 0.00424714 -0.00503553
v 0.01019245 0.00402060 -0.00528239
v 0.01018095 0.00377550 -0.00551148
v 0.01166365 0.00346342 -0.00553955
v 0.01164654 0.00318949 -0.00574176
v 0.01161026 0.00259664 -0.00609683
v 0.01157050 0.00194918 -0.00639147
v 0.01154882 0.00160676 -0.00651789
v 0.01296048 0.00089459 -0.00661231
v 0.01299074 0.00125236 -0.00650202
v 0.01289429 0.00014949 -0.00679969
v 0.01292841 0.00052676 -0.00671143
v 0.01285784 -0.00023659 -0.00687693
v 0.01421440 -0.00099962 -0.00696850
v 0.01281879 -0.00063080 -0.00694302
v 0.01351782 -0.00081438 -0.00695023
v 0.01403890 -0.00251129 -0.00714917
v 0.01408005 -0.00214732 -0.00711083
v 0.01412163 -0.00177887 -0.00706765
v 0.01539370 -0.00286797 -0.00712962
v 0.01532107 -0.00339522 -0.00713101
v 0.01665223 -0.00373375 -0.00704397
v 0.01662608 -0.00389610 -0.00701473
v 0.01652802 -0.00387166 -0.00702428
v 0.01623328 -0.00379816 -0.00704617
v 0.01542709 -0.00359711 -0.00710605
v 0.01529749 -0.00356477 -0.00711273
v 0.01760071 -0.00413906 -0.00691986
v 0.01728448 -0.00406023 -0.00695064
v 0.01731203 -0.00390196 -0.00698681
v 0.01727028 -0.00405669 -0.00695203
v 0.01827214 -0.00430639 -0.00683896
v 0.01793906 -0.00422338 -0.00687909
v 0.01796777 -0.00406945 -0.00692019
v 0.01771825 -0.00416835 -0.00690570
v 0.01923351 -0.00454636 -0.00670786
v 0.01858978 -0.00438555 -0.00680038
v 0.01861911 -0.00423693 -0.00684356
v 0.01857658 -0.00438225 -0.00680228
v 0.01990775 -0.00457198 -0.00665791
v 0.01987680 -0.00470668 -0.00660554
v 0.01926587 -0.00440448 -0.00675655
v 0.01947629 -0.00460701 -0.00667297
v 0.01945335 -0.00460128 -0.00667627
v 0.01923545 -0.00454685 -0.00670758
v 0.02051309 -0.00486539 -0.00649132
v 0.02031254 -0.00481513 -0.00653196
v 0.02054475 -0.00473925 -0.00654547
v 0.02030611 -0.00481351 -0.00653326
v 0.02014497 -0.00477341 -0.00656039
v 0.02070300 -0.00491299 -0.00645285
v 0.02086189 -0.00482228 -0.00647310
v 0.02072600 -0.00491869 -0.00644661
v 0.02117370 -0.00490393 -0.00638178
v 0.02113712 -0.00502073 -0.00632986
v 0.02112763 -0.00501836 -0.00633313
v 0.02106538 -0.00500287 -0.00635452
v 0.02099071 -0.00498435 -0.00637479
v 0.02082747 -0.00494386 -0.00641908
v 0.02143994 -0.00509608 -0.00622577
v 0.02147946 -0.00498405 -0.00627327
v 0.02181417 -0.00518956 -0.00606968
v 0.02177885 -0.00506258 -0.00614924
v 0.02191213 -0.00521398 -0.00602178
v 0.02207166 -0.00513947 -0.00601101
v 0.02178540 -0.00518237 -0.00608168
v 0.02173843 -0.00517064 -0.00610127
v 0.02152310 -0.00511685 -0.00619108
v 0.02231492 -0.00531441 -0.00581588
v 0.02229463 -0.00530935 -0.00582725
v 0.02235770 -0.00521471 -0.00585973
v 0.02218932 -0.00528310 -0.00588625
v 0.02202959 -0.00524327 -0.00596435
v 0.02290968 -0.00536031 -0.00552287
v 0.02267046 -0.00540306 -0.00560924
v 0.02256500 -0.00537676 -0.00567578
v 0.02303975 -0.00549511 -0.00536997
v 0.02294891 -0.00547247 -0.00543359
v 0.02286677 -0.00545199 -0.00548541
v 0.02343648 -0.00549987 -0.00514746
v 0.02333791 -0.00556942 -0.00516115
v 0.02325280 -0.00554821 -0.00522076
v 0.02364850 -0.00564680 -0.00491650
v 0.02362434 -0.00564076 -0.00493769
v 0.02368852 -0.00556669 -0.00494307
v 0.02340099 -0.00558513 -0.00511194
v 0.02339508 -0.00558366 -0.00511655
v 0.02374390 -0.00567062 -0.00483283
v 0.02407293 -0.00575274 -0.00452632
v 0.02416195 -0.00569332 -0.00449732
v 0.02412319 -0.00576527 -0.00447676
v 0.02438689 -0.00583105 -0.00419232
v 0.02434468 -0.00582052 -0.00423918
v 0.02438216 -0.00575282 -0.00425698
v 0.02430494 -0.00581061 -0.00428330
v 0.02419022 -0.00578199 -0.00441066
v 0.02478761 -0.00586365 -0.00374423
v 0.02468431 -0.00590524 -0.00382969
v 0.02459085 -0.00580963 -0.00400577
v 0.02455541 -0.00587309 -0.00399100
v 0.02445454 -0.00584792 -0.00411722
v 0.02500626 -0.00585776 -0.00347785
v 0.02494273 -0.00596967 -0.00346430
v 0.02492366 -0.00596492 -0.00349476
v 0.02491335 -0.00596235 -0.00350930
v 0.02475512 -0.00592290 -0.00373273
v 0.02470314 -0.00590994 -0.00380613
v 0.02496276 -0.00597466 -0.00343230
v 0.02517474 -0.00591061 -0.00319502
v 0.02511697 -0.00601304 -0.00318601
v 0.02528915 -0.00605596 -0.00287461
v 0.02527658 -0.00605283 -0.00289746
v 0.02532940 -0.00596025 -0.00290349
v 0.02522135 -0.00603906 -0.00299793
v 0.02512500 -0.00601504 -0.00317318
v 0.02546202 -0.00609924 -0.00251597
v 0.02545879 -0.00609844 -0.00252273
v 0.02546948 -0.00600646 -0.00260375
v 0.02542181 -0.00608917 -0.00260023
v 0.02530217 -0.00605921 -0.00285093
v 0.02566624 -0.00615006 -0.00198212
v 0.02560067 -0.00613380 -0.00217545
v 0.02559418 -0.00604899 -0.00229632
v 0.02555202 -0.00612168 -0.00229492
v 0.02553058 -0.00611633 -0.00234758
v 0.02576313 -0.00617422 -0.00166240
v 0.02571676 -0.00616260 -0.00183317
v 0.02570267 -0.00608759 -0.00198186
v 0.02569536 -0.00615729 -0.00189627
v 0.02567105 -0.00615126 -0.00196793
v 0.02579404 -0.00612202 -0.00166105
v 0.02580608 -0.00618500 -0.00150418
v 0.02581283 -0.00618669 -0.00147933
v 0.02589268 -0.00610718 -0.00132623
v 0.02587896 -0.00620380 -0.00115639
v 0.02585553 -0.00619774 -0.00127079
v 0.02586707 -0.00615197 -0.00133487
v 0.02584199 -0.00619423 -0.00133692
v 0.02596967 -0.00617563 -0.00066586
v 0.02594346 -0.00621888 -0.00067284
v 0.02593474 -0.00621675 -0.00077455
v 0.02594012 -0.00614353 -0.00099729
v 0.02592551 -0.00621462 -0.00083921
v 0.02590160 -0.00620913 -0.00100660
v 0.02588309 -0.00620487 -0.00113623
v 0.02598289 -0.00620386 -0.00033310
v 0.02596854 -0.00622503 -0.00038012
v 0.02595491 -0.00622169 -0.00053916
v 0.02597214 -0.00622604 -0.00025276
v 0.02596976 -0.00622537 -0.00033703
v 0.01171175 0.00418468 -0.00482466
v 0.01169629 0.00396209 -0.00508170
v 0.01168023 0.00372126 -0.00531979
v 0.01181145 0.00551169 0.00000000
v 0.01181137 0.00550356 -0.00051491
v 0.01181059 0.00547760 -0.00101567
v 0.01180834 0.00543150 -0.00149981
v 0.01180413 0.00536414 -0.00196480
v 0.01179778 0.00527561 -0.00240809
v 0.01178921 0.00516643 -0.00282741
v 0.01177874 0.00503868 -0.00322162
v 0.01176680 0.00489486 -0.00358994
v 0.01175384 0.00473769 -0.00393269
v 0.01174042 0.00457018 -0.00425131
v 0.01172650 0.00438779 -0.00454807
v 0.01974984 0.00136139 -0.00574555
v 0.01902052 0.00157002 -0.00578580
v 0.01945189 0.00180887 -0.00556738
v 0.01804693 0.00497134 0.00000000
v 0.01884189 0.00490246 0.00000000
v 0.01804515 0.00495887 -0.00051475
v 0.01883979 0.00488932 -0.00050860
v 0.01803936 0.00492008 -0.00102057
v 0.01883306 0.00484871 -0.00100941
v 0.01802887 0.00485271 -0.00151385
v 0.01882106 0.00477844 -0.00149872
v 0.01801331 0.00475590 -0.00199090
v 0.01880347 0.00467773 -0.00197275
v 0.01799268 0.00463008 -0.00244798
v 0.01878030 0.00454710 -0.00242766
v 0.01796705 0.00447619 -0.00288164
v 0.01875169 0.00438756 -0.00285991
v 0.01793697 0.00429691 -0.00328967
v 0.01871819 0.00420185 -0.00326716
v 0.01790307 0.00409534 -0.00367020
v 0.01868048 0.00399315 -0.00364745
v 0.01786607 0.00387489 -0.00402253
v 0.01863930 0.00376492 -0.00399992
v 0.01782674 0.00363922 -0.00434712
v 0.01859546 0.00352087 -0.00432492
v 0.01778521 0.00338789 -0.00464670
v 0.01854914 0.00326097 -0.00462508
v 0.01774132 0.00311907 -0.00492422
v 0.01850018 0.00298383 -0.00490338
v 0.01769535 0.00283454 -0.00518049
v 0.01844894 0.00269129 -0.00516058
v 0.01764762 0.00253605 -0.00541632
v 0.01839574 0.00238520 -0.00539742
v 0.01759842 0.00222530 -0.00563253
v 0.01834091 0.00206730 -0.00561467
v 0.01754786 0.00190346 -0.00583012
v 0.01828462 0.00173882 -0.00581329
v 0.01898538 0.00489003 0.00000000
v 0.01963961 0.00482284 0.00000000
v 0.01963753 0.00481267 -0.00050121
v 0.01974819 0.00481169 0.00000000
v 0.01908292 0.00190494 -0.00558619
v 0.01914374 0.00222978 -0.00536797
v 0.01951576 0.00213630 -0.00534880
v 0.01920277 0.00254326 -0.00513027
v 0.01957776 0.00245260 -0.00511080
v 0.01925965 0.00284355 -0.00487237
v 0.01963752 0.00275592 -0.00485271
v 0.01931401 0.00312874 -0.00459358
v 0.01969463 0.00304430 -0.00457386
v 0.01936546 0.00339690 -0.00429321
v 0.01974870 0.00331580 -0.00427360
v 0.01941411 0.00364902 -0.00396831
v 0.01979981 0.00357120 -0.00394899
v 0.01945975 0.00388476 -0.00361630
v 0.01984773 0.00380999 -0.00359751
v 0.01950153 0.00410033 -0.00323700
v 0.01989160 0.00402838 -0.00321903
v 0.01953869 0.00429224 -0.00283137
v 0.01993063 0.00422283 -0.00281459
v 0.01957051 0.00445726 -0.00240151
v 0.01996409 0.00439010 -0.00238631
v 0.01959639 0.00459258 -0.00194982
v 0.01999136 0.00452736 -0.00193665
v 0.01961617 0.00469711 -0.00147994
v 0.02001227 0.00463350 -0.00146928
v 0.01962980 0.00477025 -0.00099579
v 0.02002673 0.00470784 -0.00098813
v 0.02003499 0.00475103 -0.00049710
v 0.02003608 0.00475693 0.00000000
v 0.02042985 0.00466956 -0.00049272
v 0.02043224 0.00468158 0.00000000
v 0.01981842 0.00170018 -0.00554521
v 0.01988531 0.00202943 -0.00532636
v 0.01995026 0.00234780 -0.00508818
v 0.02001287 0.00265341 -0.00483003
v 0.02007272 0.00294429 -0.00455128
v 0.02012939 0.00321845 -0.00425130
v 0.02018295 0.00347650 -0.00392718
v 0.02023314 0.00371775 -0.00357645
v 0.02027908 0.00393840 -0.00319905
v 0.02031997 0.00413492 -0.00279606
v 0.02035506 0.00430403 -0.00236964
v 0.02038374 0.00444289 -0.00192231
v 0.02040577 0.00455035 -0.00145774
v 0.02042107 0.00462572 -0.00097991
v 0.01646264 0.00506161 -0.00103508
v 0.01645482 0.00499991 -0.00153264
v 0.01644289 0.00491077 -0.00201231
v 0.01642677 0.00479451 -0.00247059
v 0.01640650 0.00465192 -0.00290429
v 0.01638255 0.00448552 -0.00331143
v 0.01635550 0.00429832 -0.00369043
v 0.01632599 0.00409356 -0.00404086
v 0.01629474 0.00387479 -0.00436347
v 0.01626184 0.00364067 -0.00466105
v 0.01622703 0.00338847 -0.00493647
v 0.01619056 0.00311981 -0.00519059
v 0.01615268 0.00283632 -0.00542430
v 0.01611360 0.00253956 -0.00563849
v 0.01607340 0.00223058 -0.00583421
v 0.01603209 0.00191026 -0.00601262
v 0.01335108 0.00537826 0.00000000
v 0.01490300 0.00524376 0.00000000
v 0.01335070 0.00536916 -0.00052286
v 0.01490225 0.00523364 -0.00052578
v 0.01334905 0.00534024 -0.00103155
v 0.01489947 0.00520163 -0.00103857
v 0.01334531 0.00528908 -0.00152331
v 0.01489388 0.00514533 -0.00153530
v 0.01333902 0.00521457 -0.00199532
v 0.01488501 0.00506363 -0.00201284
v 0.01333000 0.00511682 -0.00244474
v 0.01487273 0.00495672 -0.00246799
v 0.01331820 0.00499643 -0.00286900
v 0.01485704 0.00482528 -0.00289787
v 0.01330400 0.00485564 -0.00326672
v 0.01483834 0.00467172 -0.00330082
v 0.01328784 0.00469713 -0.00363691
v 0.01481715 0.00449886 -0.00367555
v 0.01479408 0.00430982 -0.00402191
v 0.02117095 0.00080253 -0.00561958
v 0.02089844 0.00129853 -0.00545658
v 0.02229772 0.00059199 -0.00526170
v 0.02297933 0.00017981 -0.00507942
v 0.02360935 -0.00026153 -0.00484245
v 0.02436536 -0.00124807 -0.00457300
v 0.02418209 -0.00072977 -0.00456074
v 0.02469251 -0.00122177 -0.00424445
v 0.02476802 -0.00096195 -0.00407054
v 0.02492597 -0.00147556 -0.00407301
v 0.02499978 -0.00122674 -0.00390659
v 0.02514403 -0.00173257 -0.00388893
v 0.02521579 -0.00149544 -0.00373069
v 0.02534503 -0.00199438 -0.00369673
v 0.02541445 -0.00176943 -0.00354704
v 0.02559463 -0.00204818 -0.00335716
v 0.02484050 -0.00070806 -0.00388241
v 0.02490963 -0.00046176 -0.00367958
v 0.02507061 -0.00098351 -0.00372656
v 0.02513812 -0.00074746 -0.00353246
v 0.02528460 -0.00126358 -0.00355952
v 0.02535017 -0.00103850 -0.00337494
v 0.02548100 -0.00154943 -0.00338510
v 0.02554439 -0.00133579 -0.00321043
v 0.02565872 -0.00184045 -0.00320469
v 0.02571976 -0.00163868 -0.00304018
v 0.02581726 -0.00213551 -0.00301840
v 0.02587577 -0.00194601 -0.00286430
v 0.02595643 -0.00243389 -0.00282667
v 0.02601221 -0.00225703 -0.00268318
v 0.02607610 -0.00273489 -0.00262995
v 0.02612891 -0.00257098 -0.00249725
v 0.02622591 -0.00288696 -0.00230678
v 0.02633016 -0.00518903 -0.00095474
v 0.02628073 -0.00530275 -0.00102546
v 0.02635571 -0.00491186 -0.00119007
v 0.02629689 -0.00505533 -0.00127921
v 0.02636121 -0.00463087 -0.00142324
v 0.02629332 -0.00480406 -0.00153091
v 0.02634890 -0.00434690 -0.00165365
v 0.02627205 -0.00454968 -0.00177990
v 0.02632033 -0.00406043 -0.00188100
v 0.02623448 -0.00429264 -0.00202583
v 0.02627402 -0.00377199 -0.00210497
v 0.02617941 -0.00403344 -0.00226834
v 0.02620868 -0.00348242 -0.00232517
v 0.02610578 -0.00377285 -0.00250699
v 0.02612425 -0.00319263 -0.00254123
v 0.02601357 -0.00351170 -0.00274134
v 0.02602066 -0.00290350 -0.00275279
v 0.02590275 -0.00325077 -0.00297103
v 0.02589786 -0.00261587 -0.00295956
v 0.02577326 -0.00299082 -0.00319567
v 0.02575582 -0.00233054 -0.00316117
v 0.02562508 -0.00273254 -0.00341489
v 0.02545827 -0.00247650 -0.00362812
v 0.02527292 -0.00222325 -0.00383481
v 0.02506954 -0.00197389 -0.00403483
v 0.02484937 -0.00172885 -0.00422643
v 0.02461420 -0.00148633 -0.00440471
v 0.02628215 -0.00546129 -0.00071782
v 0.02631891 -0.00538042 -0.00065566
v 0.02637609 -0.00507972 -0.00087123
v 0.02641021 -0.00477402 -0.00108503
v 0.02642397 -0.00446455 -0.00129653
v 0.02641980 -0.00415225 -0.00150527
v 0.02639942 -0.00383764 -0.00171095
v 0.02636109 -0.00352127 -0.00191332
v 0.02630328 -0.00320404 -0.00211204
v 0.02497507 -0.00022476 -0.00346164
v 0.02503648 0.00000121 -0.00322812
v 0.02520201 -0.00052024 -0.00332383
v 0.02526195 -0.00030350 -0.00310024
v 0.02541219 -0.00082177 -0.00317647
v 0.02547035 -0.00061495 -0.00296365
v 0.02560432 -0.00113001 -0.00302253
v 0.02566051 -0.00093358 -0.00282093
v 0.02577746 -0.00144426 -0.00286313
v 0.02583153 -0.00125861 -0.00267305
v 0.02593108 -0.00176336 -0.00269836
v 0.02598290 -0.00158889 -0.00252008
v 0.02606493 -0.00208651 -0.00252859
v 0.02611435 -0.00192356 -0.00236238
v 0.02617884 -0.00241289 -0.00235418
v 0.02622564 -0.00226178 -0.00220025
v 0.02631680 -0.00260255 -0.00203393
v 0.02641756 -0.00497757 -0.00077277
v 0.02645932 -0.00464528 -0.00096146
v 0.02648040 -0.00430931 -0.00114783
v 0.02648345 -0.00397068 -0.00133146
v 0.02647033 -0.00362995 -0.00151214
v 0.02643907 -0.00328768 -0.00168962
v 0.02638791 -0.00294486 -0.00186364
v 0.02645389 -0.00488566 -0.00065525
v 0.02650225 -0.00452949 -0.00081445
v 0.02652967 -0.00416973 -0.00097140
v 0.02653893 -0.00380750 -0.00112580
v 0.02650240 -0.00353354 -0.00139987
v 0.02647431 -0.00317930 -0.00156352
v 0.02642615 -0.00282465 -0.00172384
v 0.02635785 -0.00247068 -0.00188059
v 0.02626931 -0.00211847 -0.00203357
v 0.02616045 -0.00176907 -0.00218259
v 0.02603126 -0.00142349 -0.00232743
v 0.02588198 -0.00108265 -0.00246781
v 0.02571294 -0.00074744 -0.00260344
v 0.02552465 -0.00041901 -0.00273424
v 0.02531794 -0.00009819 -0.00285938
v 0.02509387 0.00021522 -0.00297671
v 0.02514701 0.00041541 -0.00270559
v 0.02536975 0.00009386 -0.00259950
v 0.02557489 -0.00023573 -0.00248651
v 0.02576144 -0.00057334 -0.00236838
v 0.02592863 -0.00091808 -0.00224577
v 0.02607595 -0.00126880 -0.00211879
v 0.02620306 -0.00162457 -0.00198769
v 0.02630967 -0.00198444 -0.00185270
v 0.02639579 -0.00234735 -0.00171400
v 0.02646151 -0.00271222 -0.00157177
v 0.02650692 -0.00307793 -0.00142618
v 0.02653209 -0.00344337 -0.00127745
v 0.02061503 0.00177554 -0.00527094
v 0.02097373 0.00162860 -0.00523761
v 0.02068559 0.00209579 -0.00503280
v 0.02104687 0.00194864 -0.00499970
v 0.02075363 0.00240378 -0.00477499
v 0.02111741 0.00225671 -0.00474230
v 0.02081870 0.00269750 -0.00449694
v 0.02118489 0.00255077 -0.00446488
v 0.02088034 0.00297493 -0.00419809
v 0.02124882 0.00282879 -0.00416691
v 0.02093857 0.00323633 -0.00387561
v 0.02130920 0.00309089 -0.00384559
v 0.02099308 0.00348071 -0.00352709
v 0.02136571 0.00333592 -0.00349858
v 0.02104297 0.00370426 -0.00315264
v 0.02141743 0.00356009 -0.00312602
v 0.02108742 0.00390344 -0.00275342
v 0.02146352 0.00375987 -0.00272914
v 0.02125048 0.00113964 -0.00541894
v 0.02159598 0.00096886 -0.00537717
v 0.02132814 0.00146845 -0.00520021
v 0.02167585 0.00129562 -0.00515879
v 0.02140360 0.00178753 -0.00496270
v 0.02175347 0.00161299 -0.00492183
v 0.02147639 0.00209494 -0.00470590
v 0.02182836 0.00191900 -0.00466580
v 0.02154601 0.00238864 -0.00442931
v 0.02190002 0.00221161 -0.00439025
v 0.02161199 0.00266659 -0.00413245
v 0.02196793 0.00248878 -0.00409471
v 0.02167429 0.00292874 -0.00381254
v 0.02203205 0.00275033 -0.00377646
v 0.02173257 0.00317383 -0.00346731
v 0.02209201 0.00299487 -0.00343329
v 0.02178591 0.00339808 -0.00309697
v 0.02214690 0.00321864 -0.00306546
v 0.02183346 0.00359797 -0.00270276
v 0.02202302 0.00111002 -0.00511075
v 0.02237885 0.00091242 -0.00504587
v 0.02210201 0.00142495 -0.00487472
v 0.02245750 0.00122415 -0.00481197
v 0.02217819 0.00172886 -0.00461988
v 0.02253321 0.00152523 -0.00455956
v 0.02225106 0.00201971 -0.00434579
v 0.02260550 0.00181360 -0.00428825
v 0.02232010 0.00229545 -0.00405204
v 0.02267389 0.00208722 -0.00399760
v 0.02238525 0.00255577 -0.00373593
v 0.02273833 0.00234567 -0.00368499
v 0.02244615 0.00279919 -0.00339533
v 0.02279847 0.00258735 -0.00334832
v 0.02285343 0.00280859 -0.00298791
v 0.02290237 0.00300592 -0.00260508
v 0.02272531 0.00070562 -0.00496510
v 0.02305968 0.00049030 -0.00487015
v 0.02280345 0.00101321 -0.00473439
v 0.02313729 0.00079279 -0.00464354
v 0.02287853 0.00131050 -0.00448553
v 0.02321173 0.00108536 -0.00439919
v 0.02295009 0.00159547 -0.00421812
v 0.02328256 0.00136598 -0.00413668
v 0.02301768 0.00186608 -0.00393176
v 0.02334937 0.00163267 -0.00385562
v 0.02308126 0.00212179 -0.00362384
v 0.02341213 0.00188477 -0.00355344
v 0.02314053 0.00236094 -0.00329231
v 0.02347054 0.00212056 -0.00322812
v 0.02319461 0.00257987 -0.00293751
v 0.02352378 0.00233645 -0.00288002
v 0.02324271 0.00277520 -0.00256076
v 0.02357109 0.00252909 -0.00251045
v 0.02338103 0.00026678 -0.00476234
v 0.02345805 0.00056324 -0.00454066
v 0.02353183 0.00085016 -0.00430166
v 0.02360194 0.00112555 -0.00404494
v 0.02366797 0.00138743 -0.00377009
v 0.02372992 0.00163508 -0.00347459
v 0.02378752 0.00186672 -0.00315645
v 0.02383995 0.00207883 -0.00281603
v 0.02388650 0.00226812 -0.00245462
v 0.02368866 0.00003532 -0.00464284
v 0.02376502 0.00032487 -0.00442680
v 0.02383807 0.00060526 -0.00419391
v 0.02390741 0.00087454 -0.00394376
v 0.02397265 0.00113076 -0.00367594
v 0.02403378 0.00137315 -0.00338796
v 0.02409055 0.00159987 -0.00307787
v 0.02414219 0.00180750 -0.00274602
v 0.02418799 0.00199280 -0.00239367
v 0.02398167 -0.00020371 -0.00451277
v 0.02425984 -0.00044995 -0.00437316
v 0.02405729 0.00007807 -0.00430300
v 0.02433456 -0.00017673 -0.00417021
v 0.02412955 0.00035107 -0.00407687
v 0.02440590 0.00008810 -0.00395142
v 0.02419806 0.00061340 -0.00383398
v 0.02447348 0.00034270 -0.00371640
v 0.02426247 0.00086316 -0.00357391
v 0.02453697 0.00058523 -0.00346470
v 0.02432276 0.00109950 -0.00329420
v 0.02459635 0.00081480 -0.00319391
v 0.02437871 0.00132058 -0.00299292
v 0.02465140 0.00102954 -0.00290214
v 0.02442954 0.00152304 -0.00267044
v 0.02470140 0.00122621 -0.00258974
v 0.02447460 0.00170374 -0.00232797
v 0.02474569 0.00140175 -0.00225789
v 0.02444495 -0.00097288 -0.00440634
v 0.02452172 -0.00070272 -0.00422544
v 0.02459544 -0.00043883 -0.00402971
v 0.02466578 -0.00018293 -0.00381872
v 0.02473239 0.00006320 -0.00359203
v 0.02479493 0.00029777 -0.00334921
v 0.02485339 0.00051987 -0.00308788
v 0.02490755 0.00072762 -0.00280620
v 0.02495673 0.00091789 -0.00250447
v 0.02500026 0.00108772 -0.00218386
v 0.02190809 0.00391202 -0.00185218
v 0.02227275 0.00373178 -0.00183117
v 0.02262967 0.00353311 -0.00180835
v 0.02336301 0.00326711 -0.00088714
v 0.02368915 0.00301455 -0.00086941
v 0.02367098 0.00293918 -0.00129746
v 0.02158889 0.00430568 -0.00047777
v 0.02157862 0.00426058 -0.00095158
v 0.02156097 0.00418335 -0.00141755
v 0.02119808 0.00440210 -0.00096166
v 0.02120787 0.00444690 -0.00048307
v 0.02121312 0.00446072 0.00000000
v 0.02158886 0.00431188 0.00000000
v 0.02196565 0.00415755 0.00000000
v 0.02232939 0.00397153 0.00000000
v 0.02232977 0.00396459 -0.00046618
v 0.02192160 0.00418008 0.00000000
v 0.02196319 0.00414479 -0.00047215
v 0.02231868 0.00391924 -0.00092934
v 0.02265708 0.00364277 -0.00136785
v 0.02297920 0.00331645 -0.00178167
v 0.02267640 0.00372010 -0.00091704
v 0.02300611 0.00342553 -0.00134734
v 0.02331810 0.00308271 -0.00175082
v 0.02369977 0.00305880 -0.00043570
v 0.02337386 0.00331189 -0.00044463
v 0.02303616 0.00354762 -0.00045269
v 0.02260267 0.00383177 0.00000000
v 0.02268913 0.00377659 0.00000000
v 0.02268772 0.00376539 -0.00045982
v 0.02302507 0.00350249 -0.00090306
v 0.02334446 0.00319080 -0.00132380
v 0.02364512 0.00283248 -0.00171614
v 0.02395925 0.00256632 -0.00167790
v 0.02425951 0.00228478 -0.00163634
v 0.02454492 0.00198852 -0.00159168
v 0.02458661 0.00215966 -0.00080652
v 0.02485571 0.00184470 -0.00078263
v 0.02483882 0.00177582 -0.00116769
v 0.02481476 0.00167842 -0.00154414
v 0.02456942 0.00208878 -0.00120349
v 0.02430194 0.00246019 -0.00082900
v 0.02401287 0.00278893 -0.00042596
v 0.02532769 0.00111110 -0.00109031
v 0.02486556 0.00188518 -0.00039230
v 0.02459664 0.00220132 -0.00040422
v 0.02431215 0.00250287 -0.00041546
v 0.02401107 0.00279768 0.00000000
v 0.02510841 0.00151627 -0.00075742
v 0.02534399 0.00117530 -0.00073102
v 0.02511810 0.00155544 -0.00037974
v 0.02535350 0.00121303 -0.00036657
v 0.02557099 0.00085893 -0.00035279
v 0.02556608 0.00086614 0.00000000
v 0.02574808 0.00055332 0.00000000
v 0.02574548 0.00040094 -0.00100489
v 0.02556171 0.00082275 -0.00070335
v 0.02576086 0.00045964 -0.00067418
v 0.02576985 0.00049412 -0.00033830
v 0.02577061 0.00050439 0.00000000
v 0.02511393 0.00156300 0.00000000
v 0.02535626 0.00122513 0.00000000
v 0.02536133 0.00121805 0.00000000
v 0.02431186 0.00251302 0.00000000
v 0.02440766 0.00242236 0.00000000
v 0.02459347 0.00220932 0.00000000
v 0.02486640 0.00189637 0.00000000
v 0.02491383 0.00184200 0.00000000
v 0.02303545 0.00355555 0.00000000
v 0.02324838 0.00341964 0.00000000
v 0.02337372 0.00332182 0.00000000
v 0.02369904 0.00306790 0.00000000
v 0.02385023 0.00294989 0.00000000
v 0.02112564 0.00407497 -0.00233165
v 0.02150319 0.00393197 -0.00231018
v 0.02187441 0.00377024 -0.00228696
v 0.02223802 0.00359015 -0.00226194
v 0.02259439 0.00339196 -0.00223458
v 0.02294452 0.00317615 -0.00220213
v 0.02328409 0.00294374 -0.00216434
v 0.02361174 0.00269535 -0.00212165
v 0.02392646 0.00243152 -0.00207442
v 0.02422728 0.00215278 -0.00202298
v 0.02451325 0.00185977 -0.00196761
v 0.02478365 0.00155332 -0.00190860
v 0.02503758 0.00123436 -0.00184628
v 0.02527451 0.00090369 -0.00178096
v 0.02549401 0.00056226 -0.00171227
v 0.02569528 0.00021120 -0.00163946
v 0.02606658 -0.00042118 -0.00120260
v 0.02650816 -0.00197541 -0.00092366
v 0.02632911 -0.00118853 -0.00106770
v 0.02519523 0.00059875 -0.00241507
v 0.02523793 0.00076239 -0.00210624
v 0.02541676 0.00026974 -0.00232088
v 0.02545837 0.00042672 -0.00202454
v 0.02562044 -0.00006789 -0.00222071
v 0.02566076 0.00008189 -0.00193780
v 0.02580540 -0.00041391 -0.00211594
v 0.02584429 -0.00027165 -0.00184704
v 0.02597091 -0.00076739 -0.00200712
v 0.02600830 -0.00063293 -0.00175269
v 0.02611646 -0.00112717 -0.00189434
v 0.02615229 -0.00100081 -0.00165483
v 0.02624168 -0.00149228 -0.00177780
v 0.02627584 -0.00137427 -0.00155363
v 0.02634626 -0.00186174 -0.00165771
v 0.02637863 -0.00175230 -0.00144926
v 0.02643020 -0.00223446 -0.00153423
v 0.02646064 -0.00213377 -0.00134184
v 0.02649358 -0.00260931 -0.00140749
v 0.02652197 -0.00251754 -0.00123150
v 0.02653650 -0.00298516 -0.00127765
v 0.02656269 -0.00290244 -0.00111836
v 0.02655903 -0.00336085 -0.00114489
v 0.02658289 -0.00328729 -0.00100258
v 0.02658462 -0.00367101 -0.00088432
v 0.02625986 -0.00562474 -0.00038973
v 0.02628098 -0.00558022 -0.00033115
v 0.02629850 -0.00554302 -0.00026137
v 0.02635219 -0.00530481 -0.00058214
v 0.02638141 -0.00523674 -0.00049412
v 0.02640561 -0.00517987 -0.00038960
v 0.02624271 -0.00554540 -0.00077036
v 0.02618116 -0.00578200 -0.00051420
v 0.02609432 -0.00601075 -0.00025724
v 0.02648393 -0.00480883 -0.00051613
v 0.02653770 -0.00443268 -0.00064091
v 0.02657028 -0.00405301 -0.00076372
v 0.02649612 -0.00477769 -0.00043903
v 0.02656388 -0.00436114 -0.00044347
v 0.02660362 -0.00277244 -0.00077113
v 0.02594952 0.00011969 -0.00032310
v 0.02594449 0.00012676 0.00000000
v 0.02606846 -0.00014248 0.00000000
v 0.02592601 0.00003128 -0.00095892
v 0.02608689 -0.00034672 -0.00091099
v 0.02594085 0.00008698 -0.00064361
v 0.02610116 -0.00029413 -0.00061170
v 0.02610951 -0.00026326 -0.00030721
v 0.02610770 -0.00025476 0.00000000
v 0.02622761 -0.00073193 -0.00086115
v 0.02634769 -0.00112328 -0.00080947
v 0.02624130 -0.00068256 -0.00057848
v 0.02636077 -0.00107723 -0.00054400
v 0.02624931 -0.00065360 -0.00029065
v 0.02624468 -0.00064668 0.00000000
v 0.02646643 -0.00145200 -0.00025563
v 0.02646255 -0.00144538 0.00000000
v 0.02650297 -0.00161084 0.00000000
v 0.02644675 -0.00151964 -0.00075603
v 0.02652476 -0.00191984 -0.00070087
v 0.02645916 -0.00147699 -0.00050830
v 0.02653646 -0.00188066 -0.00047142
v 0.02654332 -0.00185772 -0.00023719
v 0.02653763 -0.00185139 0.00000000
v 0.02659914 -0.00226615 -0.00021816
v 0.02659650 -0.00226004 0.00000000
v 0.02661329 -0.00237655 0.00000000
v 0.02658180 -0.00232266 -0.00064405
v 0.02661795 -0.00272688 -0.00058563
v 0.02659273 -0.00228701 -0.00043339
v 0.02662806 -0.00269480 -0.00039426
v 0.02663400 -0.00267604 -0.00019855
v 0.02662729 -0.00267035 0.00000000
v 0.02661823 -0.00357002 -0.00061080
v 0.02663329 -0.00313126 -0.00052568
v 0.02663002 -0.00353468 -0.00046428
v 0.02664252 -0.00310278 -0.00035406
v 0.02663835 -0.00350984 -0.00031284
v 0.02661073 -0.00393652 -0.00040149
v 0.02657310 -0.00433616 -0.00033739
v 0.02661817 -0.00391533 -0.00027065
v 0.02657964 -0.00431863 -0.00022755
v 0.02642358 -0.00513793 -0.00027009
v 0.02643449 -0.00511312 -0.00013885
v 0.02631155 -0.00551564 -0.00018137
v 0.02631951 -0.00549949 -0.00009333
v 0.02616516 -0.00588128 -0.00009133
v 0.02616954 -0.00587348 -0.00004705
v 0.02611538 -0.00598569 0.00000000
v 0.02664685 -0.00308088 0.00000000
v 0.02665000 -0.00314705 0.00000000
v 0.02664795 -0.00308615 -0.00017838
v 0.02664324 -0.00349060 0.00000000
v 0.02664122 -0.00359330 0.00000000
v 0.02652203 -0.00470748 0.00000000
v 0.02650592 -0.00480342 0.00000000
v 0.02651962 -0.00471848 -0.00018359
v 0.02651403 -0.00473234 -0.00027209
v 0.02650618 -0.00475212 -0.00035747
v 0.02643711 -0.00510506 0.00000000
v 0.02642922 -0.00513966 0.00000000
v 0.02633790 -0.00544801 0.00000000
v 0.02662180 -0.00389882 0.00000000
v 0.02661335 -0.00403187 0.00000000
v 0.02658247 -0.00430486 0.00000000
v 0.02656769 -0.00443548 0.00000000
v 0.02314718 -0.00484463 -0.00561193
v 0.02305194 -0.00506037 -0.00559462
v 0.02287435 -0.00475040 -0.00579568
v 0.02277913 -0.00497531 -0.00577519
v 0.02259212 -0.00465448 -0.00596823
v 0.02249788 -0.00488852 -0.00594466
v 0.02230126 -0.00455700 -0.00612808
v 0.02220875 -0.00480007 -0.00610173
v 0.02200155 -0.00445782 -0.00627375
v 0.02191156 -0.00470986 -0.00624498
v 0.02169333 -0.00435695 -0.00640380
v 0.02160658 -0.00461790 -0.00637307
v 0.02137685 -0.00425439 -0.00651666
v 0.02129406 -0.00452420 -0.00648451
v 0.02105256 -0.00415017 -0.00661042
v 0.02097437 -0.00442881 -0.00657748
v 0.02072231 -0.00404461 -0.00668290
v 0.02064898 -0.00433198 -0.00664993
v 0.02000879 -0.00413956 -0.00675504
v 0.01994063 -0.00443128 -0.00669986
v 0.01929798 -0.00425629 -0.00679493
v 0.02295694 -0.00526383 -0.00555483
v 0.02268426 -0.00518760 -0.00573124
v 0.02240418 -0.00510967 -0.00589672
v 0.02211704 -0.00503009 -0.00605020
v 0.02182268 -0.00494880 -0.00619035
v 0.02152133 -0.00486580 -0.00631593
v 0.02121320 -0.00478113 -0.00642557
v 0.02089863 -0.00469484 -0.00651755
v 0.02057861 -0.00460712 -0.00658999
v 0.02322310 -0.00533864 -0.00536911
v 0.02324347 -0.00461346 -0.00561149
v 0.02297078 -0.00450962 -0.00579761
v 0.02268779 -0.00440425 -0.00597249
v 0.02239547 -0.00429749 -0.00613446
v 0.02209356 -0.00418921 -0.00628201
v 0.02178250 -0.00407940 -0.00641361
v 0.02146251 -0.00396806 -0.00652762
v 0.02113412 -0.00385523 -0.00662208
v 0.02079952 -0.00374128 -0.00669469
v 0.02007963 -0.00383652 -0.00678408
v 0.01936424 -0.00395030 -0.00684360
v 0.02334217 -0.00436168 -0.00559536
v 0.02306980 -0.00424764 -0.00578313
v 0.02278632 -0.00413232 -0.00595966
v 0.02249284 -0.00401590 -0.00612317
v 0.02218911 -0.00389823 -0.00627212
v 0.02187561 -0.00377932 -0.00640490
v 0.02155260 -0.00365916 -0.00651985
v 0.02122064 -0.00353779 -0.00661495
v 0.02088221 -0.00341564 -0.00668780
v 0.02015413 -0.00351829 -0.00679288
v 0.01943269 -0.00363402 -0.00686729
v 0.02344453 -0.00408479 -0.00556303
v 0.02317270 -0.00395980 -0.00575168
v 0.02288902 -0.00383388 -0.00592916
v 0.02259473 -0.00370724 -0.00609360
v 0.02228957 -0.00357974 -0.00624341
v 0.02197407 -0.00345141 -0.00637697
v 0.02164853 -0.00332221 -0.00649256
v 0.02131353 -0.00319223 -0.00658815
v 0.02097181 -0.00306192 -0.00666130
v 0.02023398 -0.00317828 -0.00678395
v 0.01950441 -0.00330348 -0.00687195
v 0.01958114 -0.00295190 -0.00686005
v 0.02032070 -0.00281042 -0.00675611
v 0.02106225 -0.00270447 -0.00661713
v 0.02140686 -0.00284257 -0.00654382
v 0.02174450 -0.00298088 -0.00644799
v 0.02207223 -0.00311888 -0.00633214
v 0.02238943 -0.00325650 -0.00619831
v 0.02269578 -0.00339376 -0.00604822
v 0.02299070 -0.00353062 -0.00588354
v 0.02327444 -0.00366720 -0.00570585
v 0.02354565 -0.00380326 -0.00551708
v 0.02390393 -0.00366767 -0.00526095
v 0.02360495 -0.00447496 -0.00539797
v 0.02370607 -0.00420939 -0.00536481
v 0.02385945 -0.00458704 -0.00518906
v 0.02395885 -0.00433310 -0.00515486
v 0.02410373 -0.00469650 -0.00496471
v 0.02420095 -0.00445439 -0.00492917
v 0.02433562 -0.00480515 -0.00472882
v 0.02443016 -0.00457530 -0.00469220
v 0.02464517 -0.00469581 -0.00444578
v 0.01983125 -0.00181233 -0.00672113
v 0.01991371 -0.00143487 -0.00664365
v 0.02058195 -0.00170063 -0.00657278
v 0.02066831 -0.00133335 -0.00648143
v 0.02133290 -0.00163310 -0.00638907
v 0.02142247 -0.00127796 -0.00628357
v 0.02168400 -0.00179208 -0.00631599
v 0.02177507 -0.00144310 -0.00621084
v 0.02202740 -0.00195323 -0.00622102
v 0.02211975 -0.00161116 -0.00611666
v 0.02235987 -0.00211595 -0.00610663
v 0.02245323 -0.00178154 -0.00600346
v 0.02268064 -0.00228012 -0.00597479
v 0.01999550 -0.00105991 -0.00655191
v 0.02075416 -0.00096823 -0.00637579
v 0.02151147 -0.00092480 -0.00616336
v 0.02186528 -0.00109570 -0.00609113
v 0.02221094 -0.00127032 -0.00599801
v 0.02031465 0.00040414 -0.00604031
v 0.02039197 0.00075810 -0.00587388
v 0.02108981 0.00045828 -0.00580285
v 0.01966451 -0.00257290 -0.00683022
v 0.01974817 -0.00219182 -0.00678359
v 0.02040805 -0.00243964 -0.00671097
v 0.02049516 -0.00206955 -0.00664957
v 0.02115267 -0.00234687 -0.00655645
v 0.02124292 -0.00198958 -0.00648014
v 0.02149979 -0.00249234 -0.00648308
v 0.02159220 -0.00214202 -0.00640685
v 0.02183968 -0.00263861 -0.00638729
v 0.02193402 -0.00229590 -0.00631134
v 0.02216930 -0.00278514 -0.00627156
v 0.02226520 -0.00245067 -0.00619611
v 0.02248793 -0.00293184 -0.00613794
v 0.02258502 -0.00260622 -0.00606316
v 0.02279525 -0.00307871 -0.00598815
v 0.02289312 -0.00276253 -0.00591421
v 0.02309065 -0.00322570 -0.00582386
v 0.02298931 -0.00244570 -0.00582719
v 0.02318883 -0.00291955 -0.00575092
v 0.02356848 -0.00278086 -0.00549115
v 0.02337435 -0.00337290 -0.00564665
v 0.02364489 -0.00352004 -0.00545850
v 0.02383758 -0.00295011 -0.00530626
v 0.02375477 -0.00218736 -0.00528858
v 0.02402225 -0.00237846 -0.00510944
v 0.02007658 -0.00068795 -0.00644615
v 0.02083936 -0.00060588 -0.00625550
v 0.02159975 -0.00057424 -0.00602812
v 0.02195449 -0.00075051 -0.00595657
v 0.02230084 -0.00093135 -0.00586477
v 0.02263560 -0.00111614 -0.00575497
v 0.02295791 -0.00130467 -0.00562899
v 0.02326726 -0.00149684 -0.00548836
v 0.02356288 -0.00169246 -0.00533459
v 0.02393270 -0.00159684 -0.00503707
v 0.02015685 -0.00031958 -0.00632593
v 0.02092379 -0.00024691 -0.00612020
v 0.02168716 -0.00022690 -0.00587753
v 0.02204255 -0.00040817 -0.00580685
v 0.02238936 -0.00059489 -0.00571664
v 0.02272441 -0.00078643 -0.00560908
v 0.02304684 -0.00098255 -0.00548589
v 0.02335610 -0.00118312 -0.00534854
v 0.02365139 -0.00138794 -0.00519849
v 0.02419842 -0.00180932 -0.00486609
v 0.02023623 0.00004465 -0.00619081
v 0.02100733 0.00010808 -0.00596948
v 0.02177348 0.00011638 -0.00571115
v 0.02212929 -0.00006952 -0.00564155
v 0.02247631 -0.00026178 -0.00555323
v 0.02281146 -0.00045975 -0.00544826
v 0.02313383 -0.00066318 -0.00532828
v 0.02344286 -0.00087191 -0.00519469
v 0.02373772 -0.00108569 -0.00504886
v 0.02401833 -0.00130432 -0.00489207
v 0.02428312 -0.00152723 -0.00472605
v 0.02482457 -0.00580192 -0.00375154
v 0.02463019 -0.00574324 -0.00401563
v 0.02442359 -0.00568187 -0.00426967
v 0.02420516 -0.00561791 -0.00451308
v 0.02397521 -0.00555146 -0.00474526
v 0.02373416 -0.00548274 -0.00496567
v 0.02348287 -0.00541186 -0.00517368
v 0.02341186 -0.00493763 -0.00541861
v 0.02350727 -0.00471626 -0.00541575
v 0.02366923 -0.00502907 -0.00521444
v 0.02376329 -0.00481765 -0.00520876
v 0.02391726 -0.00511781 -0.00499592
v 0.02400953 -0.00491631 -0.00498681
v 0.02415395 -0.00520501 -0.00476538
v 0.02424390 -0.00501378 -0.00475307
v 0.02437818 -0.00529061 -0.00452407
v 0.02446520 -0.00511002 -0.00450901
v 0.02458954 -0.00537417 -0.00427241
v 0.02467300 -0.00520448 -0.00425503
v 0.02486713 -0.00529708 -0.00399181
v 0.02552059 -0.00591820 -0.00259496
v 0.02538673 -0.00586137 -0.00289618
v 0.02523804 -0.00580124 -0.00318979
v 0.02507517 -0.00573808 -0.00347530
v 0.02489869 -0.00567211 -0.00375222
v 0.02470903 -0.00560351 -0.00402010
v 0.02450662 -0.00553245 -0.00427845
v 0.02429172 -0.00545902 -0.00452666
v 0.02406462 -0.00538331 -0.00476409
v 0.02382572 -0.00530566 -0.00499025
v 0.02357601 -0.00522615 -0.00520419
v 0.02331739 -0.00514406 -0.00540458
v 0.02573243 -0.00549758 -0.00250090
v 0.02562402 -0.00572577 -0.00255742
v 0.02562328 -0.00538940 -0.00279832
v 0.02550241 -0.00564548 -0.00285839
v 0.02549824 -0.00527850 -0.00309009
v 0.02536547 -0.00556216 -0.00315284
v 0.02535769 -0.00516531 -0.00337567
v 0.02521368 -0.00547614 -0.00344022
v 0.02520190 -0.00505017 -0.00365455
v 0.02504746 -0.00538770 -0.00372004
v 0.02503111 -0.00493338 -0.00392624
v 0.02484551 -0.00481522 -0.00419022
v 0.02594568 -0.00601040 -0.00130027
v 0.02598042 -0.00607102 -0.00097674
v 0.02599703 -0.00612743 -0.00065154
v 0.02599687 -0.00617991 -0.00032564
v 0.02574105 -0.00602089 -0.00197197
v 0.02582602 -0.00606623 -0.00165149
v 0.02581933 -0.00587597 -0.00193817
v 0.02589167 -0.00594531 -0.00162111
v 0.02590218 -0.00570433 -0.00189143
v 0.02596166 -0.00580226 -0.00158049
v 0.02598562 -0.00552266 -0.00183553
v 0.02603255 -0.00565112 -0.00153283
v 0.02563895 -0.00597146 -0.00228667
v 0.02572984 -0.00580269 -0.00225048
v 0.02582550 -0.00560267 -0.00219842
v 0.02592140 -0.00539066 -0.00213486
v 0.02605848 -0.00601158 -0.00061386
v 0.02602886 -0.00612273 -0.00030652
v 0.02606201 -0.00606591 -0.00028446
v 0.02584078 -0.00525543 -0.00243032
v 0.02574376 -0.00511735 -0.00272139
v 0.02563031 -0.00497687 -0.00300749
v 0.02550067 -0.00483448 -0.00328808
v 0.02535503 -0.00469062 -0.00356265
v 0.02519354 -0.00454566 -0.00383073
v 0.02501631 -0.00439994 -0.00409178
v 0.02482337 -0.00425366 -0.00434510
v 0.02461472 -0.00410701 -0.00458996
v 0.02439087 -0.00396082 -0.00482612
v 0.02415319 -0.00381516 -0.00505154
v 0.02604640 -0.00477121 -0.00225602
v 0.02594555 -0.00501315 -0.00234875
v 0.02597169 -0.00457242 -0.00252750
v 0.02586002 -0.00484480 -0.00263112
v 0.02587944 -0.00437175 -0.00279480
v 0.02575749 -0.00467433 -0.00290901
v 0.02576975 -0.00416987 -0.00305743
v 0.02563813 -0.00450230 -0.00318187
v 0.02564265 -0.00396737 -0.00331492
v 0.02550205 -0.00432924 -0.00344924
v 0.02549818 -0.00376481 -0.00356683
v 0.02534933 -0.00415560 -0.00371063
v 0.02533635 -0.00356269 -0.00381268
v 0.02518002 -0.00398181 -0.00396554
v 0.02515717 -0.00336140 -0.00405181
v 0.02499412 -0.00380814 -0.00421328
v 0.02496063 -0.00316126 -0.00428355
v 0.02479164 -0.00363485 -0.00445314
v 0.02474725 -0.00296330 -0.00450774
v 0.02457307 -0.00346289 -0.00468492
v 0.02451841 -0.00276773 -0.00472230
v 0.02433982 -0.00329237 -0.00490650
v 0.02427622 -0.00257218 -0.00492154
v 0.02409409 -0.00312085 -0.00511224
v 0.02610416 -0.00496750 -0.00198090
v 0.02612098 -0.00589539 -0.00056944
v 0.02615820 -0.00571881 -0.00085422
v 0.02617417 -0.00553711 -0.00113839
v 0.02616940 -0.00535093 -0.00142146
v 0.02614552 -0.00516087 -0.00170257
v 0.02444983 -0.00202564 -0.00468679
v 0.02468849 -0.00224495 -0.00449673
v 0.02491296 -0.00246548 -0.00429222
v 0.02512126 -0.00268934 -0.00407865
v 0.02531208 -0.00291625 -0.00385800
v 0.02548491 -0.00314512 -0.00363039
v 0.02563969 -0.00337551 -0.00339644
v 0.02577641 -0.00360695 -0.00315678
v 0.02589509 -0.00383885 -0.00291183
v 0.02599573 -0.00407055 -0.00266201
v 0.02607834 -0.00430136 -0.00240773
v 0.02614289 -0.00453053 -0.00214948
v 0.02619021 -0.00475737 -0.00188773
v 0.02622118 -0.00498141 -0.00162290
v 0.02623456 -0.00520224 -0.00135536
v 0.02622852 -0.00541920 -0.00108586
v 0.01549046 -0.00214958 -0.00707677
v 0.01544163 -0.00251215 -0.00710754
v 0.01734059 -0.00373831 -0.00701038
v 0.01673410 -0.00322541 -0.00707425
v 0.01667936 -0.00356632 -0.00706185
v 0.01799773 -0.00390984 -0.00694924
v 0.01739854 -0.00340405 -0.00703273
v 0.01678907 -0.00287932 -0.00706832
v 0.01825454 -0.00253481 -0.00696575
v 0.01884814 -0.00309755 -0.00693554
v 0.01818569 -0.00290079 -0.00698535
v 0.01877977 -0.00343767 -0.00693584
v 0.01812110 -0.00324771 -0.00699131
v 0.01871419 -0.00376461 -0.00691853
v 0.01805885 -0.00358270 -0.00698127
v 0.01865026 -0.00408242 -0.00687761
v 0.01559915 -0.00137470 -0.00699217
v 0.01697128 -0.00175620 -0.00698015
v 0.01684559 -0.00252396 -0.00704997
v 0.01690569 -0.00215202 -0.00702138
v 0.01360093 -0.00003262 -0.00680767
v 0.01426120 -0.00060440 -0.00690445
v 0.01565444 -0.00097946 -0.00693257
v 0.01703577 -0.00136193 -0.00692501
v 0.01765226 -0.00194864 -0.00696054
v 0.01367490 0.00071520 -0.00662180
v 0.01307293 0.00226003 -0.00609595
v 0.01377288 0.00176393 -0.00625776
v 0.01304674 0.00193561 -0.00624467
v 0.01374166 0.00142474 -0.00639150
v 0.01301942 0.00159955 -0.00637975
v 0.01370907 0.00107500 -0.00651256
v 0.01309817 0.00257216 -0.00593268
v 0.01312254 0.00287121 -0.00575381
v 0.01314611 0.00315638 -0.00555827
v 0.01316896 0.00342685 -0.00534501
v 0.01319111 0.00368169 -0.00511303
v 0.01321241 0.00391956 -0.00486148
v 0.01570752 -0.00059082 -0.00686069
v 0.01430554 -0.00021676 -0.00682911
v 0.01575857 -0.00020919 -0.00677690
v 0.01434766 0.00016278 -0.00674271
v 0.01580780 0.00016501 -0.00668156
v 0.01438778 0.00053375 -0.00664547
v 0.01585537 0.00053139 -0.00657448
v 0.01442614 0.00089566 -0.00653711
v 0.01590144 0.00088953 -0.00645487
v 0.01446292 0.00124807 -0.00641679
v 0.01594615 0.00123903 -0.00632193
v 0.01449833 0.00159054 -0.00628363
v 0.01598968 0.00157946 -0.00617481
v 0.01476977 0.00410797 -0.00434097
v 0.01474426 0.00389100 -0.00463548
v 0.01471726 0.00365522 -0.00490810
v 0.01468896 0.00340211 -0.00515974
v 0.01465955 0.00313317 -0.00539127
v 0.01462921 0.00284983 -0.00560364
v 0.01459796 0.00255307 -0.00579791
v 0.01456575 0.00224373 -0.00597524
v 0.01453256 0.00192262 -0.00613677
v 0.01709845 -0.00097287 -0.00685643
v 0.01715944 -0.00058939 -0.00677495
v 0.01721887 -0.00021187 -0.00668105
v 0.01727684 0.00015928 -0.00657468
v 0.01733346 0.00052365 -0.00645514
v 0.01738882 0.00088078 -0.00632171
v 0.01744300 0.00123026 -0.00617366
v 0.01749603 0.00157146 -0.00601014
v 0.01772164 -0.00155520 -0.00690769
v 0.01778946 -0.00116611 -0.00684077
v 0.01785580 -0.00078177 -0.00676039
v 0.01792076 -0.00040256 -0.00666710
v 0.01798441 -0.00002890 -0.00656093
v 0.01804681 0.00033875 -0.00644124
v 0.01810801 0.00069992 -0.00630737
v 0.01816807 0.00105414 -0.00615864
v 0.01822697 0.00140077 -0.00599428
v 0.01832945 -0.00214288 -0.00693063
v 0.01840387 -0.00175070 -0.00688006
v 0.01847703 -0.00136195 -0.00681478
v 0.01854897 -0.00097703 -0.00673545
v 0.01861974 -0.00059637 -0.00664274
v 0.01868937 -0.00022042 -0.00653671
v 0.01875787 0.00015033 -0.00641681
v 0.01882526 0.00051537 -0.00628243
v 0.01889154 0.00087419 -0.00613299
v 0.01895668 0.00122608 -0.00596775
v 0.01892117 -0.00273729 -0.00692007
v 0.01900055 -0.00235026 -0.00688779
v 0.01907983 -0.00196204 -0.00683933
v 0.01915817 -0.00157632 -0.00677556
v 0.01923559 -0.00119353 -0.00669723
v 0.01931209 -0.00081411 -0.00660504
v 0.01938764 -0.00043854 -0.00649916
v 0.01946223 -0.00006736 -0.00637907
v 0.01953581 0.00029888 -0.00624427
v 0.01960834 0.00065964 -0.00609421
v 0.01967975 0.00101417 -0.00592826
v 0.02632080 -0.00549391 0.00000000
v 0.02623312 -0.00572931 0.00000000
v 0.02616855 -0.00586991 0.00000000
v 0.02081186 0.00452382 -0.00097109
v 0.02079575 0.00444764 -0.00144530
v 0.02077261 0.00433912 -0.00190675
v 0.02074259 0.00419900 -0.00235145
v 0.02070590 0.00402847 -0.00277569
v 0.02066319 0.00383037 -0.00317695
v 0.02061523 0.00360800 -0.00355301
v 0.02056284 0.00336488 -0.00390276
v 0.02050690 0.00310483 -0.00422618
v 0.02044769 0.00282869 -0.00452569
v 0.02038518 0.00253603 -0.00480418
v 0.02031980 0.00222886 -0.00506224
v 0.02025199 0.00190917 -0.00530047
v 0.02018216 0.00157886 -0.00551948
v 0.02011059 0.00123931 -0.00572006
v 0.01408005 -0.00214732 0.00711083
v 0.01403890 -0.00251129 0.00714917
v 0.01539370 -0.00286797 0.00712962
v 0.02582602 -0.00606623 0.00165149
v 0.02589268 -0.00610718 0.00132623
v 0.02594568 -0.00601040 0.00130027
v 0.02598042 -0.00607102 0.00097674
v 0.02592924 -0.00621554 0.00080921
v 0.02594163 -0.00621857 0.00067266
v 0.02596967 -0.00617563 0.00066586
v 0.02596695 -0.00622477 0.00039346
v 0.02596872 -0.00622524 0.00033699
v 0.02598289 -0.00620386 0.00033310
v 0.02551432 -0.00611224 0.00237329
v 0.02554818 -0.00612070 0.00229321
v 0.02559418 -0.00604899 0.00229632
v 0.02527092 -0.00605138 0.00289422
v 0.02541931 -0.00608851 0.00259793
v 0.02546948 -0.00600646 0.00260375
v 0.02488154 -0.00595436 0.00354127
v 0.02493575 -0.00596787 0.00345941
v 0.02500626 -0.00585776 0.00347785
v 0.02446520 -0.00511002 0.00450901
v 0.02424390 -0.00501378 0.00475307
v 0.02415395 -0.00520501 0.00476538
v 0.02437818 -0.00529061 0.00452407
v 0.02406462 -0.00538331 0.00476409
v 0.02438633 -0.00583079 0.00418143
v 0.02455049 -0.00587176 0.00398655
v 0.02459085 -0.00580963 0.00400577
v 0.02391726 -0.00511781 0.00499592
v 0.02368852 -0.00556669 0.00494307
v 0.02373416 -0.00548274 0.00496567
v 0.02348287 -0.00541186 0.00517368
v 0.02350684 -0.00561200 0.00502050
v 0.02364191 -0.00564545 0.00490803
v 0.02657964 -0.00431863 0.00022755
v 0.02643449 -0.00511312 0.00013885
v 0.02651962 -0.00471848 0.00018359
v 0.02661817 -0.00391533 0.00027065
v 0.02532769 0.00111110 0.00109031
v 0.02509180 0.00144963 0.00112990
v 0.02506816 0.00135539 0.00149395
v 0.01883979 0.00488932 0.00050860
v 0.01490225 0.00523364 0.00052578
v 0.02011059 0.00123931 0.00572006
v 0.02046796 0.00110543 0.00569071
v 0.02054239 0.00144496 0.00549000
v 0.01281879 -0.00063080 0.00694302
v 0.01534531 -0.00322095 0.00713731
v 0.01532107 -0.00339522 0.00713101
v 0.01421440 -0.00099962 0.00696850
v 0.01351782 -0.00081438 0.00695023
v 0.01412163 -0.00177887 0.00706765
v 0.01285784 -0.00023659 0.00687693
v 0.01289429 0.00014949 0.00679969
v 0.01292841 0.00052676 0.00671143
v 0.01296048 0.00089459 0.00661231
v 0.01154882 0.00160676 0.00651789
v 0.01299074 0.00125236 0.00650202
v 0.01157050 0.00194918 0.00639147
v 0.01159090 0.00227937 0.00625133
v 0.01161026 0.00259664 0.00609683
v 0.01162877 0.00290029 0.00592725
v 0.01166365 0.00346342 0.00553955
v 0.01164654 0.00318949 0.00574176
v 0.01018095 0.00377550 0.00551148
v 0.01019245 0.00402060 0.00528239
v 0.01020363 0.00424714 0.00503553
v 0.01021441 0.00445402 0.00477060
v 0.01022471 0.00464012 0.00448728
v 0.01023443 0.00480432 0.00418526
v 0.01024391 0.00495366 0.00386359
v 0.01025319 0.00509392 0.00352046
v 0.01026178 0.00522235 0.00315432
v 0.01026928 0.00533645 0.00276467
v 0.01027530 0.00543395 0.00235207
v 0.01027958 0.00551293 0.00191743
v 0.01028221 0.00557294 0.00146269
v 0.01028336 0.00561393 0.00099008
v 0.01028351 0.00563694 0.00050180
v 0.01312254 0.00287121 0.00575381
v 0.01459796 0.00255307 0.00579791
v 0.01314611 0.00315638 0.00555827
v 0.01462921 0.00284983 0.00560364
v 0.01316896 0.00342685 0.00534501
v 0.01465955 0.00313317 0.00539127
v 0.01319111 0.00368169 0.00511303
v 0.01468896 0.00340211 0.00515974
v 0.01321241 0.00391956 0.00486148
v 0.01471726 0.00365522 0.00490810
v 0.01474426 0.00389100 0.00463548
v 0.01335070 0.00536916 0.00052286
v 0.01181137 0.00550356 0.00051491
v 0.01334905 0.00534024 0.00103155
v 0.01181059 0.00547760 0.00101567
v 0.01334531 0.00528908 0.00152331
v 0.01180834 0.00543150 0.00149981
v 0.01333902 0.00521457 0.00199532
v 0.01180413 0.00536414 0.00196480
v 0.01333000 0.00511682 0.00244474
v 0.01179778 0.00527561 0.00240809
v 0.01331820 0.00499643 0.00286900
v 0.01178921 0.00516643 0.00282741
v 0.01330400 0.00485564 0.00326672
v 0.01177874 0.00503868 0.00322162
v 0.01328784 0.00469713 0.00363691
v 0.01176680 0.00489486 0.00358994
v 0.01175384 0.00473769 0.00393269
v 0.01174042 0.00457018 0.00425131
v 0.01172650 0.00438779 0.00454807
v 0.01171175 0.00418468 0.00482466
v 0.01169629 0.00396209 0.00508170
v 0.01168023 0.00372126 0.00531979
v 0.01804515 0.00495887 0.00051475
v 0.01646679 0.00509690 0.00052308
v 0.01803936 0.00492008 0.00102057
v 0.01646264 0.00506161 0.00103508
v 0.01802887 0.00485271 0.00151385
v 0.01645482 0.00499991 0.00153264
v 0.01801331 0.00475590 0.00199090
v 0.01644289 0.00491077 0.00201231
v 0.01799268 0.00463008 0.00244798
v 0.01642677 0.00479451 0.00247059
v 0.01796705 0.00447619 0.00288164
v 0.01640650 0.00465192 0.00290429
v 0.01793697 0.00429691 0.00328967
v 0.01638255 0.00448552 0.00331143
v 0.01790307 0.00409534 0.00367020
v 0.01635550 0.00429832 0.00369043
v 0.01786607 0.00387489 0.00402253
v 0.01632599 0.00409356 0.00404086
v 0.01782674 0.00363922 0.00434712
v 0.01629474 0.00387479 0.00436347
v 0.01778521 0.00338789 0.00464670
v 0.01626184 0.00364067 0.00466105
v 0.01774132 0.00311907 0.00492422
v 0.01622703 0.00338847 0.00493647
v 0.01769535 0.00283454 0.00518049
v 0.01619056 0.00311981 0.00519059
v 0.01764762 0.00253605 0.00541632
v 0.01615268 0.00283632 0.00542430
v 0.01759842 0.00222530 0.00563253
v 0.01611360 0.00253956 0.00563849
v 0.01754786 0.00190346 0.00583012
v 0.01607340 0.00223058 0.00583421
v 0.02003499 0.00475103 0.00049710
v 0.01902052 0.00157002 0.00578580
v 0.01945189 0.00180887 0.00556738
v 0.01908292 0.00190494 0.00558619
v 0.01951576 0.00213630 0.00534880
v 0.01914374 0.00222978 0.00536797
v 0.01957776 0.00245260 0.00511080
v 0.01920277 0.00254326 0.00513027
v 0.01963752 0.00275592 0.00485271
v 0.01925965 0.00284355 0.00487237
v 0.01969463 0.00304430 0.00457386
v 0.01931401 0.00312874 0.00459358
v 0.01974870 0.00331580 0.00427360
v 0.01936546 0.00339690 0.00429321
v 0.01979981 0.00357120 0.00394899
v 0.01941411 0.00364902 0.00396831
v 0.01984773 0.00380999 0.00359751
v 0.01945975 0.00388476 0.00361630
v 0.01989160 0.00402838 0.00321903
v 0.01950153 0.00410033 0.00323700
v 0.01993063 0.00422283 0.00281459
v 0.01953869 0.00429224 0.00283137
v 0.01996409 0.00439010 0.00238631
v 0.01957051 0.00445726 0.00240151
v 0.01999136 0.00452736 0.00193665
v 0.01959639 0.00459258 0.00194982
v 0.02001227 0.00463350 0.00146928
v 0.01961617 0.00469711 0.00147994
v 0.02002673 0.00470784 0.00098813
v 0.01962980 0.00477025 0.00099579
v 0.01963753 0.00481267 0.00050121
v 0.02082116 0.00456821 0.00048804
v 0.01476977 0.00410797 0.00434097
v 0.01479408 0.00430982 0.00402191
v 0.01481715 0.00449886 0.00367555
v 0.01483834 0.00467172 0.00330082
v 0.01485704 0.00482528 0.00289787
v 0.01487273 0.00495672 0.00246799
v 0.01488501 0.00506363 0.00201284
v 0.01489388 0.00514533 0.00153530
v 0.01489947 0.00520163 0.00103857
v 0.02082132 0.00095982 0.00565731
v 0.02089844 0.00129853 0.00545658
v 0.02630328 -0.00320404 0.00211204
v 0.02622591 -0.00288696 0.00230678
v 0.02612425 -0.00319263 0.00254123
v 0.02638791 -0.00294486 0.00186364
v 0.02643907 -0.00328768 0.00168962
v 0.02647431 -0.00317930 0.00156352
v 0.02650240 -0.00353354 0.00139987
v 0.02653209 -0.00344337 0.00127745
v 0.02652967 -0.00416973 0.00097140
v 0.02653893 -0.00380750 0.00112580
v 0.02648345 -0.00397068 0.00133146
v 0.02125048 0.00113964 0.00541894
v 0.02167585 0.00129562 0.00515879
v 0.02132814 0.00146845 0.00520021
v 0.02175347 0.00161299 0.00492183
v 0.02140360 0.00178753 0.00496270
v 0.02182836 0.00191900 0.00466580
v 0.02147639 0.00209494 0.00470590
v 0.02190002 0.00221161 0.00439025
v 0.02154601 0.00238864 0.00442931
v 0.02196793 0.00248878 0.00409471
v 0.02161199 0.00266659 0.00413245
v 0.02203205 0.00275033 0.00377646
v 0.02167429 0.00292874 0.00381254
v 0.02209201 0.00299487 0.00343329
v 0.02173257 0.00317383 0.00346731
v 0.02214690 0.00321864 0.00306546
v 0.02178591 0.00339808 0.00309697
v 0.02219583 0.00341816 0.00267424
v 0.02183346 0.00359797 0.00270276
v 0.02223802 0.00359015 0.00226194
v 0.02187441 0.00377024 0.00228696
v 0.02227275 0.00373178 0.00183117
v 0.02190809 0.00391202 0.00185218
v 0.02229970 0.00384175 0.00138564
v 0.02193418 0.00402205 0.00140213
v 0.02231868 0.00391924 0.00092934
v 0.02195251 0.00409951 0.00094081
v 0.02232977 0.00396459 0.00046618
v 0.02196319 0.00414479 0.00047215
v 0.02097373 0.00162860 0.00523761
v 0.02061503 0.00177554 0.00527094
v 0.02104687 0.00194864 0.00499970
v 0.02068559 0.00209579 0.00503280
v 0.02111741 0.00225671 0.00474230
v 0.02075363 0.00240378 0.00477499
v 0.02118489 0.00255077 0.00446488
v 0.02081870 0.00269750 0.00449694
v 0.02124882 0.00282879 0.00416691
v 0.02088034 0.00297493 0.00419809
v 0.02130920 0.00309089 0.00384559
v 0.02093857 0.00323633 0.00387561
v 0.02136571 0.00333592 0.00349858
v 0.02099308 0.00348071 0.00352709
v 0.02141743 0.00356009 0.00312602
v 0.02104297 0.00370426 0.00315264
v 0.02146352 0.00375987 0.00272914
v 0.02108742 0.00390344 0.00275342
v 0.02150319 0.00393197 0.00231018
v 0.02112564 0.00407497 0.00233165
v 0.02153577 0.00407355 0.00187175
v 0.02115698 0.00421600 0.00188991
v 0.02156097 0.00418335 0.00141755
v 0.02118117 0.00432529 0.00143192
v 0.02157862 0.00426058 0.00095158
v 0.02119808 0.00440210 0.00096166
v 0.02158889 0.00430568 0.00047777
v 0.02120787 0.00444690 0.00048307
v 0.02210201 0.00142495 0.00487472
v 0.02253321 0.00152523 0.00455956
v 0.02217819 0.00172886 0.00461988
v 0.02260550 0.00181360 0.00428825
v 0.02225106 0.00201971 0.00434579
v 0.02267389 0.00208722 0.00399760
v 0.02232010 0.00229545 0.00405204
v 0.02273833 0.00234567 0.00368499
v 0.02238525 0.00255577 0.00373593
v 0.02279847 0.00258735 0.00334832
v 0.02244615 0.00279919 0.00339533
v 0.02285343 0.00280859 0.00298791
v 0.02250187 0.00302197 0.00303054
v 0.02290237 0.00300592 0.00260508
v 0.02255156 0.00322064 0.00264285
v 0.02294452 0.00317615 0.00220213
v 0.02259439 0.00339196 0.00223458
v 0.02297920 0.00331645 0.00178167
v 0.02262967 0.00353311 0.00180835
v 0.02300611 0.00342553 0.00134734
v 0.02265708 0.00364277 0.00136785
v 0.02302507 0.00350249 0.00090306
v 0.02267640 0.00372010 0.00091704
v 0.02303616 0.00354762 0.00045269
v 0.02268772 0.00376539 0.00045982
v 0.02295009 0.00159547 0.00421812
v 0.02301768 0.00186608 0.00393176
v 0.02308126 0.00212179 0.00362384
v 0.02314053 0.00236094 0.00329231
v 0.02319461 0.00257987 0.00293751
v 0.02324271 0.00277520 0.00256076
v 0.02328409 0.00294374 0.00216434
v 0.02331810 0.00308271 0.00175082
v 0.02334446 0.00319080 0.00132380
v 0.02336301 0.00326711 0.00088714
v 0.02337386 0.00331189 0.00044463
v 0.02334937 0.00163267 0.00385562
v 0.02341213 0.00188477 0.00355344
v 0.02347054 0.00212056 0.00322812
v 0.02352378 0.00233645 0.00288002
v 0.02357109 0.00252909 0.00251045
v 0.02361174 0.00269535 0.00212165
v 0.02364512 0.00283248 0.00171614
v 0.02367098 0.00293918 0.00129746
v 0.02368915 0.00301455 0.00086941
v 0.02369977 0.00305880 0.00043570
v 0.02510841 0.00151627 0.00075742
v 0.02534399 0.00117530 0.00073102
v 0.02556171 0.00082275 0.00070335
v 0.02372992 0.00163508 0.00347459
v 0.02409055 0.00159987 0.00307787
v 0.02378752 0.00186672 0.00315645
v 0.02414219 0.00180750 0.00274602
v 0.02383995 0.00207883 0.00281603
v 0.02418799 0.00199280 0.00239367
v 0.02388650 0.00226812 0.00245462
v 0.02422728 0.00215278 0.00202298
v 0.02392646 0.00243152 0.00207442
v 0.02425951 0.00228478 0.00163634
v 0.02395925 0.00256632 0.00167790
v 0.02428444 0.00238755 0.00123715
v 0.02398464 0.00267124 0.00126853
v 0.02430194 0.00246019 0.00082900
v 0.02400247 0.00274538 0.00085000
v 0.02431215 0.00250287 0.00041546
v 0.02401287 0.00278893 0.00042596
v 0.02442954 0.00152304 0.00267044
v 0.02447460 0.00170374 0.00232797
v 0.02451325 0.00185977 0.00196761
v 0.02454492 0.00198852 0.00159168
v 0.02456942 0.00208878 0.00120349
v 0.02458661 0.00215966 0.00080652
v 0.02459664 0.00220132 0.00040422
v 0.02474569 0.00140175 0.00225789
v 0.02478365 0.00155332 0.00190860
v 0.02481476 0.00167842 0.00154414
v 0.02483882 0.00177582 0.00116769
v 0.02485571 0.00184470 0.00078263
v 0.02486556 0.00188518 0.00039230
v 0.02511810 0.00155544 0.00037974
v 0.02535350 0.00121303 0.00036657
v 0.02557099 0.00085893 0.00035279
v 0.02576985 0.00049412 0.00033830
v 0.02594952 0.00011969 0.00032310
v 0.02576086 0.00045964 0.00067418
v 0.02554583 0.00076119 0.00104876
v 0.02530450 0.00102030 0.00144134
v 0.02503758 0.00123436 0.00184628
v 0.02657028 -0.00405301 0.00076372
v 0.02653770 -0.00443268 0.00064091
v 0.02655205 -0.00439341 0.00054492
v 0.02649612 -0.00477769 0.00043903
v 0.02650618 -0.00475212 0.00035747
v 0.02616954 -0.00587348 0.00004705
v 0.02631951 -0.00549949 0.00009333
v 0.02631155 -0.00551564 0.00018137
v 0.02642358 -0.00513793 0.00027009
v 0.02640561 -0.00517987 0.00038960
v 0.02117095 0.00080253 0.00561958
v 0.02185843 0.00045443 0.00552833
v 0.02194171 0.00078604 0.00532842
v 0.02229772 0.00059199 0.00526170
v 0.02237885 0.00091242 0.00504587
v 0.02272531 0.00070562 0.00496510
v 0.02280345 0.00101321 0.00473439
v 0.02313729 0.00079279 0.00464354
v 0.02321173 0.00108536 0.00439919
v 0.02353183 0.00085016 0.00430166
v 0.02360194 0.00112555 0.00404494
v 0.02390741 0.00087454 0.00394376
v 0.02397265 0.00113076 0.00367594
v 0.02426247 0.00086316 0.00357391
v 0.02432276 0.00109950 0.00329420
v 0.02459635 0.00081480 0.00319391
v 0.02465140 0.00102954 0.00290214
v 0.02490755 0.00072762 0.00280620
v 0.02495673 0.00091789 0.00250447
v 0.02519523 0.00059875 0.00241507
v 0.02523793 0.00076239 0.00210624
v 0.02545837 0.00042672 0.00202454
v 0.02549401 0.00056226 0.00171227
v 0.02569528 0.00021120 0.00163946
v 0.02572358 0.00031789 0.00132760
v 0.02590489 -0.00004755 0.00126637
v 0.02592601 0.00003128 0.00095892
v 0.02608689 -0.00034672 0.00091099
v 0.02610116 -0.00029413 0.00061170
v 0.02624130 -0.00068256 0.00057848
v 0.02624931 -0.00065360 0.00029065
v 0.02636842 -0.00105022 0.00027345
v 0.02610951 -0.00026326 0.00030721
v 0.02594085 0.00008698 0.00064361
v 0.02574548 0.00040094 0.00100489
v 0.02552323 0.00067411 0.00138607
v 0.02527451 0.00090369 0.00178096
v 0.02500026 0.00108772 0.00218386
v 0.02470140 0.00122621 0.00258974
v 0.02437871 0.00132058 0.00299292
v 0.02403378 0.00137315 0.00338796
v 0.02366797 0.00138743 0.00377009
v 0.02328256 0.00136598 0.00413668
v 0.02287853 0.00131050 0.00448553
v 0.02245750 0.00122415 0.00481197
v 0.02202302 0.00111002 0.00511075
v 0.02159598 0.00096886 0.00537717
v 0.02646643 -0.00145200 0.00025563
v 0.02664252 -0.00310278 0.00035406
v 0.02663400 -0.00267604 0.00019855
v 0.01926587 -0.00440448 0.00675655
v 0.01936617 -0.00457965 0.00668323
v 0.01945255 -0.00460113 0.00666876
v 0.01990775 -0.00457198 0.00665791
v 0.01987583 -0.00470642 0.00659784
v 0.02009479 -0.00476089 0.00656115
v 0.02051201 -0.00486482 0.00648374
v 0.02054475 -0.00473925 0.00654547
v 0.02031155 -0.00481483 0.00652367
v 0.02027491 -0.00480570 0.00653097
v 0.02086189 -0.00482228 0.00647310
v 0.02067085 -0.00490442 0.00645210
v 0.02072497 -0.00491799 0.00643771
v 0.02101060 -0.00498955 0.00636177
v 0.02117370 -0.00490393 0.00638178
v 0.02093735 -0.00497120 0.00638125
v 0.02082575 -0.00494324 0.00641092
v 0.02112649 -0.00501846 0.00632332
v 0.02113448 -0.00502045 0.00632066
v 0.02147946 -0.00498405 0.00627327
v 0.02135304 -0.00507498 0.00624813
v 0.02169863 -0.00516097 0.00611051
v 0.02177885 -0.00506258 0.00614924
v 0.02152199 -0.00511702 0.00618085
v 0.02143785 -0.00509608 0.00621436
v 0.02172794 -0.00516826 0.00609689
v 0.02173557 -0.00517016 0.00609334
v 0.02207166 -0.00513947 0.00601101
v 0.02191125 -0.00521385 0.00601173
v 0.02202702 -0.00524265 0.00595795
v 0.02057861 -0.00460712 0.00658999
v 0.02089863 -0.00469484 0.00651755
v 0.02121320 -0.00478113 0.00642557
v 0.02152133 -0.00486580 0.00631593
v 0.02182268 -0.00494880 0.00619035
v 0.02211704 -0.00503009 0.00605020
v 0.02235770 -0.00521471 0.00585973
v 0.02240418 -0.00510967 0.00589672
v 0.02268426 -0.00518760 0.00573124
v 0.02204235 -0.00524646 0.00595082
v 0.02229355 -0.00530903 0.00581640
v 0.02231081 -0.00531333 0.00580717
v 0.02243679 -0.00534470 0.00573975
v 0.02266964 -0.00540265 0.00559861
v 0.02290968 -0.00536031 0.00552287
v 0.02280395 -0.00543608 0.00551719
v 0.02286261 -0.00545071 0.00547783
v 0.02295694 -0.00526383 0.00555483
v 0.02303914 -0.00549473 0.00535939
v 0.02314350 -0.00552076 0.00528938
v 0.02343648 -0.00549987 0.00514746
v 0.02319083 -0.00553264 0.00525436
v 0.02338898 -0.00558240 0.00510771
v 0.02339953 -0.00558505 0.00509990
v 0.02374372 -0.00567066 0.00482325
v 0.02377972 -0.00567957 0.00479328
v 0.02393061 -0.00563122 0.00472621
v 0.02322310 -0.00533864 0.00536911
v 0.02230126 -0.00455700 0.00612808
v 0.02259212 -0.00465448 0.00596823
v 0.02268779 -0.00440425 0.00597249
v 0.02297078 -0.00450962 0.00579761
v 0.02306980 -0.00424764 0.00578313
v 0.02334217 -0.00436168 0.00559536
v 0.02344453 -0.00408479 0.00556303
v 0.02370607 -0.00420939 0.00536481
v 0.02105256 -0.00415017 0.00661042
v 0.02137685 -0.00425439 0.00651666
v 0.02146251 -0.00396806 0.00652762
v 0.02178250 -0.00407940 0.00641361
v 0.02187561 -0.00377932 0.00640490
v 0.02218911 -0.00389823 0.00627212
v 0.02228957 -0.00357974 0.00624341
v 0.02259473 -0.00370724 0.00609360
v 0.02269578 -0.00339376 0.00604822
v 0.02299070 -0.00353062 0.00588354
v 0.02309065 -0.00322570 0.00582386
v 0.02337435 -0.00337290 0.00564665
v 0.01892117 -0.00273729 0.00692007
v 0.01958114 -0.00295190 0.00686005
v 0.01966451 -0.00257290 0.00683022
v 0.02023398 -0.00317828 0.00678395
v 0.02032070 -0.00281042 0.00675611
v 0.02088221 -0.00341564 0.00668780
v 0.02097181 -0.00306192 0.00666130
v 0.02131353 -0.00319223 0.00658815
v 0.02140686 -0.00284257 0.00654382
v 0.02174450 -0.00298088 0.00644799
v 0.02183968 -0.00263861 0.00638729
v 0.02216930 -0.00278514 0.00627156
v 0.02226520 -0.00245067 0.00619611
v 0.02258502 -0.00260622 0.00606316
v 0.02268064 -0.00228012 0.00597479
v 0.02298931 -0.00244570 0.00582719
v 0.02039197 0.00075810 0.00587388
v 0.02108981 0.00045828 0.00580285
v 0.02177348 0.00011638 0.00571115
v 0.02221444 0.00026427 0.00546004
v 0.02264454 0.00038969 0.00517809
v 0.02305968 0.00049030 0.00487015
v 0.02345805 0.00056324 0.00454066
v 0.02383807 0.00060526 0.00419391
v 0.02419806 0.00061340 0.00383398
v 0.02453697 0.00058523 0.00346470
v 0.02485339 0.00051987 0.00308788
v 0.02514701 0.00041541 0.00270559
v 0.02541676 0.00026974 0.00232088
v 0.02566076 0.00008189 0.00193780
v 0.02587759 -0.00014885 0.00156326
v 0.02606658 -0.00042118 0.00120260
v 0.02622761 -0.00073193 0.00086115
v 0.02636077 -0.00107723 0.00054400
v 0.02015413 -0.00351829 0.00679288
v 0.02079952 -0.00374128 0.00669469
v 0.02122064 -0.00353779 0.00661495
v 0.02164853 -0.00332221 0.00649256
v 0.02207223 -0.00311888 0.00633214
v 0.02248793 -0.00293184 0.00613794
v 0.02289312 -0.00276253 0.00591421
v 0.02328521 -0.00261261 0.00566546
v 0.02347230 -0.00199847 0.00545759
v 0.02375477 -0.00218736 0.00528858
v 0.02072231 -0.00404461 0.00668290
v 0.02113412 -0.00385523 0.00662208
v 0.02155260 -0.00365916 0.00651985
v 0.02197407 -0.00345141 0.00637697
v 0.02238943 -0.00325650 0.00619831
v 0.02279525 -0.00307871 0.00598815
v 0.02318883 -0.00291955 0.00575092
v 0.02356848 -0.00278086 0.00549115
v 0.02402225 -0.00237846 0.00510944
v 0.02419842 -0.00180932 0.00486609
v 0.02444983 -0.00202564 0.00468679
v 0.02383758 -0.00295011 0.00530626
v 0.02427622 -0.00257218 0.00492154
v 0.02468849 -0.00224495 0.00449673
v 0.02484937 -0.00172885 0.00422643
v 0.02506954 -0.00197389 0.00403483
v 0.02514403 -0.00173257 0.00388893
v 0.02534503 -0.00199438 0.00369673
v 0.02541445 -0.00176943 0.00354704
v 0.02559463 -0.00204818 0.00335716
v 0.02565872 -0.00184045 0.00320469
v 0.02581726 -0.00213551 0.00301840
v 0.02587577 -0.00194601 0.00286430
v 0.02601221 -0.00225703 0.00268318
v 0.02606493 -0.00208651 0.00252859
v 0.02617884 -0.00241289 0.00235418
v 0.02622564 -0.00226178 0.00220025
v 0.02631680 -0.00260255 0.00203393
v 0.02635785 -0.00247068 0.00188059
v 0.02642615 -0.00282465 0.00172384
v 0.02646151 -0.00271222 0.00157177
v 0.02650692 -0.00307793 0.00142618
v 0.02653650 -0.00298516 0.00127765
v 0.02655903 -0.00336085 0.00114489
v 0.02658289 -0.00328729 0.00100258
v 0.02658462 -0.00367101 0.00088432
v 0.02660306 -0.00361560 0.00075119
v 0.02658669 -0.00400564 0.00064903
v 0.02660021 -0.00396670 0.00052796
v 0.02656388 -0.00436114 0.00044347
v 0.02657310 -0.00433616 0.00033739
v 0.02651403 -0.00473234 0.00027209
v 0.02169333 -0.00435695 0.00640380
v 0.02200155 -0.00445782 0.00627375
v 0.02209356 -0.00418921 0.00628201
v 0.02239547 -0.00429749 0.00613446
v 0.02249284 -0.00401590 0.00612317
v 0.02278632 -0.00413232 0.00595966
v 0.02288902 -0.00383388 0.00592916
v 0.02317270 -0.00395980 0.00575168
v 0.02327444 -0.00366720 0.00570585
v 0.02354565 -0.00380326 0.00551708
v 0.02364489 -0.00352004 0.00545850
v 0.02390393 -0.00366767 0.00526095
v 0.02409409 -0.00312085 0.00511224
v 0.02433982 -0.00329237 0.00490650
v 0.02451841 -0.00276773 0.00472230
v 0.02474725 -0.00296330 0.00450774
v 0.02491296 -0.00246548 0.00429222
v 0.02512126 -0.00268934 0.00407865
v 0.02527292 -0.00222325 0.00383481
v 0.02545827 -0.00247650 0.00362812
v 0.02407314 -0.00575267 0.00451800
v 0.02407963 -0.00575428 0.00451192
v 0.02416195 -0.00569332 0.00449732
v 0.02388452 -0.00570568 0.00469496
v 0.02411821 -0.00576390 0.00447119
v 0.02426557 -0.00580066 0.00431564
v 0.02438216 -0.00575282 0.00425698
v 0.02433505 -0.00581799 0.00424229
v 0.02434091 -0.00581945 0.00423535
v 0.02470903 -0.00560351 0.00402010
v 0.02450662 -0.00553245 0.00427845
v 0.02442359 -0.00568187 0.00426967
v 0.02420516 -0.00561791 0.00451308
v 0.02459959 -0.00588401 0.00392827
v 0.02468317 -0.00590487 0.00381632
v 0.02478761 -0.00586365 0.00374423
v 0.02482671 -0.00594069 0.00362406
v 0.02496191 -0.00597439 0.00341991
v 0.02503570 -0.00599278 0.00330849
v 0.02517474 -0.00591061 0.00319502
v 0.02510967 -0.00601120 0.00318123
v 0.02522114 -0.00603895 0.00298944
v 0.02532940 -0.00596025 0.00290349
v 0.02523625 -0.00604271 0.00296345
v 0.02526626 -0.00605022 0.00290353
v 0.02474914 -0.00592133 0.00372797
v 0.02482457 -0.00580192 0.00375154
v 0.02507517 -0.00573808 0.00347530
v 0.02523804 -0.00580124 0.00318979
v 0.02536547 -0.00556216 0.00315284
v 0.02550241 -0.00564548 0.00285839
v 0.02562328 -0.00538940 0.00279832
v 0.02573243 -0.00549758 0.00250090
v 0.02584078 -0.00525543 0.00243032
v 0.02592140 -0.00539066 0.00213486
v 0.02545786 -0.00609814 0.00250677
v 0.02557736 -0.00612799 0.00222423
v 0.02566218 -0.00614903 0.00198062
v 0.02570267 -0.00608759 0.00198186
v 0.02567052 -0.00615110 0.00195667
v 0.02576062 -0.00617348 0.00166164
v 0.02579404 -0.00612202 0.00166105
v 0.02570760 -0.00616030 0.00185020
v 0.02568329 -0.00615427 0.00192000
v 0.02583896 -0.00619336 0.00133621
v 0.02586707 -0.00615197 0.00133487
v 0.02579821 -0.00618285 0.00152585
v 0.02579632 -0.00618236 0.00153467
v 0.02585510 -0.00619753 0.00126106
v 0.02587302 -0.00620215 0.00117763
v 0.02595167 -0.00622103 0.00056188
v 0.02587656 -0.00620307 0.00116113
v 0.02589974 -0.00620855 0.00100629
v 0.02594012 -0.00614353 0.00099729
v 0.02592152 -0.00621371 0.00086080
v 0.02599687 -0.00617991 0.00032564
v 0.02597062 -0.00622574 0.00027657
v 0.02602886 -0.00612273 0.00030652
v 0.02599703 -0.00612743 0.00065154
v 0.02552059 -0.00591820 0.00259496
v 0.02563895 -0.00597146 0.00228667
v 0.02572984 -0.00580269 0.00225048
v 0.02581933 -0.00587597 0.00193817
v 0.02590218 -0.00570433 0.00189143
v 0.02596166 -0.00580226 0.00158049
v 0.02603255 -0.00565112 0.00153283
v 0.02606085 -0.00577563 0.00122770
v 0.02617417 -0.00553711 0.00113839
v 0.02615820 -0.00571881 0.00085422
v 0.02287435 -0.00475040 0.00579568
v 0.02324347 -0.00461346 0.00561149
v 0.02360495 -0.00447496 0.00539797
v 0.02395885 -0.00433310 0.00515486
v 0.02415319 -0.00381516 0.00505154
v 0.02439087 -0.00396082 0.00482612
v 0.02457307 -0.00346289 0.00468492
v 0.02479164 -0.00363485 0.00445314
v 0.02496063 -0.00316126 0.00428355
v 0.02515717 -0.00336140 0.00405181
v 0.02531208 -0.00291625 0.00385800
v 0.02548491 -0.00314512 0.00363039
v 0.02562508 -0.00273254 0.00341489
v 0.02577326 -0.00299082 0.00319567
v 0.02589786 -0.00261587 0.00295956
v 0.02602066 -0.00290350 0.00275279
v 0.02607610 -0.00273489 0.00262995
v 0.02575582 -0.00233054 0.00316117
v 0.02595643 -0.00243389 0.00282667
v 0.02612891 -0.00257098 0.00249725
v 0.02314718 -0.00484463 0.00561193
v 0.02341186 -0.00493763 0.00541861
v 0.02350727 -0.00471626 0.00541575
v 0.02376329 -0.00481765 0.00520876
v 0.02385945 -0.00458704 0.00518906
v 0.02410373 -0.00469650 0.00496471
v 0.02420095 -0.00445439 0.00492917
v 0.02443016 -0.00457530 0.00469220
v 0.02461472 -0.00410701 0.00458996
v 0.02482337 -0.00425366 0.00434510
v 0.02499412 -0.00380814 0.00421328
v 0.02518002 -0.00398181 0.00396554
v 0.02533635 -0.00356269 0.00381268
v 0.02549818 -0.00376481 0.00356683
v 0.02563969 -0.00337551 0.00339644
v 0.02577641 -0.00360695 0.00315678
v 0.02590275 -0.00325077 0.00297103
v 0.02601357 -0.00351170 0.00274134
v 0.02620868 -0.00348242 0.00232517
v 0.02636109 -0.00352127 0.00191332
v 0.02647033 -0.00362995 0.00151214
v 0.02366923 -0.00502907 0.00521444
v 0.02400953 -0.00491631 0.00498681
v 0.02433562 -0.00480515 0.00472882
v 0.02464517 -0.00469581 0.00444578
v 0.02484551 -0.00481522 0.00419022
v 0.02501631 -0.00439994 0.00409178
v 0.02519354 -0.00454566 0.00383073
v 0.02534933 -0.00415560 0.00371063
v 0.02550205 -0.00432924 0.00344924
v 0.02564265 -0.00396737 0.00331492
v 0.02576975 -0.00416987 0.00305743
v 0.02589509 -0.00383885 0.00291183
v 0.02599573 -0.00407055 0.00266201
v 0.02610578 -0.00377285 0.00250699
v 0.02617941 -0.00403344 0.00226834
v 0.02627402 -0.00377199 0.00210497
v 0.02632033 -0.00406043 0.00188100
v 0.02639942 -0.00383764 0.00171095
v 0.02641980 -0.00415225 0.00150527
v 0.02648040 -0.00430931 0.00114783
v 0.02650225 -0.00452949 0.00081445
v 0.02648393 -0.00480883 0.00051613
v 0.02606201 -0.00606591 0.00028446
v 0.02605848 -0.00601158 0.00061386
v 0.02574105 -0.00602089 0.00197197
v 0.02589167 -0.00594531 0.00162111
v 0.02600269 -0.00589611 0.00126656
v 0.02606934 -0.00589581 0.00092114
v 0.02612098 -0.00589539 0.00056944
v 0.02618116 -0.00578200 0.00051420
v 0.02609432 -0.00601075 0.00025724
v 0.02610959 -0.00598405 0.00024015
v 0.02463019 -0.00574324 0.00401563
v 0.02489869 -0.00567211 0.00375222
v 0.02504746 -0.00538770 0.00372004
v 0.02521368 -0.00547614 0.00344022
v 0.02535769 -0.00516531 0.00337567
v 0.02549824 -0.00527850 0.00309009
v 0.02563031 -0.00497687 0.00300749
v 0.02574376 -0.00511735 0.00272139
v 0.02586002 -0.00484480 0.00263112
v 0.02594555 -0.00501315 0.00234875
v 0.02604640 -0.00477121 0.00225602
v 0.02610416 -0.00496750 0.00198090
v 0.02619021 -0.00475737 0.00188773
v 0.02622118 -0.00498141 0.00162290
v 0.02629332 -0.00480406 0.00153091
v 0.02629689 -0.00505533 0.00127921
v 0.02635571 -0.00491186 0.00119007
v 0.02633016 -0.00518903 0.00095474
v 0.02637609 -0.00507972 0.00087123
v 0.02631891 -0.00538042 0.00065566
v 0.02635219 -0.00530481 0.00058214
v 0.02625986 -0.00562474 0.00038973
v 0.02628098 -0.00558022 0.00033115
v 0.02614846 -0.00591266 0.00016639
v 0.02615802 -0.00589457 0.00013147
v 0.02538673 -0.00586137 0.00289618
v 0.02562402 -0.00572577 0.00255742
v 0.02582550 -0.00560267 0.00219842
v 0.02598562 -0.00552266 0.00183553
v 0.02614552 -0.00516087 0.00170257
v 0.02616940 -0.00535093 0.00142146
v 0.02623456 -0.00520224 0.00135536
v 0.02622852 -0.00541920 0.00108586
v 0.02628073 -0.00530275 0.00102546
v 0.02624271 -0.00554540 0.00077036
v 0.02628215 -0.00546129 0.00071782
v 0.02620943 -0.00572704 0.00047956
v 0.02623586 -0.00567419 0.00043847
v 0.02612392 -0.00595837 0.00021981
v 0.02613697 -0.00593432 0.00019559
v 0.02467300 -0.00520448 0.00425503
v 0.02503111 -0.00493338 0.00392624
v 0.02535503 -0.00469062 0.00356265
v 0.02563813 -0.00450230 0.00318187
v 0.02587944 -0.00437175 0.00279480
v 0.02607834 -0.00430136 0.00240773
v 0.02623448 -0.00429264 0.00202583
v 0.02634890 -0.00434690 0.00165365
v 0.02642397 -0.00446455 0.00129653
v 0.02645932 -0.00464528 0.00096146
v 0.02645389 -0.00488566 0.00065525
v 0.01515321 -0.00352877 0.00711931
v 0.01529750 -0.00356477 0.00711180
v 0.01535107 -0.00357813 0.00710901
v 0.01621418 -0.00379333 0.00704507
v 0.01647750 -0.00385898 0.00702556
v 0.01665223 -0.00373375 0.00704397
v 0.01662587 -0.00389597 0.00701135
v 0.01724367 -0.00404997 0.00695214
v 0.01731203 -0.00390196 0.00698681
v 0.01728438 -0.00406012 0.00694824
v 0.01740631 -0.00409052 0.00693656
v 0.01771774 -0.00416816 0.00689980
v 0.01796777 -0.00406945 0.00692019
v 0.01544163 -0.00251215 0.00710754
v 0.01673410 -0.00322541 0.00707425
v 0.01667936 -0.00356632 0.00706185
v 0.01739854 -0.00340405 0.00703273
v 0.01734059 -0.00373831 0.00701038
v 0.01844553 -0.00434960 0.00681391
v 0.01861911 -0.00423693 0.00684356
v 0.01823564 -0.00429727 0.00683868
v 0.01793860 -0.00422322 0.00687374
v 0.01858902 -0.00438545 0.00679354
v 0.01918984 -0.00453558 0.00670826
v 0.01923485 -0.00454683 0.00670187
v 0.01799773 -0.00390984 0.00694924
v 0.01865026 -0.00408242 0.00687761
v 0.01929798 -0.00425629 0.00679493
v 0.01812110 -0.00324771 0.00699131
v 0.01805885 -0.00358270 0.00698127
v 0.01877977 -0.00343767 0.00693584
v 0.01871419 -0.00376461 0.00691853
v 0.01943269 -0.00363402 0.00686729
v 0.01936424 -0.00395030 0.00684360
v 0.02000879 -0.00413956 0.00675504
v 0.01994063 -0.00443128 0.00669986
v 0.01549046 -0.00214958 0.00707677
v 0.01678907 -0.00287932 0.00706832
v 0.01684559 -0.00252396 0.00704997
v 0.02382572 -0.00530566 0.00499025
v 0.02357601 -0.00522615 0.00520419
v 0.02331739 -0.00514406 0.00540458
v 0.02305194 -0.00506037 0.00559462
v 0.02277913 -0.00497531 0.00577519
v 0.02249788 -0.00488852 0.00594466
v 0.02220875 -0.00480007 0.00610173
v 0.02191156 -0.00470986 0.00624498
v 0.02160658 -0.00461790 0.00637307
v 0.02129406 -0.00452420 0.00648451
v 0.02097437 -0.00442881 0.00657748
v 0.02064898 -0.00433198 0.00664993
v 0.02007963 -0.00383652 0.00678408
v 0.01950441 -0.00330348 0.00687195
v 0.01884814 -0.00309755 0.00693554
v 0.01818569 -0.00290079 0.00698535
v 0.01690569 -0.00215202 0.00702138
v 0.01825454 -0.00253481 0.00696575
v 0.01832945 -0.00214288 0.00693063
v 0.01900055 -0.00235026 0.00688779
v 0.01907983 -0.00196204 0.00683933
v 0.01974817 -0.00219182 0.00678359
v 0.01983125 -0.00181233 0.00672113
v 0.02040805 -0.00243964 0.00671097
v 0.02049516 -0.00206955 0.00664957
v 0.02106225 -0.00270447 0.00661713
v 0.02115267 -0.00234687 0.00655645
v 0.02149979 -0.00249234 0.00648308
v 0.02159220 -0.00214202 0.00640685
v 0.02193402 -0.00229590 0.00631134
v 0.02202740 -0.00195323 0.00622102
v 0.02235987 -0.00211595 0.00610663
v 0.02245323 -0.00178154 0.00600346
v 0.02277472 -0.00195409 0.00587315
v 0.02286717 -0.00162873 0.00575797
v 0.02317647 -0.00181225 0.00561454
v 0.02326726 -0.00149684 0.00548836
v 0.02356288 -0.00169246 0.00533459
v 0.02365139 -0.00138794 0.00519849
v 0.02393270 -0.00159684 0.00503707
v 0.02401833 -0.00130432 0.00489207
v 0.02428312 -0.00152723 0.00472605
v 0.02436536 -0.00124807 0.00457300
v 0.02461420 -0.00148633 0.00440471
v 0.02469251 -0.00122177 0.00424445
v 0.02492597 -0.00147556 0.00407301
v 0.02499978 -0.00122674 0.00390659
v 0.02521579 -0.00149544 0.00373069
v 0.02528460 -0.00126358 0.00355952
v 0.02548100 -0.00154943 0.00338510
v 0.02554439 -0.00133579 0.00321043
v 0.02571976 -0.00163868 0.00304018
v 0.02577746 -0.00144426 0.00286313
v 0.02593108 -0.00176336 0.00269836
v 0.02598290 -0.00158889 0.00252008
v 0.02611435 -0.00192356 0.00236238
v 0.02616045 -0.00176907 0.00218259
v 0.02626931 -0.00211847 0.00203357
v 0.02630967 -0.00198444 0.00185270
v 0.02639579 -0.00234735 0.00171400
v 0.02643020 -0.00223446 0.00153423
v 0.02649358 -0.00260931 0.00140749
v 0.02652197 -0.00251754 0.00123150
v 0.02656269 -0.00290244 0.00111836
v 0.02658516 -0.00283113 0.00094919
v 0.02660337 -0.00322389 0.00085129
v 0.02662021 -0.00317173 0.00069189
v 0.02661823 -0.00357002 0.00061080
v 0.02663002 -0.00353468 0.00046428
v 0.02661073 -0.00393652 0.00040149
v 0.01559915 -0.00137470 0.00699217
v 0.01426120 -0.00060440 0.00690445
v 0.01360093 -0.00003262 0.00680767
v 0.01367490 0.00071520 0.00662180
v 0.01453256 0.00192262 0.00613677
v 0.01307293 0.00226003 0.00609595
v 0.01304674 0.00193561 0.00624467
v 0.01301942 0.00159955 0.00637975
v 0.01377288 0.00176393 0.00625776
v 0.01697128 -0.00175620 0.00698015
v 0.01765226 -0.00194864 0.00696054
v 0.01772164 -0.00155520 0.00690769
v 0.01840387 -0.00175070 0.00688006
v 0.01847703 -0.00136195 0.00681478
v 0.01915817 -0.00157632 0.00677556
v 0.01923559 -0.00119353 0.00669723
v 0.01991371 -0.00143487 0.00664365
v 0.01999550 -0.00105991 0.00655191
v 0.02058195 -0.00170063 0.00657278
v 0.02066831 -0.00133335 0.00648143
v 0.02124292 -0.00198958 0.00648014
v 0.02133290 -0.00163310 0.00638907
v 0.02168400 -0.00179208 0.00631599
v 0.02177507 -0.00144310 0.00621084
v 0.02211975 -0.00161116 0.00611666
v 0.02221094 -0.00127032 0.00599801
v 0.02254517 -0.00144806 0.00588633
v 0.02263560 -0.00111614 0.00575497
v 0.02295791 -0.00130467 0.00562899
v 0.02304684 -0.00098255 0.00548589
v 0.02335610 -0.00118312 0.00534854
v 0.02344286 -0.00087191 0.00519469
v 0.02373772 -0.00108569 0.00504886
v 0.02382167 -0.00078682 0.00488511
v 0.02410152 -0.00101493 0.00473350
v 0.02418209 -0.00072977 0.00456074
v 0.02444495 -0.00097288 0.00440634
v 0.02452172 -0.00070272 0.00422544
v 0.02476802 -0.00096195 0.00407054
v 0.02484050 -0.00070806 0.00388241
v 0.02507061 -0.00098351 0.00372656
v 0.02513812 -0.00074746 0.00353246
v 0.02535017 -0.00103850 0.00337494
v 0.02541219 -0.00082177 0.00317647
v 0.02560432 -0.00113001 0.00302253
v 0.02566051 -0.00093358 0.00282093
v 0.02583153 -0.00125861 0.00267305
v 0.02588198 -0.00108265 0.00246781
v 0.02603126 -0.00142349 0.00232743
v 0.02607595 -0.00126880 0.00211879
v 0.02620306 -0.00162457 0.00198769
v 0.02624168 -0.00149228 0.00177780
v 0.02634626 -0.00186174 0.00165771
v 0.02637863 -0.00175230 0.00144926
v 0.02646064 -0.00213377 0.00134184
v 0.02648674 -0.00204694 0.00113791
v 0.02654631 -0.00243842 0.00104477
v 0.02656630 -0.00237326 0.00084842
v 0.02660362 -0.00277244 0.00077113
v 0.02661795 -0.00272688 0.00058563
v 0.02663329 -0.00313126 0.00052568
v 0.02663835 -0.00350984 0.00031284
v 0.01430554 -0.00021676 0.00682911
v 0.01565444 -0.00097946 0.00693257
v 0.01570752 -0.00059082 0.00686069
v 0.01703577 -0.00136193 0.00692501
v 0.01709845 -0.00097287 0.00685643
v 0.01778946 -0.00116611 0.00684077
v 0.01785580 -0.00078177 0.00676039
v 0.01854897 -0.00097703 0.00673545
v 0.01861974 -0.00059637 0.00664274
v 0.01931209 -0.00081411 0.00660504
v 0.01938764 -0.00043854 0.00649916
v 0.02007658 -0.00068795 0.00644615
v 0.02015685 -0.00031958 0.00632593
v 0.02075416 -0.00096823 0.00637579
v 0.02083936 -0.00060588 0.00625550
v 0.02142247 -0.00127796 0.00628357
v 0.02151147 -0.00092480 0.00616336
v 0.02186528 -0.00109570 0.00609113
v 0.02195449 -0.00075051 0.00595657
v 0.02230084 -0.00093135 0.00586477
v 0.02238936 -0.00059489 0.00571664
v 0.02272441 -0.00078643 0.00560908
v 0.02281146 -0.00045975 0.00544826
v 0.02313383 -0.00066318 0.00532828
v 0.02321867 -0.00034772 0.00515557
v 0.02352735 -0.00056433 0.00502620
v 0.02360935 -0.00026153 0.00484245
v 0.02390305 -0.00049245 0.00470662
v 0.02398167 -0.00020371 0.00451277
v 0.02425984 -0.00044995 0.00437316
v 0.02433456 -0.00017673 0.00417021
v 0.02459544 -0.00043883 0.00402971
v 0.02466578 -0.00018293 0.00381872
v 0.02490963 -0.00046176 0.00367958
v 0.02497507 -0.00022476 0.00346164
v 0.02520201 -0.00052024 0.00332383
v 0.02526195 -0.00030350 0.00310024
v 0.02547035 -0.00061495 0.00296365
v 0.02552465 -0.00041901 0.00273424
v 0.02571294 -0.00074744 0.00260344
v 0.02576144 -0.00057334 0.00236838
v 0.02592863 -0.00091808 0.00224577
v 0.02597091 -0.00076739 0.00200712
v 0.02611646 -0.00112717 0.00189434
v 0.02615229 -0.00100081 0.00165483
v 0.02627584 -0.00137427 0.00155363
v 0.02630511 -0.00127246 0.00131644
v 0.02640637 -0.00165790 0.00122850
v 0.02642913 -0.00158010 0.00099678
v 0.02650816 -0.00197541 0.00092366
v 0.02652476 -0.00191984 0.00070087
v 0.02658180 -0.00232266 0.00064405
v 0.02659273 -0.00228701 0.00043339
v 0.02662806 -0.00269480 0.00039426
v 0.02664795 -0.00308615 0.00017838
v 0.02659914 -0.00226615 0.00021816
v 0.02654332 -0.00185772 0.00023719
v 0.02653646 -0.00188066 0.00047142
v 0.02645916 -0.00147699 0.00050830
v 0.02644675 -0.00151964 0.00075603
v 0.02634769 -0.00112328 0.00080947
v 0.02632911 -0.00118853 0.00106770
v 0.02620814 -0.00080186 0.00113634
v 0.02618298 -0.00089177 0.00140164
v 0.02604033 -0.00051689 0.00148396
v 0.02600830 -0.00063293 0.00175269
v 0.02584429 -0.00027165 0.00184704
v 0.02580540 -0.00041391 0.00211594
v 0.02562044 -0.00006789 0.00222071
v 0.02557489 -0.00023573 0.00248651
v 0.02536975 0.00009386 0.00259950
v 0.02531794 -0.00009819 0.00285938
v 0.02509387 0.00021522 0.00297671
v 0.02503648 0.00000121 0.00322812
v 0.02479493 0.00029777 0.00334921
v 0.02473239 0.00006320 0.00359203
v 0.02447348 0.00034270 0.00371640
v 0.02440590 0.00008810 0.00395142
v 0.02412955 0.00035107 0.00407687
v 0.02405729 0.00007807 0.00430300
v 0.02376502 0.00032487 0.00442680
v 0.02368866 0.00003532 0.00464284
v 0.02338103 0.00026678 0.00476234
v 0.02330115 -0.00003734 0.00496712
v 0.02297933 0.00017981 0.00507942
v 0.02289651 -0.00013727 0.00527191
v 0.02256146 0.00006682 0.00537392
v 0.02247631 -0.00026178 0.00555323
v 0.02212929 -0.00006952 0.00564155
v 0.02204255 -0.00040817 0.00580685
v 0.02168716 -0.00022690 0.00587753
v 0.02159975 -0.00057424 0.00602812
v 0.02100733 0.00010808 0.00596948
v 0.02092379 -0.00024691 0.00612020
v 0.02031465 0.00040414 0.00604031
v 0.02023623 0.00004465 0.00619081
v 0.01953581 0.00029888 0.00624427
v 0.01946223 -0.00006736 0.00637907
v 0.01875787 0.00015033 0.00641681
v 0.01868937 -0.00022042 0.00653671
v 0.01798441 -0.00002890 0.00656093
v 0.01792076 -0.00040256 0.00666710
v 0.01721887 -0.00021187 0.00668105
v 0.01715944 -0.00058939 0.00677495
v 0.01580780 0.00016501 0.00668156
v 0.01575857 -0.00020919 0.00677690
v 0.01438778 0.00053375 0.00664547
v 0.01434766 0.00016278 0.00674271
v 0.01370907 0.00107500 0.00651256
v 0.01374166 0.00142474 0.00639150
v 0.01446292 0.00124807 0.00641679
v 0.01449833 0.00159054 0.00628363
v 0.01590144 0.00088953 0.00645487
v 0.01594615 0.00123903 0.00632193
v 0.01733346 0.00052365 0.00645514
v 0.01738882 0.00088078 0.00632171
v 0.01810801 0.00069992 0.00630737
v 0.01816807 0.00105414 0.00615864
v 0.01889154 0.00087419 0.00613299
v 0.01895668 0.00122608 0.00596775
v 0.01598968 0.00157946 0.00617481
v 0.01744300 0.00123026 0.00617366
v 0.01822697 0.00140077 0.00599428
v 0.01967975 0.00101417 0.00592826
v 0.01974984 0.00136139 0.00574555
v 0.01981842 0.00170018 0.00554521
v 0.01988531 0.00202943 0.00532636
v 0.01995026 0.00234780 0.00508818
v 0.02001287 0.00265341 0.00483003
v 0.02007272 0.00294429 0.00455128
v 0.02012939 0.00321845 0.00425130
v 0.02018295 0.00347650 0.00392718
v 0.02023314 0.00371775 0.00357645
v 0.02027908 0.00393840 0.00319905
v 0.02031997 0.00413492 0.00279606
v 0.02035506 0.00430403 0.00236964
v 0.02038374 0.00444289 0.00192231
v 0.02040577 0.00455035 0.00145774
v 0.02042107 0.00462572 0.00097991
v 0.02042985 0.00466956 0.00049272
v 0.01960834 0.00065964 0.00609421
v 0.01882526 0.00051537 0.00628243
v 0.01804681 0.00033875 0.00644124
v 0.01727684 0.00015928 0.00657468
v 0.01585537 0.00053139 0.00657448
v 0.01442614 0.00089566 0.00653711
v 0.01883306 0.00484871 0.00100941
v 0.01882106 0.00477844 0.00149872
v 0.01880347 0.00467773 0.00197275
v 0.01878030 0.00454710 0.00242766
v 0.01875169 0.00438756 0.00285991
v 0.01871819 0.00420185 0.00326716
v 0.01868048 0.00399315 0.00364745
v 0.01863930 0.00376492 0.00399992
v 0.01859546 0.00352087 0.00432492
v 0.01854914 0.00326097 0.00462508
v 0.01850018 0.00298383 0.00490338
v 0.01844894 0.00269129 0.00516058
v 0.01839574 0.00238520 0.00539742
v 0.01834091 0.00206730 0.00561467
v 0.01828462 0.00173882 0.00581329
v 0.01749603 0.00157146 0.00601014
v 0.01603209 0.00191026 0.00601262
v 0.01456575 0.00224373 0.00597524
v 0.01309817 0.00257216 0.00593268
v 0.02397521 -0.00555146 0.00474526
v 0.02429172 -0.00545902 0.00452666
v 0.02458954 -0.00537417 0.00427241
v 0.02486713 -0.00529708 0.00399181
v 0.02520190 -0.00505017 0.00365455
v 0.02550067 -0.00483448 0.00328808
v 0.02575749 -0.00467433 0.00290901
v 0.02597169 -0.00457242 0.00252750
v 0.02614289 -0.00453053 0.00214948
v 0.02627205 -0.00454968 0.00177990
v 0.02636121 -0.00463087 0.00142324
v 0.02641021 -0.00477402 0.00108503
v 0.02641756 -0.00497757 0.00077277
v 0.02638141 -0.00523674 0.00049412
v 0.02629850 -0.00554302 0.00026137
v 0.02616516 -0.00588128 0.00009133
v 0.02018216 0.00157886 0.00551948
v 0.02025199 0.00190917 0.00530047
v 0.02031980 0.00222886 0.00506224
v 0.02038518 0.00253603 0.00480418
v 0.02044769 0.00282869 0.00452569
v 0.02050690 0.00310483 0.00422618
v 0.02056284 0.00336488 0.00390276
v 0.02061523 0.00360800 0.00355301
v 0.02066319 0.00383037 0.00317695
v 0.02070590 0.00402847 0.00277569
v 0.02074259 0.00419900 0.00235145
v 0.02077261 0.00433912 0.00190675
v 0.02079575 0.00444764 0.00144530
v 0.02081186 0.00452382 0.00097109
v 0.02071306 -0.00499749 -0.00640167
v 0.02151028 -0.00519693 -0.00614114
v 0.02466479 -0.00606551 -0.00368174
v 0.02566693 -0.00619033 -0.00191730
v 0.02025680 -0.00520811 -0.00630121
v 0.02024756 -0.00520762 -0.00630198
v 0.02027981 -0.00501633 -0.00641968
v 0.01797760 -0.00508866 -0.00648720
v 0.01760621 -0.00506920 -0.00651537
v 0.01763618 -0.00484362 -0.00663312
v 0.01757043 -0.00506732 -0.00651808
v 0.01938663 -0.00504784 -0.00644594
v 0.01936832 -0.00516155 -0.00637546
v 0.01855878 -0.00511912 -0.00644312
v 0.02067330 -0.00522994 -0.00625625
v 0.02066766 -0.00522964 -0.00625719
v 0.02076296 -0.00523463 -0.00624138
v 0.02108789 -0.00525234 -0.00618448
v 0.02109405 -0.00521822 -0.00620825
v 0.02135836 -0.00527050 -0.00612201
v 0.02149478 -0.00528367 -0.00608068
v 0.02167036 -0.00530062 -0.00602748
v 0.02170008 -0.00530436 -0.00601631
v 0.02189312 -0.00532865 -0.00594371
v 0.02197879 -0.00533943 -0.00591149
v 0.02266273 -0.00545807 -0.00557089
v 0.02259726 -0.00544473 -0.00560863
v 0.02258842 -0.00544293 -0.00561373
v 0.02228450 -0.00538684 -0.00577374
v 0.02228310 -0.00538520 -0.00577552
v 0.02227633 -0.00538557 -0.00577742
v 0.02267900 -0.00546139 -0.00556151
v 0.02298326 -0.00552936 -0.00537066
v 0.02303318 -0.00554201 -0.00533549
v 0.02309703 -0.00555818 -0.00529053
v 0.02327283 -0.00560271 -0.00516670
v 0.02339330 -0.00563668 -0.00507148
v 0.02379872 -0.00575808 -0.00472215
v 0.02404394 -0.00584061 -0.00447069
v 0.02406128 -0.00584683 -0.00445097
v 0.02347923 -0.00566091 -0.00500355
v 0.02354289 -0.00567887 -0.00495323
v 0.02373492 -0.00573832 -0.00477978
v 0.02409740 -0.00585979 -0.00440990
v 0.02420337 -0.00589781 -0.00428938
v 0.02434008 -0.00594986 -0.00411673
v 0.02437040 -0.00596141 -0.00407845
v 0.02464680 -0.00607207 -0.00369351
v 0.02465010 -0.00607341 -0.00368878
v 0.02466298 -0.00607896 -0.00366781
v 0.02484619 -0.00615786 -0.00336965
v 0.02493599 -0.00619856 -0.00320297
v 0.02499978 -0.00622747 -0.00308459
v 0.02521440 -0.00610492 -0.00293173
v 0.02518925 -0.00631689 -0.00268543
v 0.02518159 -0.00631316 -0.00270257
v 0.02517389 -0.00630952 -0.00271971
v 0.02502370 -0.00623832 -0.00304018
v 0.02544843 -0.00618989 -0.00241039
v 0.02542045 -0.00642365 -0.00208434
v 0.02541093 -0.00642774 -0.00209002
v 0.02523077 -0.00633712 -0.00258754
v 0.02524311 -0.00634327 -0.00255516
v 0.02536164 -0.00640238 -0.00224428
v 0.02564458 -0.00637576 -0.00160673
v 0.02562495 -0.00652554 -0.00128845
v 0.02561371 -0.00653449 -0.00129366
v 0.02556190 -0.00650659 -0.00155257
v 0.02553071 -0.00649013 -0.00167270
v 0.02547186 -0.00645908 -0.00189935
v 0.02541927 -0.00643203 -0.00206392
v 0.02583547 -0.00635103 -0.00087775
v 0.02582467 -0.00642691 -0.00057583
v 0.02570481 -0.00658427 -0.00060655
v 0.02568390 -0.00657271 -0.00083492
v 0.02566873 -0.00656442 -0.00094239
v 0.02584966 -0.00624614 -0.00117292
v 0.02563217 -0.00654443 -0.00120139
v 0.02562296 -0.00653947 -0.00124741
v 0.02572571 -0.00659585 -0.00028475
v 0.02572146 -0.00659348 -0.00041012
v 0.02571850 -0.00659184 -0.00045697
v 0.02581585 -0.00648624 -0.00000015
v 0.02573373 -0.00660031 -0.00000029
v 0.02573356 -0.00660021 -0.00005312
v 0.02581798 -0.00647288 -0.00027347
v 0.02582048 -0.00647982 -0.00000014
v 0.02443551 -0.00598620 -0.00399622
v 0.02104187 -0.00524925 -0.00619511
v 0.01942479 -0.00479704 -0.00658207
v 0.01766924 -0.00458286 -0.00675233
v 0.01770107 -0.00431817 -0.00685583
v 0.02108713 -0.00525190 0.00617501
v 0.02104187 -0.00524925 0.00618453
v 0.02104187 -0.00524925 0.00579249
v 0.02104187 -0.00524925 -0.00341710
v 0.02104187 -0.00524925 0.00341710
v 0.02170001 -0.00530502 0.00600379
v 0.02155815 -0.00528874 0.00605329
v 0.02104187 -0.00524925 -0.00580403
v 0.02149451 -0.00528259 0.00607260
v 0.02147209 -0.00528042 0.00607941
v 0.02117046 -0.00525676 0.00615751
v 0.02243980 -0.00541437 0.00568360
v 0.02228116 -0.00538726 0.00576162
v 0.02215197 -0.00536518 0.00582516
v 0.02189253 -0.00532809 0.00593417
v 0.02185820 -0.00532318 0.00594860
v 0.02303626 -0.00554259 0.00532219
v 0.02339311 -0.00563618 0.00506143
v 0.02334943 -0.00562354 0.00509725
v 0.02327130 -0.00560229 0.00515609
v 0.02272204 -0.00547045 0.00552451
v 0.02266138 -0.00545840 0.00555870
v 0.02259708 -0.00544562 0.00559494
v 0.02299908 -0.00553315 0.00534847
v 0.02303259 -0.00554166 0.00532478
v 0.02405979 -0.00584654 0.00443914
v 0.02409342 -0.00585806 0.00440366
v 0.02431517 -0.00593962 0.00414021
v 0.02385842 -0.00577757 0.00465163
v 0.02373404 -0.00573822 0.00476772
v 0.02347918 -0.00566110 0.00499085
v 0.02360933 -0.00569877 0.00488411
v 0.02450909 -0.00601550 -0.00388598
v 0.02434024 -0.00594945 0.00410673
v 0.02466204 -0.00607890 0.00365374
v 0.02514023 -0.00629325 0.00278281
v 0.02498063 -0.00621850 0.00311008
v 0.02497479 -0.00621576 0.00312205
v 0.02493550 -0.00619820 0.00319227
v 0.02479054 -0.00613343 0.00345129
v 0.02471977 -0.00610289 0.00356694
v 0.02461628 -0.00605987 0.00372254
v 0.02452398 -0.00602151 0.00386131
v 0.02436986 -0.00596107 0.00406716
v 0.02517383 -0.00630965 0.00270279
v 0.02518846 -0.00631679 0.00266795
v 0.02541886 -0.00643166 0.00205716
v 0.02557250 -0.00651225 0.00118425
v 0.02572481 -0.00659534 0.00031135
v 0.02572326 -0.00659449 0.00036517
v 0.02570194 -0.00658268 0.00063165
v 0.02569444 -0.00657852 0.00072538
v 0.02566394 -0.00656178 0.00096639
v 0.02564975 -0.00655400 0.00107846
v 0.02562245 -0.00653922 0.00122939
v 0.02560663 -0.00653065 0.00131688
v 0.02558787 -0.00652049 0.00142062
v 0.02552317 -0.00648605 0.00169518
v 0.02551685 -0.00648268 0.00172199
v 0.02541162 -0.00642789 0.00208189
v 0.02540060 -0.00642232 0.00211294
v 0.02528591 -0.00636434 0.00243588
v 0.02522484 -0.00633455 0.00258130
v 0.02058950 -0.00522554 0.00625594
v 0.02055033 -0.00522349 0.00626174
v 0.02024648 -0.00520757 0.00629135
v 0.02015965 -0.00520302 0.00629981
v 0.01972686 -0.00518034 0.00633810
v 0.01814637 -0.00509751 0.00646543
v 0.01777381 -0.00507798 0.00649353
v 0.01752599 -0.00506499 0.00651222
v 0.01760556 -0.00506916 0.00650622
v 0.02092575 -0.00524317 0.00620619
v 0.02067196 -0.00522987 0.00624374
v 0.01936783 -0.00516152 0.00636837
v 0.01924714 -0.00515519 0.00637855
v 0.01872021 -0.00512758 0.00642092
v 0.01763748 -0.00482900 0.00663243
v 0.01938828 -0.00503159 0.00644622
v 0.02581806 -0.00646955 0.00029890
v 0.02071474 -0.00498165 0.00640208
v 0.02028147 -0.00500034 0.00642003
v 0.01767023 -0.00457047 0.00675107
v 0.01770176 -0.00430813 0.00685423
v 0.01942608 -0.00478283 0.00658155
v 0.02109611 -0.00520070 0.00620969
v 0.02067378 -0.00522151 0.00625168
v 0.02151230 -0.00517958 0.00614262
v 0.02466682 -0.00604392 0.00369031
v 0.02521614 -0.00608454 0.00294207
v 0.02566834 -0.00617343 0.00193120
v 0.02542214 -0.00640546 0.00209941
v 0.02545004 -0.00617080 0.00242268
v 0.02564598 -0.00636047 0.00162324
v 0.02562621 -0.00651269 0.00130756
v 0.02585072 -0.00623433 0.00119037
v 0.02583634 -0.00634183 0.00089805
v 0.02582521 -0.00642019 0.00059881
f 1 2 3
f 4 5 6
f 7 8 9
f 10 11 12
f 13 14 15
f 16 17 18
f 19 20 21
f 22 23 24
f 25 26 9
f 27 28 29
f 30 31 32
f 32 31 33
f 33 31 34
f 33 34 35
f 29 28 32
f 32 28 36
f 32 36 30
f 37 38 39
f 39 38 40
f 39 40 41
f 37 39 42
f 42 39 43
f 42 43 44
f 45 46 47
f 47 46 48
f 48 49 43
f 43 49 50
f 43 50 44
f 51 52 53
f 53 52 54
f 53 54 55
f 55 54 56
f 56 54 57
f 56 57 58
f 59 60 61
f 61 60 62
f 61 62 57
f 57 62 63
f 57 63 58
f 9 26 64
f 26 65 64
f 64 65 66
f 64 66 29
f 29 66 67
f 29 67 27
f 68 69 70
f 71 72 73
f 73 72 74
f 74 75 73
f 73 75 76
f 73 76 77
f 78 79 80
f 69 81 70
f 70 81 82
f 70 82 80
f 80 82 83
f 80 83 78
f 84 85 86
f 86 85 87
f 86 87 88
f 88 89 86
f 86 89 90
f 86 90 3
f 3 90 91
f 3 91 92
f 93 94 95
f 93 95 21
f 21 95 96
f 21 96 19
f 97 98 99
f 99 98 100
f 100 101 102
f 102 101 103
f 102 103 93
f 93 103 104
f 93 104 94
f 20 105 21
f 21 105 106
f 21 106 107
f 23 108 24
f 24 108 109
f 24 109 6
f 6 109 110
f 6 110 111
f 112 113 114
f 114 113 18
f 114 18 115
f 115 18 17
f 116 117 118
f 118 117 119
f 118 119 120
f 121 122 13
f 14 123 15
f 15 123 124
f 15 124 116
f 116 124 125
f 116 125 117
f 120 126 118
f 118 126 127
f 118 127 128
f 128 127 129
f 128 129 130
f 10 12 131
f 131 12 132
f 131 132 133
f 134 135 136
f 136 135 137
f 136 137 138
f 138 139 136
f 136 139 140
f 136 140 132
f 132 140 141
f 132 141 133
f 142 143 144
f 144 143 145
f 146 147 148
f 148 147 143
f 148 143 149
f 149 143 142
f 146 150 147
f 147 150 151
f 147 151 134
f 134 151 152
f 134 152 135
f 11 153 12
f 12 153 154
f 12 154 121
f 121 154 155
f 121 155 122
f 156 157 158
f 158 157 159
f 157 160 159
f 159 160 161
f 159 161 162
f 40 163 41
f 41 163 164
f 41 164 145
f 145 164 165
f 145 165 144
f 166 113 167
f 167 113 168
f 18 169 170
f 170 171 18
f 18 171 128
f 18 128 16
f 16 128 130
f 166 172 113
f 113 172 173
f 113 173 18
f 18 173 174
f 18 174 169
f 118 175 176
f 13 15 121
f 121 15 177
f 121 177 178
f 118 176 116
f 116 176 179
f 116 179 180
f 180 181 116
f 116 181 182
f 116 182 15
f 15 182 183
f 15 183 177
f 171 184 128
f 128 184 185
f 128 185 118
f 118 185 186
f 118 186 175
f 187 132 188
f 188 132 12
f 188 12 189
f 189 12 190
f 191 134 192
f 192 134 136
f 192 136 193
f 193 136 194
f 187 195 132
f 132 195 196
f 132 196 136
f 136 196 197
f 136 197 194
f 198 199 147
f 147 199 200
f 147 200 143
f 143 200 201
f 143 201 202
f 203 145 204
f 204 145 143
f 204 143 205
f 205 143 202
f 191 206 134
f 134 206 207
f 134 207 147
f 147 207 208
f 147 208 198
f 178 209 121
f 121 209 210
f 121 210 12
f 12 210 211
f 12 211 190
f 212 213 47
f 213 214 47
f 47 214 162
f 47 162 45
f 45 162 161
f 215 216 159
f 159 216 217
f 159 217 158
f 158 217 218
f 214 219 162
f 162 219 220
f 162 220 159
f 159 220 221
f 159 221 215
f 222 223 47
f 47 223 224
f 47 224 212
f 48 43 47
f 47 43 225
f 47 225 222
f 226 227 41
f 41 227 228
f 41 228 39
f 39 228 229
f 39 229 230
f 230 231 39
f 39 231 232
f 39 232 43
f 43 232 233
f 43 233 225
f 203 234 145
f 145 234 235
f 145 235 41
f 41 235 236
f 41 236 226
f 52 237 238
f 239 240 57
f 57 240 241
f 57 241 61
f 61 241 242
f 61 242 243
f 238 244 52
f 52 244 245
f 52 245 54
f 54 245 246
f 54 246 247
f 247 248 54
f 54 248 249
f 54 249 57
f 57 249 250
f 57 250 239
f 243 251 61
f 61 251 33
f 61 33 59
f 59 33 35
f 251 252 33
f 33 252 253
f 33 253 254
f 254 255 33
f 33 255 256
f 33 256 32
f 32 256 257
f 8 258 9
f 9 258 80
f 9 80 25
f 25 80 79
f 259 260 64
f 64 260 261
f 64 261 9
f 9 261 262
f 9 262 7
f 263 264 70
f 70 264 265
f 70 265 266
f 266 267 70
f 70 267 77
f 70 77 68
f 68 77 76
f 268 269 73
f 73 269 270
f 270 4 73
f 73 4 6
f 73 6 71
f 71 6 111
f 267 271 77
f 77 271 272
f 77 272 73
f 73 272 273
f 73 273 268
f 258 274 80
f 80 274 275
f 80 275 70
f 70 275 276
f 70 276 263
f 24 277 278
f 278 1 24
f 24 1 3
f 24 3 22
f 22 3 92
f 279 280 107
f 279 107 281
f 282 281 86
f 86 281 107
f 86 107 84
f 84 107 106
f 2 283 3
f 3 283 284
f 3 284 86
f 86 284 285
f 86 285 282
f 100 102 99
f 99 102 286
f 99 286 287
f 288 289 93
f 93 289 290
f 93 290 102
f 102 290 291
f 102 291 286
f 280 292 107
f 107 292 293
f 107 293 21
f 21 293 294
f 21 294 93
f 93 294 295
f 93 295 288
f 5 296 6
f 6 296 297
f 6 297 24
f 24 297 298
f 24 298 277
f 257 299 32
f 32 299 300
f 32 300 29
f 29 300 301
f 301 302 29
f 29 302 303
f 29 303 64
f 64 303 304
f 64 304 259
f 305 306 158
f 158 306 307
f 158 307 156
f 112 308 113
f 113 308 309
f 113 309 310
f 310 309 311
f 310 311 99
f 99 311 312
f 99 312 97
f 218 313 158
f 158 313 314
f 158 314 305
f 305 314 315
f 315 316 305
f 305 316 317
f 305 317 318
f 287 319 99
f 99 319 320
f 99 320 310
f 310 320 321
f 310 321 113
f 113 321 322
f 113 322 168
f 323 324 325
f 326 327 328
f 329 330 331
f 127 332 129
f 131 333 10
f 334 335 331
f 336 337 338
f 339 340 341
f 342 343 344
f 344 343 340
f 345 346 347
f 347 346 348
f 347 348 349
f 337 350 338
f 338 350 351
f 338 351 352
f 336 338 353
f 353 338 354
f 353 354 355
f 354 356 357
f 357 358 354
f 354 358 359
f 354 359 355
f 331 335 360
f 360 335 361
f 360 361 362
f 363 364 330
f 364 365 330
f 330 365 366
f 330 366 331
f 331 366 367
f 331 367 334
f 142 144 368
f 368 144 165
f 368 165 164
f 42 369 37
f 37 369 38
f 38 369 40
f 40 369 370
f 40 370 163
f 163 370 371
f 163 371 164
f 164 371 363
f 164 363 368
f 368 363 330
f 368 330 142
f 142 330 329
f 142 329 149
f 150 146 329
f 329 146 148
f 329 148 149
f 372 138 137
f 137 135 373
f 373 135 152
f 373 152 151
f 133 141 374
f 374 141 140
f 374 140 372
f 372 140 139
f 372 139 138
f 326 154 327
f 327 154 153
f 327 153 11
f 10 333 11
f 11 333 375
f 11 375 327
f 13 122 326
f 326 122 155
f 326 155 154
f 123 14 376
f 123 376 124
f 119 117 377
f 377 117 125
f 377 125 124
f 119 377 120
f 120 377 378
f 120 378 126
f 115 17 379
f 379 17 16
f 379 16 332
f 332 16 130
f 332 130 129
f 311 309 380
f 380 309 308
f 380 308 381
f 381 308 112
f 381 112 114
f 151 150 373
f 373 150 329
f 373 329 382
f 382 329 331
f 382 331 383
f 383 331 360
f 383 360 384
f 385 386 387
f 387 386 384
f 387 384 388
f 388 384 360
f 137 373 372
f 372 373 382
f 372 382 374
f 374 382 383
f 374 383 389
f 389 383 384
f 389 384 390
f 390 384 386
f 390 386 391
f 391 386 385
f 391 385 392
f 392 328 391
f 391 328 327
f 391 327 390
f 390 327 375
f 390 375 389
f 389 375 333
f 389 333 374
f 374 333 131
f 374 131 133
f 393 347 341
f 341 347 349
f 341 349 339
f 340 343 341
f 341 343 394
f 341 394 393
f 393 394 395
f 325 396 397
f 397 396 398
f 399 379 400
f 400 379 332
f 400 332 378
f 378 332 127
f 378 127 126
f 376 398 401
f 401 398 396
f 401 396 402
f 402 396 325
f 402 325 403
f 404 405 403
f 325 324 403
f 403 324 404
f 406 407 381
f 381 407 380
f 405 406 399
f 399 406 381
f 399 381 379
f 379 381 114
f 379 114 115
f 124 376 377
f 377 376 401
f 377 401 378
f 378 401 402
f 378 402 400
f 400 402 403
f 400 403 399
f 399 403 405
f 351 345 352
f 352 345 347
f 352 347 397
f 397 347 393
f 397 393 325
f 325 393 395
f 325 395 323
f 362 356 360
f 360 356 354
f 360 354 388
f 388 354 338
f 388 338 387
f 387 338 352
f 387 352 385
f 385 352 397
f 385 397 392
f 392 397 398
f 392 398 328
f 328 398 376
f 328 376 326
f 326 376 14
f 326 14 13
f 408 409 410
f 343 342 411
f 75 74 412
f 412 74 72
f 98 97 413
f 312 311 380
f 98 413 100
f 94 104 414
f 414 104 103
f 414 103 101
f 95 415 96
f 96 415 19
f 19 415 20
f 20 415 416
f 20 416 105
f 85 84 417
f 417 84 106
f 418 88 417
f 417 88 87
f 417 87 85
f 89 419 90
f 90 419 91
f 109 108 420
f 108 23 420
f 420 23 22
f 420 22 419
f 419 22 92
f 419 92 91
f 110 421 111
f 111 421 410
f 111 410 71
f 75 412 76
f 76 412 422
f 76 422 68
f 83 82 423
f 423 82 81
f 423 81 422
f 422 81 69
f 422 69 68
f 424 79 425
f 425 79 78
f 425 78 83
f 65 26 424
f 424 26 25
f 424 25 79
f 426 427 424
f 424 427 428
f 424 428 65
f 65 428 429
f 65 429 66
f 66 429 67
f 67 429 430
f 67 430 27
f 27 430 28
f 28 430 431
f 28 431 36
f 432 433 434
f 434 433 435
f 436 437 438
f 438 437 439
f 438 439 432
f 440 441 442
f 442 441 443
f 444 445 446
f 445 447 446
f 446 447 448
f 446 448 449
f 450 451 452
f 452 451 453
f 452 453 454
f 454 453 455
f 454 455 442
f 442 455 456
f 442 456 440
f 450 452 457
f 457 452 458
f 457 458 411
f 343 411 394
f 394 411 458
f 323 395 459
f 460 405 461
f 405 404 461
f 461 404 324
f 461 324 459
f 459 324 323
f 97 312 413
f 413 312 380
f 413 380 462
f 380 407 462
f 462 407 406
f 462 406 460
f 460 406 405
f 101 100 414
f 414 100 413
f 414 413 463
f 463 413 462
f 463 462 464
f 464 462 460
f 464 460 465
f 465 460 461
f 465 461 466
f 466 461 459
f 95 94 415
f 415 94 414
f 415 414 416
f 416 414 463
f 416 463 467
f 467 463 464
f 467 464 468
f 468 464 465
f 468 465 469
f 469 465 466
f 469 466 470
f 106 105 417
f 417 105 416
f 417 416 418
f 418 416 467
f 418 467 471
f 471 467 468
f 471 468 472
f 472 468 469
f 472 469 473
f 473 469 470
f 408 446 474
f 474 446 449
f 474 449 475
f 475 436 474
f 474 436 438
f 474 438 408
f 408 438 476
f 408 476 409
f 83 423 425
f 425 423 434
f 425 434 424
f 424 434 435
f 424 435 426
f 432 434 438
f 438 434 423
f 438 423 476
f 476 423 422
f 476 422 409
f 409 422 412
f 409 412 410
f 410 412 72
f 410 72 71
f 110 109 421
f 421 109 420
f 421 420 410
f 410 420 477
f 410 477 408
f 408 477 478
f 408 478 446
f 446 478 442
f 446 442 444
f 444 442 443
f 89 88 419
f 419 88 418
f 419 418 420
f 420 418 471
f 420 471 477
f 477 471 472
f 477 472 478
f 478 472 473
f 478 473 442
f 442 473 470
f 442 470 454
f 454 470 466
f 454 466 452
f 452 466 459
f 452 459 458
f 458 459 395
f 458 395 394
f 348 346 479
f 427 426 480
f 307 306 481
f 482 483 160
f 484 485 486
f 487 488 489
f 490 491 492
f 493 494 495
f 496 51 53
f 53 55 496
f 496 55 56
f 496 56 497
f 497 56 58
f 497 58 498
f 498 58 63
f 63 62 498
f 498 62 60
f 498 60 499
f 499 60 59
f 499 59 35
f 500 501 502
f 502 501 503
f 502 503 499
f 499 503 504
f 499 504 498
f 505 506 480
f 480 506 507
f 480 507 508
f 509 510 505
f 505 510 511
f 505 511 506
f 512 513 514
f 514 513 515
f 516 517 515
f 515 517 518
f 515 518 514
f 516 515 519
f 519 515 520
f 519 520 521
f 521 520 522
f 521 522 523
f 524 525 522
f 522 525 526
f 522 526 523
f 527 528 529
f 529 528 530
f 529 530 524
f 524 530 531
f 524 531 525
f 527 529 532
f 532 529 533
f 532 533 534
f 535 536 537
f 537 536 538
f 537 538 533
f 533 538 539
f 533 539 534
f 540 479 541
f 541 479 495
f 541 495 542
f 542 495 494
f 491 543 492
f 492 543 544
f 492 544 545
f 545 544 546
f 545 546 493
f 547 548 549
f 549 548 487
f 550 551 552
f 551 553 552
f 552 553 554
f 552 554 549
f 549 554 555
f 549 555 547
f 556 550 557
f 486 485 557
f 557 485 558
f 557 558 556
f 48 46 559
f 559 46 45
f 559 45 483
f 483 45 161
f 483 161 160
f 482 160 560
f 560 160 157
f 560 157 481
f 481 157 156
f 481 156 307
f 44 50 559
f 559 50 49
f 559 49 48
f 486 370 369
f 483 484 559
f 559 484 486
f 559 486 44
f 44 486 369
f 44 369 42
f 30 36 431
f 35 34 499
f 499 34 31
f 499 31 30
f 440 524 441
f 441 524 522
f 441 522 443
f 443 522 444
f 440 456 524
f 524 456 455
f 524 455 529
f 529 455 453
f 529 453 451
f 451 450 529
f 529 450 457
f 529 457 533
f 533 457 411
f 533 411 342
f 444 522 445
f 445 522 520
f 445 520 447
f 447 520 515
f 447 515 448
f 439 437 505
f 505 437 513
f 505 513 509
f 509 513 512
f 437 436 513
f 513 436 475
f 513 475 515
f 515 475 449
f 515 449 448
f 30 431 499
f 499 431 430
f 499 430 502
f 502 430 429
f 502 429 428
f 428 427 502
f 502 427 480
f 502 480 500
f 500 480 508
f 426 435 480
f 480 435 433
f 480 433 505
f 505 433 432
f 505 432 439
f 552 367 366
f 550 552 557
f 557 552 366
f 557 366 365
f 487 489 549
f 549 489 356
f 549 356 362
f 362 361 549
f 549 361 335
f 549 335 552
f 552 335 334
f 552 334 367
f 365 364 557
f 557 364 363
f 557 363 486
f 486 363 371
f 486 371 370
f 359 358 489
f 489 358 357
f 489 357 356
f 355 359 492
f 492 359 489
f 492 489 490
f 490 489 488
f 355 492 353
f 353 492 545
f 353 545 336
f 493 495 545
f 545 495 337
f 545 337 336
f 349 348 537
f 537 348 479
f 537 479 535
f 535 479 540
f 346 345 479
f 479 345 351
f 479 351 495
f 495 351 350
f 495 350 337
f 342 344 533
f 533 344 340
f 533 340 537
f 537 340 339
f 537 339 349
f 561 562 563
f 562 564 565
f 565 566 562
f 562 566 567
f 562 567 563
f 563 567 568
f 569 570 571
f 571 570 572
f 571 572 573
f 573 572 574
f 573 574 575
f 575 574 576
f 575 576 577
f 578 579 563
f 563 579 580
f 563 580 561
f 581 582 583
f 583 582 584
f 583 584 563
f 563 584 585
f 563 585 578
f 571 586 569
f 569 586 587
f 569 587 562
f 562 587 588
f 562 588 564
f 589 590 591
f 568 592 563
f 563 592 593
f 563 593 594
f 594 595 563
f 563 595 596
f 563 596 597
f 598 583 599
f 599 583 563
f 598 600 583
f 583 600 601
f 583 601 602
f 602 603 583
f 583 603 604
f 583 604 581
f 605 606 607
f 607 606 608
f 605 609 606
f 606 609 610
f 606 610 611
f 611 612 606
f 606 612 613
f 606 613 614
f 615 616 606
f 615 606 617
f 590 617 618
f 618 617 606
f 618 606 619
f 619 606 614
f 616 620 606
f 606 620 621
f 606 621 622
f 622 623 606
f 606 623 624
f 606 624 625
f 597 626 563
f 563 626 608
f 563 608 599
f 599 608 606
f 599 606 627
f 627 606 625
f 590 618 591
f 591 618 628
f 591 628 629
f 629 630 591
f 591 630 631
f 591 631 632
f 632 633 591
f 591 633 634
f 591 634 635
f 635 636 591
f 591 636 637
f 591 637 638
f 638 639 591
f 591 639 640
f 591 640 641
f 641 642 591
f 591 642 643
f 591 643 644
f 644 645 591
f 591 645 646
f 591 646 647
f 647 648 591
f 591 648 649
f 591 649 650
f 651 652 591
f 650 653 591
f 591 653 654
f 591 654 651
f 652 655 591
f 591 655 656
f 591 656 589
f 213 212 657
f 229 658 230
f 281 659 279
f 574 660 576
f 651 661 652
f 232 231 662
f 663 664 657
f 665 666 667
f 667 318 317
f 665 667 668
f 668 667 317
f 668 317 669
f 669 317 316
f 669 316 670
f 670 316 315
f 670 315 671
f 672 673 313
f 671 315 673
f 673 315 314
f 673 314 313
f 313 218 672
f 672 218 674
f 672 674 675
f 675 674 676
f 676 674 677
f 677 674 678
f 677 678 679
f 680 223 681
f 681 223 222
f 681 222 682
f 682 222 683
f 222 225 683
f 683 225 233
f 683 233 684
f 233 232 684
f 684 232 662
f 684 662 575
f 575 662 573
f 228 227 587
f 587 227 226
f 587 226 588
f 226 236 588
f 588 236 235
f 588 235 564
f 235 234 564
f 564 234 203
f 564 203 565
f 565 203 204
f 565 204 566
f 566 204 685
f 566 685 567
f 567 685 568
f 568 685 686
f 568 686 592
f 592 686 200
f 592 200 593
f 200 199 593
f 593 199 198
f 593 198 594
f 594 198 208
f 594 208 595
f 595 208 207
f 595 207 596
f 207 206 596
f 596 206 687
f 596 687 597
f 597 687 626
f 206 191 687
f 687 191 192
f 687 192 626
f 626 192 193
f 626 193 608
f 608 193 194
f 608 194 607
f 607 194 197
f 196 609 197
f 197 609 605
f 197 605 607
f 196 195 609
f 609 195 187
f 609 187 610
f 610 187 188
f 610 188 611
f 611 188 189
f 611 189 612
f 612 189 190
f 612 190 613
f 613 190 211
f 613 211 614
f 614 211 210
f 614 210 619
f 178 177 628
f 628 177 629
f 210 209 619
f 619 209 178
f 619 178 618
f 618 178 628
f 177 183 629
f 629 183 182
f 629 182 630
f 630 182 631
f 182 181 631
f 631 181 180
f 631 180 632
f 632 180 688
f 632 688 633
f 185 635 634
f 185 184 635
f 635 184 171
f 635 171 636
f 636 171 637
f 171 170 637
f 637 170 169
f 637 169 638
f 638 169 174
f 638 174 639
f 174 173 639
f 639 173 172
f 639 172 640
f 640 172 166
f 640 166 641
f 166 167 641
f 641 167 168
f 641 168 642
f 642 168 322
f 642 322 643
f 643 322 321
f 643 321 644
f 644 321 320
f 644 320 645
f 645 320 319
f 645 319 646
f 646 319 287
f 646 287 647
f 647 287 286
f 647 286 648
f 648 286 291
f 648 291 649
f 653 650 289
f 289 650 649
f 289 649 290
f 290 649 291
f 282 589 656
f 652 661 655
f 655 661 659
f 655 659 656
f 656 659 281
f 656 281 282
f 615 617 283
f 283 617 590
f 283 590 284
f 284 590 589
f 284 589 285
f 285 589 282
f 283 2 615
f 615 2 1
f 615 1 616
f 616 1 278
f 616 278 620
f 620 278 277
f 620 277 621
f 277 298 621
f 621 298 297
f 621 297 622
f 622 297 296
f 622 296 623
f 296 5 623
f 623 5 4
f 623 4 624
f 624 4 270
f 624 270 625
f 625 270 627
f 627 270 269
f 627 269 599
f 599 269 268
f 599 268 598
f 598 268 689
f 598 689 600
f 268 273 689
f 689 273 272
f 689 272 600
f 600 272 271
f 600 271 601
f 601 271 602
f 271 267 602
f 602 267 266
f 602 266 603
f 603 266 265
f 603 265 604
f 690 584 582
f 265 264 604
f 604 264 690
f 604 690 581
f 581 690 582
f 264 263 690
f 690 263 276
f 690 276 584
f 578 7 579
f 579 7 262
f 579 262 261
f 276 275 584
f 584 275 274
f 584 274 585
f 585 274 258
f 585 258 578
f 578 258 8
f 578 8 7
f 660 574 691
f 574 572 691
f 691 572 570
f 691 570 304
f 304 570 569
f 304 569 259
f 259 569 562
f 259 562 260
f 260 562 561
f 260 561 261
f 261 561 580
f 261 580 579
f 692 577 301
f 301 300 692
f 692 300 299
f 692 299 693
f 693 299 257
f 693 257 694
f 694 257 256
f 694 256 695
f 695 256 255
f 695 255 696
f 697 698 699
f 699 698 700
f 701 702 703
f 703 702 698
f 703 698 704
f 704 698 697
f 705 706 700
f 700 706 707
f 700 707 699
f 244 238 708
f 709 710 711
f 708 238 711
f 711 238 237
f 711 237 709
f 708 712 244
f 244 712 713
f 244 713 245
f 245 713 714
f 245 714 246
f 246 714 715
f 246 715 247
f 247 715 705
f 247 705 248
f 248 705 700
f 248 700 249
f 249 700 250
f 250 700 239
f 239 700 698
f 239 698 240
f 240 698 702
f 240 702 241
f 716 251 701
f 701 251 243
f 701 243 702
f 702 243 242
f 702 242 241
f 254 253 716
f 716 253 252
f 716 252 251
f 703 717 701
f 701 717 696
f 701 696 716
f 716 696 255
f 716 255 254
f 577 576 301
f 301 576 660
f 301 660 302
f 302 660 691
f 302 691 303
f 303 691 304
f 289 288 653
f 653 288 295
f 653 295 654
f 654 295 294
f 654 294 651
f 651 294 293
f 651 293 661
f 661 293 292
f 661 292 659
f 659 292 280
f 659 280 279
f 180 179 688
f 688 179 176
f 688 176 633
f 633 176 175
f 633 175 634
f 634 175 186
f 634 186 185
f 204 205 685
f 685 205 202
f 685 202 686
f 686 202 201
f 686 201 200
f 587 586 228
f 228 586 571
f 228 571 229
f 229 571 573
f 229 573 658
f 658 573 662
f 658 662 230
f 230 662 231
f 680 663 223
f 223 663 657
f 223 657 224
f 224 657 212
f 679 678 718
f 718 678 719
f 718 719 664
f 664 719 720
f 664 720 657
f 657 720 214
f 657 214 213
f 678 221 719
f 719 221 220
f 719 220 720
f 720 220 219
f 720 219 214
f 218 217 674
f 674 217 216
f 674 216 678
f 678 216 215
f 678 215 221
f 721 680 681
f 681 682 721
f 721 682 683
f 721 683 722
f 722 683 684
f 722 684 575
f 679 718 723
f 723 718 664
f 723 664 721
f 721 664 663
f 721 663 680
f 724 725 692
f 692 725 577
f 692 693 724
f 724 693 694
f 724 694 695
f 695 696 724
f 724 696 717
f 724 717 726
f 726 717 703
f 726 703 704
f 727 728 729
f 728 730 729
f 729 730 731
f 729 731 732
f 733 734 729
f 729 734 735
f 729 735 736
f 737 738 729
f 729 738 739
f 740 741 729
f 742 743 744
f 736 745 729
f 729 745 746
f 729 746 737
f 747 748 729
f 740 729 749
f 750 722 575
f 733 729 744
f 744 729 751
f 744 751 752
f 753 754 755
f 755 754 756
f 755 756 757
f 757 756 758
f 757 758 759
f 743 760 744
f 744 760 757
f 744 757 761
f 761 757 759
f 739 762 729
f 729 762 763
f 729 763 764
f 748 765 729
f 729 765 766
f 729 766 727
f 729 767 768
f 769 770 729
f 729 770 771
f 729 771 772
f 772 773 729
f 729 773 774
f 729 774 775
f 741 776 729
f 729 776 777
f 729 777 778
f 577 725 779
f 780 781 782
f 782 781 783
f 782 783 784
f 752 785 744
f 744 785 786
f 744 786 787
f 764 788 729
f 729 788 789
f 729 789 790
f 790 791 729
f 729 791 792
f 729 792 793
f 793 794 729
f 729 794 795
f 729 795 767
f 768 796 729
f 729 796 797
f 729 797 798
f 775 799 729
f 729 799 800
f 729 800 747
f 732 801 729
f 729 801 802
f 729 802 803
f 778 804 729
f 729 804 805
f 729 805 806
f 784 807 782
f 782 807 729
f 782 729 808
f 808 729 806
f 779 809 577
f 577 809 780
f 577 780 575
f 575 780 782
f 575 782 750
f 787 810 744
f 744 810 811
f 744 811 742
f 798 812 729
f 729 812 813
f 729 813 769
f 803 814 729
f 729 814 815
f 729 815 749
f 707 706 816
f 726 704 817
f 817 704 697
f 817 697 816
f 816 697 699
f 816 699 707
f 818 819 820
f 784 783 821
f 821 783 822
f 821 822 823
f 823 822 824
f 823 824 825
f 825 824 818
f 825 818 826
f 826 818 820
f 712 783 713
f 713 783 781
f 713 781 780
f 710 822 711
f 711 822 783
f 711 783 708
f 708 783 712
f 779 725 724
f 779 724 809
f 809 724 780
f 780 724 726
f 780 726 817
f 817 816 780
f 780 816 706
f 780 706 705
f 705 715 780
f 780 715 714
f 780 714 713
f 752 827 785
f 828 829 830
f 831 832 833
f 834 835 755
f 755 835 753
f 761 759 836
f 837 793 838
f 838 793 792
f 838 792 839
f 839 792 791
f 839 791 840
f 791 790 840
f 840 790 789
f 840 789 841
f 841 789 788
f 842 843 762
f 762 843 844
f 762 844 763
f 763 844 845
f 763 845 764
f 764 845 846
f 764 846 788
f 788 846 847
f 788 847 841
f 762 739 842
f 842 739 738
f 842 738 848
f 848 738 737
f 848 737 849
f 849 737 850
f 851 852 850
f 850 852 853
f 850 853 849
f 854 855 851
f 855 856 851
f 851 856 857
f 851 857 852
f 836 858 761
f 761 858 859
f 761 859 860
f 860 859 861
f 860 861 854
f 862 863 756
f 756 863 864
f 756 864 758
f 758 864 865
f 758 865 759
f 759 865 866
f 759 866 836
f 862 756 835
f 835 756 754
f 835 754 753
f 867 868 869
f 869 868 870
f 830 829 869
f 869 829 871
f 869 871 867
f 872 873 874
f 874 873 875
f 819 876 875
f 875 876 877
f 875 877 874
f 823 825 875
f 825 826 875
f 875 826 820
f 875 820 819
f 827 752 878
f 752 751 878
f 878 751 729
f 878 729 821
f 821 729 807
f 821 807 784
f 787 786 830
f 830 786 873
f 830 873 828
f 828 873 872
f 743 869 833
f 833 869 870
f 833 870 831
f 743 742 869
f 869 742 811
f 869 811 830
f 830 811 810
f 830 810 787
f 834 755 832
f 832 755 757
f 832 757 833
f 833 757 760
f 833 760 743
f 734 733 860
f 860 733 744
f 860 744 761
f 854 851 860
f 860 851 735
f 860 735 734
f 737 746 850
f 850 746 745
f 850 745 851
f 851 745 736
f 851 736 735
f 786 785 873
f 873 785 827
f 873 827 875
f 875 827 878
f 875 878 823
f 823 878 821
f 679 723 677
f 677 723 879
f 677 879 676
f 676 879 675
f 880 881 882
f 882 881 883
f 883 881 884
f 884 881 885
f 884 885 886
f 887 888 886
f 888 887 889
f 889 887 890
f 889 890 891
f 892 893 891
f 731 730 894
f 894 730 895
f 730 728 895
f 895 728 727
f 895 727 896
f 896 727 766
f 896 766 897
f 897 766 765
f 897 765 898
f 898 765 748
f 898 748 747
f 747 800 899
f 900 901 902
f 902 901 903
f 902 903 899
f 899 903 904
f 899 904 747
f 747 904 898
f 905 906 900
f 772 771 905
f 905 771 770
f 905 770 906
f 906 770 907
f 770 769 907
f 907 769 813
f 907 813 908
f 908 813 812
f 908 812 909
f 812 798 909
f 909 798 797
f 909 797 910
f 910 797 796
f 910 796 911
f 911 796 768
f 911 768 912
f 768 767 912
f 912 767 795
f 912 795 837
f 837 795 794
f 837 794 793
f 900 902 905
f 905 902 773
f 905 773 772
f 800 799 899
f 899 799 775
f 899 775 902
f 902 775 774
f 902 774 773
f 894 893 731
f 731 893 892
f 731 892 732
f 732 892 801
f 891 890 892
f 892 890 802
f 892 802 801
f 749 815 887
f 887 815 814
f 887 814 890
f 890 814 803
f 890 803 802
f 886 885 887
f 887 885 740
f 887 740 749
f 741 913 776
f 776 913 914
f 776 914 777
f 777 914 778
f 804 778 915
f 915 778 914
f 915 914 916
f 916 914 917
f 741 740 913
f 913 740 885
f 913 885 914
f 914 885 881
f 914 881 917
f 917 881 880
f 670 671 782
f 782 671 673
f 673 672 782
f 782 672 675
f 782 675 879
f 879 723 782
f 782 723 721
f 782 721 750
f 750 721 722
f 782 808 670
f 670 808 806
f 670 806 669
f 669 806 805
f 669 805 668
f 668 805 665
f 804 918 805
f 805 918 666
f 805 666 665
f 804 915 918
f 918 915 916
f 918 916 919
f 919 916 917
f 919 917 920
f 920 917 880
f 920 880 921
f 921 880 882
f 922 923 52
f 52 923 237
f 922 52 924
f 924 52 51
f 924 51 925
f 926 925 51
f 498 927 497
f 497 927 926
f 497 926 496
f 496 926 51
f 498 504 927
f 927 504 503
f 927 503 928
f 928 503 501
f 928 501 929
f 929 501 500
f 929 500 930
f 930 500 508
f 509 931 510
f 510 931 932
f 510 932 511
f 511 932 933
f 511 933 506
f 506 933 930
f 506 930 507
f 507 930 508
f 509 512 931
f 931 512 514
f 931 514 934
f 514 518 934
f 934 518 517
f 934 517 935
f 935 517 516
f 935 516 936
f 936 516 519
f 936 519 937
f 519 521 937
f 937 521 523
f 937 523 938
f 523 526 938
f 938 526 525
f 938 525 939
f 939 525 531
f 939 531 940
f 940 531 530
f 940 530 941
f 532 942 527
f 527 942 941
f 527 941 528
f 528 941 530
f 532 534 942
f 942 534 539
f 942 539 943
f 943 539 538
f 943 538 944
f 944 538 536
f 944 536 945
f 945 536 535
f 945 535 946
f 946 535 540
f 946 540 947
f 947 540 541
f 947 541 948
f 948 541 542
f 948 542 494
f 949 950 490
f 494 493 948
f 948 493 546
f 948 546 951
f 951 546 544
f 951 544 952
f 952 544 543
f 952 543 950
f 950 543 491
f 950 491 490
f 490 488 949
f 949 488 487
f 949 487 953
f 953 487 548
f 953 548 954
f 548 547 954
f 954 547 555
f 954 555 955
f 555 554 955
f 955 554 553
f 955 553 956
f 956 553 551
f 956 551 957
f 551 550 957
f 957 550 556
f 957 556 958
f 958 556 558
f 958 558 959
f 959 558 485
f 959 485 960
f 960 485 961
f 961 485 484
f 961 484 483
f 483 482 961
f 961 482 560
f 961 560 962
f 962 560 481
f 962 481 963
f 963 481 306
f 964 963 305
f 305 963 306
f 964 305 965
f 965 305 318
f 965 318 966
f 966 318 667
f 966 667 967
f 967 667 666
f 967 666 968
f 968 666 969
f 969 666 918
f 969 918 970
f 918 919 970
f 970 919 920
f 970 920 971
f 971 920 921
f 971 921 972
f 972 921 882
f 972 882 973
f 974 889 975
f 975 889 891
f 975 891 976
f 891 893 976
f 976 893 894
f 976 894 977
f 977 894 895
f 977 895 978
f 978 895 896
f 978 896 979
f 979 896 897
f 979 897 980
f 981 907 982
f 982 907 908
f 982 908 983
f 897 898 980
f 980 898 984
f 984 898 904
f 984 904 985
f 985 904 903
f 985 903 986
f 986 903 901
f 986 901 987
f 987 901 900
f 987 900 981
f 981 900 906
f 981 906 907
f 908 909 983
f 983 909 910
f 983 910 988
f 988 910 911
f 988 911 989
f 989 911 912
f 989 912 990
f 990 912 837
f 973 882 991
f 991 882 883
f 991 883 992
f 992 883 884
f 992 884 993
f 993 884 886
f 993 886 974
f 974 886 888
f 974 888 889
f 841 994 840
f 840 994 995
f 840 995 839
f 839 995 838
f 838 995 990
f 838 990 837
f 844 996 845
f 845 996 997
f 845 997 846
f 846 997 994
f 846 994 847
f 847 994 841
f 998 999 849
f 844 843 996
f 996 843 842
f 996 842 999
f 999 842 848
f 999 848 849
f 856 855 1000
f 1000 855 1001
f 849 853 998
f 998 853 852
f 998 852 1000
f 1000 852 857
f 1000 857 856
f 1001 855 1002
f 1002 855 854
f 1002 854 861
f 861 859 1002
f 1002 859 858
f 1002 858 1003
f 1003 858 836
f 1003 836 1004
f 1004 836 866
f 1004 866 1005
f 1005 866 865
f 1005 865 864
f 864 863 1005
f 1005 863 862
f 1005 862 1006
f 1006 862 835
f 1006 835 1007
f 1007 835 834
f 867 871 1008
f 1008 871 1009
f 834 832 1007
f 1007 832 831
f 1007 831 1010
f 1010 831 870
f 1010 870 1008
f 1008 870 868
f 1008 868 867
f 874 1011 872
f 872 1011 1012
f 872 1012 828
f 828 1012 1009
f 828 1009 829
f 829 1009 871
f 874 877 1011
f 1011 877 876
f 1011 876 1013
f 1013 876 819
f 1013 819 1014
f 710 1015 822
f 822 1015 1016
f 822 1016 824
f 824 1016 1017
f 824 1017 818
f 818 1017 1014
f 818 1014 819
f 1015 710 709
f 1015 709 1018
f 1018 709 237
f 1018 237 923
f 929 930 1018
f 967 968 1015
f 1015 968 969
f 1015 969 1016
f 969 970 1016
f 1016 970 971
f 1016 971 1017
f 992 993 1012
f 954 955 1015
f 1015 955 956
f 1015 956 957
f 957 958 1015
f 1015 958 959
f 1015 959 960
f 1012 1011 992
f 992 1011 1013
f 992 1013 1014
f 925 926 927
f 932 931 1015
f 1015 931 934
f 1015 934 935
f 951 952 1015
f 1015 952 950
f 960 961 1015
f 1015 961 962
f 1015 962 963
f 966 967 965
f 965 967 1015
f 965 1015 964
f 964 1015 963
f 971 972 1017
f 1017 972 973
f 1017 973 1014
f 1014 973 991
f 1014 991 992
f 1018 930 1015
f 1015 930 933
f 1015 933 932
f 935 936 1015
f 1015 936 937
f 1015 937 938
f 950 949 1015
f 1015 949 953
f 1015 953 954
f 1018 923 922
f 943 1015 942
f 942 1015 941
f 943 944 1015
f 1015 944 945
f 1015 945 946
f 924 925 922
f 922 925 927
f 922 927 1018
f 1018 927 928
f 1018 928 929
f 938 939 1015
f 1015 939 940
f 1015 940 941
f 946 947 1015
f 1015 947 948
f 1015 948 951
f 1004 993 974
f 1007 1010 993
f 1010 1008 993
f 993 1008 1009
f 993 1009 1012
f 1004 1005 993
f 993 1005 1006
f 993 1006 1007
f 976 999 998
f 974 975 1004
f 1004 975 976
f 1004 976 1003
f 1003 976 1002
f 988 989 979
f 979 989 978
f 978 989 977
f 977 989 990
f 977 990 976
f 976 990 995
f 976 995 994
f 994 997 976
f 976 997 996
f 976 996 999
f 998 1000 976
f 976 1000 1001
f 976 1001 1002
f 981 979 980
f 981 982 979
f 979 982 983
f 979 983 988
f 980 984 981
f 981 984 985
f 981 985 987
f 987 985 986
f 1019 1020 1021
f 1021 1020 1022
f 1019 1023 1020
f 1020 1023 1024
f 1020 1024 1025
f 1026 1027 1028
f 1029 1030 1031
f 1031 1030 1032
f 1031 1032 1033
f 1033 1034 1031
f 1031 1034 1035
f 1031 1035 1036
f 1036 1037 1031
f 1031 1037 1038
f 1031 1038 1039
f 1040 1041 1028
f 1042 1043 1028
f 1028 1043 1044
f 1028 1044 1045
f 1046 1047 1028
f 1028 1047 1048
f 1049 1050 1028
f 1028 1050 1051
f 1028 1051 1052
f 1053 1054 1055
f 1056 1029 1057
f 1057 1029 1031
f 1057 1031 1024
f 1024 1031 1058
f 1024 1058 1025
f 1059 1060 1061
f 1061 1060 1031
f 1061 1031 1062
f 1062 1031 1039
f 1063 1064 1065
f 1066 1067 1028
f 1028 1067 1068
f 1028 1068 1069
f 1069 1070 1028
f 1028 1070 1071
f 1028 1071 1072
f 1072 1073 1028
f 1028 1073 1074
f 1028 1074 1026
f 1027 1075 1028
f 1028 1075 1076
f 1028 1076 1077
f 1078 1079 1028
f 1028 1079 1080
f 1028 1080 1081
f 1082 1083 1028
f 1028 1083 1084
f 1028 1085 1086
f 1087 1028 1088
f 1088 1028 1089
f 1087 1090 1028
f 1028 1090 1091
f 1028 1091 1042
f 1045 1092 1028
f 1028 1092 1093
f 1028 1093 1046
f 1048 1094 1028
f 1028 1094 1095
f 1028 1095 1096
f 1096 1097 1028
f 1028 1097 1098
f 1028 1098 1049
f 1054 1053 1099
f 1099 1053 1100
f 1099 1100 1101
f 1101 1102 1099
f 1099 1102 1103
f 1099 1103 1104
f 1053 1105 1106
f 1022 1020 1028
f 1028 1020 1107
f 1028 1107 1040
f 1041 1108 1028
f 1028 1108 1109
f 1028 1109 1110
f 1077 1111 1028
f 1028 1111 1112
f 1028 1112 1078
f 1081 1113 1028
f 1028 1113 1114
f 1028 1114 1082
f 1086 1115 1028
f 1028 1115 1116
f 1028 1116 1117
f 1052 1118 1028
f 1028 1118 1119
f 1028 1119 1120
f 1120 1121 1028
f 1028 1121 1122
f 1028 1122 1123
f 1123 1124 1028
f 1028 1124 1053
f 1028 1053 1125
f 1104 1103 1126
f 1126 1103 1127
f 1126 1127 1128
f 1055 1129 1053
f 1053 1129 1130
f 1053 1130 1131
f 1106 1132 1053
f 1053 1132 1133
f 1053 1133 1134
f 1134 1135 1053
f 1053 1135 1136
f 1053 1136 1137
f 1110 1138 1028
f 1028 1138 1139
f 1028 1139 1140
f 1084 1141 1028
f 1028 1141 1142
f 1028 1142 1085
f 1117 1143 1028
f 1028 1143 1144
f 1028 1144 1089
f 1131 1145 1053
f 1053 1145 1146
f 1053 1146 1147
f 1137 1148 1053
f 1053 1148 1149
f 1053 1149 1150
f 1150 1151 1053
f 1053 1151 1152
f 1053 1152 1153
f 1154 1155 1053
f 1053 1155 1156
f 1156 1157 1053
f 1053 1157 1158
f 1053 1158 1159
f 1159 1160 1053
f 1053 1160 1161
f 1053 1161 1125
f 1140 1162 1028
f 1028 1162 1163
f 1028 1163 1063
f 1063 1065 1028
f 1028 1065 1164
f 1028 1164 1165
f 1165 1166 1028
f 1028 1166 1167
f 1028 1167 1066
f 1147 1168 1053
f 1053 1168 1169
f 1053 1169 1105
f 1153 1170 1053
f 1053 1170 1171
f 1053 1171 1154
f 1172 1173 1174
f 1174 1173 1175
f 1172 1176 1173
f 1173 1176 1177
f 1173 1177 1178
f 1128 1179 1126
f 1126 1179 1173
f 1126 1173 1180
f 1180 1173 1178
f 1181 1182 1183
f 1184 1185 1186
f 1187 1188 1184
f 1188 1187 1189
f 1190 1191 1192
f 1193 1194 1195
f 1191 1190 1196
f 1197 1198 1199
f 1200 1201 1202
f 1203 1204 1205
f 1206 1207 1208
f 1209 1210 1211
f 1212 1213 1214
f 1215 1216 1217
f 1218 1219 1220
f 1221 1222 1223
f 1224 1225 1226
f 1227 1228 1229
f 1230 1231 1232
f 1233 1191 1234
f 1233 1192 1191
f 1234 1235 1236
f 1237 1238 1239
f 1240 1241 1242
f 1243 1244 1245
f 1246 1247 1248
f 1249 1250 1251
f 1252 1253 1254
f 1255 1256 1257
f 1258 1259 1260
f 1261 1030 1029
f 1056 1057 1262
f 1148 1137 1263
f 1133 1132 1264
f 1265 1266 1119
f 1119 1266 1120
f 1120 1266 1121
f 1121 1266 1267
f 1121 1267 1122
f 1268 1124 1267
f 1267 1124 1123
f 1267 1123 1122
f 1269 1100 1268
f 1268 1100 1053
f 1268 1053 1124
f 1270 1102 1269
f 1269 1102 1101
f 1269 1101 1100
f 1271 1127 1270
f 1270 1127 1103
f 1270 1103 1102
f 1272 1179 1271
f 1271 1179 1128
f 1271 1128 1127
f 1174 1175 1272
f 1272 1175 1173
f 1272 1173 1179
f 1174 1272 1172
f 1172 1272 1273
f 1172 1273 1176
f 1176 1273 1274
f 1176 1274 1177
f 1177 1274 1275
f 1177 1275 1178
f 1178 1275 1180
f 1180 1275 1276
f 1180 1276 1126
f 1054 1099 1277
f 1277 1099 1104
f 1278 1129 1277
f 1277 1129 1055
f 1277 1055 1054
f 1279 1280 1146
f 1146 1145 1279
f 1279 1145 1131
f 1279 1131 1278
f 1278 1131 1130
f 1278 1130 1129
f 1169 1168 1280
f 1280 1168 1147
f 1280 1147 1146
f 1281 1282 1105
f 1264 1132 1282
f 1282 1132 1106
f 1282 1106 1105
f 1263 1137 1283
f 1137 1136 1283
f 1283 1136 1135
f 1283 1135 1264
f 1264 1135 1134
f 1264 1134 1133
f 1284 1150 1263
f 1263 1150 1149
f 1263 1149 1148
f 1170 1153 1285
f 1285 1153 1152
f 1285 1152 1284
f 1284 1152 1151
f 1284 1151 1150
f 1155 1154 1286
f 1286 1154 1171
f 1286 1171 1287
f 1288 1157 1289
f 1289 1157 1156
f 1161 1160 1290
f 1290 1160 1159
f 1290 1159 1288
f 1288 1159 1158
f 1288 1158 1157
f 1022 1028 1291
f 1125 1292 1028
f 1028 1292 1293
f 1028 1293 1291
f 1024 1023 1294
f 1294 1023 1019
f 1294 1019 1295
f 1295 1019 1021
f 1295 1021 1296
f 1262 1057 1297
f 1056 1262 1029
f 1029 1262 1298
f 1029 1298 1261
f 1299 1300 1301
f 1302 1303 1298
f 1298 1303 1304
f 1298 1304 1261
f 1305 1306 1307
f 1307 1306 1308
f 1309 1310 1311
f 1311 1310 1312
f 1313 1314 1315
f 1315 1314 1316
f 1317 1318 1319
f 1319 1318 1320
f 1320 1321 1319
f 1319 1321 1322
f 1319 1322 1313
f 1323 1324 1325
f 1325 1324 1326
f 1325 1326 1317
f 1317 1326 1327
f 1317 1327 1318
f 1323 1325 1328
f 1328 1325 1329
f 1328 1329 1330
f 1331 1332 1333
f 1333 1334 1331
f 1331 1334 1335
f 1331 1335 1329
f 1329 1335 1336
f 1329 1336 1330
f 1332 1331 1337
f 1337 1331 1338
f 1339 1340 1341
f 1341 1340 1342
f 1339 1343 1340
f 1340 1343 1344
f 1340 1344 1338
f 1338 1344 1345
f 1338 1345 1337
f 1346 1347 1348
f 1348 1347 1349
f 1348 1349 1342
f 1342 1349 1350
f 1342 1350 1341
f 1351 1352 1348
f 1348 1352 1353
f 1348 1353 1346
f 1354 1355 1351
f 1351 1355 1356
f 1351 1356 1352
f 1357 1358 1359
f 1360 1361 1362
f 1362 1361 1363
f 1362 1363 1357
f 1357 1363 1364
f 1357 1364 1358
f 1260 1259 1362
f 1362 1259 1365
f 1362 1365 1360
f 1258 1260 1366
f 1366 1260 1367
f 1366 1367 1368
f 1369 1370 1371
f 1371 1370 1372
f 1371 1372 1367
f 1367 1372 1373
f 1367 1373 1368
f 1374 1375 1376
f 1376 1375 1377
f 1376 1377 1371
f 1371 1377 1378
f 1371 1378 1369
f 1379 1380 1381
f 1382 1383 1374
f 1374 1383 1384
f 1374 1384 1375
f 1380 1379 1385
f 1385 1379 1386
f 1385 1386 1387
f 1388 1389 1390
f 1390 1389 1391
f 1390 1391 1386
f 1386 1391 1392
f 1386 1392 1387
f 1393 1394 1395
f 1395 1394 1396
f 1395 1396 1390
f 1390 1396 1397
f 1390 1397 1388
f 1398 1399 1400
f 1400 1399 1401
f 1400 1401 1402
f 1403 1404 1405
f 1404 1406 1405
f 1405 1406 1407
f 1405 1407 1398
f 1403 1408 1409
f 1409 1408 1410
f 1411 1412 1413
f 1411 1413 1414
f 1414 1413 1415
f 1414 1415 1410
f 1416 1417 1418
f 1416 1418 1419
f 1418 1420 1419
f 1419 1420 1421
f 1419 1421 1411
f 1411 1421 1422
f 1411 1422 1412
f 1423 1424 1416
f 1416 1424 1425
f 1416 1425 1417
f 1191 1426 1423
f 1423 1426 1427
f 1423 1427 1424
f 1277 1428 1278
f 1278 1428 1429
f 1278 1429 1279
f 1279 1429 1430
f 1279 1430 1280
f 1280 1430 1281
f 1280 1281 1169
f 1169 1281 1105
f 1265 1431 1266
f 1266 1431 1432
f 1266 1432 1267
f 1267 1432 1433
f 1267 1433 1268
f 1268 1433 1434
f 1268 1434 1269
f 1269 1434 1435
f 1269 1435 1270
f 1270 1435 1436
f 1270 1436 1271
f 1271 1436 1437
f 1271 1437 1272
f 1272 1437 1438
f 1272 1438 1273
f 1273 1438 1439
f 1273 1439 1274
f 1274 1439 1440
f 1274 1440 1275
f 1275 1440 1441
f 1275 1441 1276
f 1276 1441 1442
f 1443 1444 1445
f 1446 1447 1448
f 1448 1447 1449
f 1448 1449 1450
f 1450 1449 1451
f 1450 1451 1452
f 1452 1451 1453
f 1452 1453 1454
f 1454 1453 1455
f 1454 1455 1456
f 1456 1455 1457
f 1456 1457 1458
f 1458 1457 1459
f 1458 1459 1460
f 1460 1459 1461
f 1460 1461 1462
f 1462 1461 1463
f 1462 1463 1464
f 1464 1463 1465
f 1464 1465 1466
f 1466 1465 1467
f 1466 1467 1468
f 1468 1467 1469
f 1468 1469 1470
f 1470 1469 1471
f 1470 1471 1472
f 1472 1471 1473
f 1472 1473 1474
f 1474 1473 1475
f 1474 1475 1476
f 1476 1475 1477
f 1476 1477 1478
f 1478 1477 1479
f 1480 1481 1482
f 1482 1481 1483
f 1444 1484 1445
f 1445 1484 1485
f 1445 1485 1486
f 1486 1485 1487
f 1486 1487 1488
f 1488 1487 1489
f 1488 1489 1490
f 1490 1489 1491
f 1490 1491 1492
f 1492 1491 1493
f 1492 1493 1494
f 1494 1493 1495
f 1494 1495 1496
f 1496 1495 1497
f 1496 1497 1498
f 1498 1497 1499
f 1498 1499 1500
f 1500 1499 1501
f 1500 1501 1502
f 1502 1501 1503
f 1502 1503 1504
f 1504 1503 1505
f 1504 1505 1506
f 1506 1505 1507
f 1506 1507 1508
f 1508 1507 1509
f 1508 1509 1510
f 1510 1509 1482
f 1510 1482 1511
f 1511 1482 1483
f 1511 1483 1512
f 1513 1514 1252
f 1443 1445 1515
f 1515 1445 1486
f 1515 1486 1516
f 1516 1486 1488
f 1516 1488 1517
f 1517 1488 1490
f 1517 1490 1518
f 1518 1490 1492
f 1518 1492 1519
f 1519 1492 1494
f 1519 1494 1520
f 1520 1494 1496
f 1520 1496 1521
f 1521 1496 1498
f 1521 1498 1522
f 1522 1498 1500
f 1522 1500 1523
f 1523 1500 1502
f 1523 1502 1524
f 1524 1502 1504
f 1524 1504 1525
f 1525 1504 1506
f 1525 1506 1526
f 1526 1506 1508
f 1526 1508 1527
f 1527 1508 1510
f 1527 1510 1528
f 1528 1510 1511
f 1528 1511 1513
f 1513 1511 1512
f 1513 1512 1514
f 1447 1480 1449
f 1449 1480 1482
f 1449 1482 1451
f 1451 1482 1509
f 1451 1509 1453
f 1453 1509 1507
f 1453 1507 1455
f 1455 1507 1505
f 1455 1505 1457
f 1457 1505 1503
f 1457 1503 1459
f 1459 1503 1501
f 1459 1501 1461
f 1461 1501 1499
f 1461 1499 1463
f 1463 1499 1497
f 1463 1497 1465
f 1465 1497 1495
f 1465 1495 1467
f 1467 1495 1493
f 1467 1493 1469
f 1469 1493 1491
f 1469 1491 1471
f 1471 1491 1489
f 1471 1489 1473
f 1473 1489 1487
f 1473 1487 1475
f 1475 1487 1485
f 1475 1485 1477
f 1477 1485 1484
f 1477 1484 1479
f 1479 1484 1444
f 1256 1446 1257
f 1257 1446 1448
f 1257 1448 1529
f 1529 1448 1450
f 1529 1450 1530
f 1530 1450 1452
f 1530 1452 1531
f 1531 1452 1454
f 1531 1454 1532
f 1532 1454 1456
f 1532 1456 1533
f 1533 1456 1458
f 1533 1458 1534
f 1534 1458 1460
f 1534 1460 1535
f 1535 1460 1462
f 1535 1462 1536
f 1536 1462 1464
f 1536 1464 1537
f 1537 1464 1466
f 1537 1466 1538
f 1538 1466 1468
f 1538 1468 1539
f 1539 1468 1470
f 1539 1470 1540
f 1540 1470 1472
f 1540 1472 1541
f 1541 1472 1474
f 1541 1474 1542
f 1542 1474 1476
f 1542 1476 1543
f 1543 1476 1478
f 1543 1478 1544
f 1545 1546 1547
f 1547 1546 1548
f 1547 1548 1549
f 1549 1548 1550
f 1549 1550 1551
f 1551 1550 1552
f 1551 1552 1553
f 1553 1552 1554
f 1553 1554 1555
f 1555 1554 1556
f 1555 1556 1557
f 1557 1556 1558
f 1557 1558 1559
f 1559 1558 1560
f 1559 1560 1561
f 1561 1560 1562
f 1561 1562 1563
f 1564 1249 1565
f 1244 1246 1566
f 1241 1243 1567
f 1238 1240 1568
f 1569 1237 1570
f 1571 1572 1573
f 1573 1572 1574
f 1573 1574 1575
f 1575 1574 1576
f 1575 1576 1577
f 1577 1576 1578
f 1577 1578 1579
f 1580 1581 1582
f 1582 1581 1583
f 1582 1583 1584
f 1584 1583 1585
f 1584 1585 1586
f 1586 1585 1587
f 1586 1587 1588
f 1588 1587 1589
f 1588 1589 1590
f 1590 1589 1591
f 1590 1591 1592
f 1592 1591 1593
f 1592 1593 1594
f 1594 1593 1595
f 1594 1595 1596
f 1597 1598 1599
f 1599 1598 1600
f 1599 1600 1601
f 1601 1600 1602
f 1601 1602 1603
f 1603 1602 1604
f 1603 1604 1605
f 1605 1604 1606
f 1605 1606 1607
f 1607 1606 1608
f 1607 1608 1609
f 1609 1608 1610
f 1609 1610 1611
f 1611 1610 1612
f 1611 1612 1613
f 1613 1612 1614
f 1613 1614 1615
f 1615 1614 1616
f 1615 1616 1617
f 1617 1616 1618
f 1617 1618 1579
f 1579 1618 1619
f 1579 1619 1577
f 1577 1619 1620
f 1577 1620 1575
f 1575 1620 1621
f 1575 1621 1573
f 1573 1621 1622
f 1573 1622 1571
f 1571 1622 1623
f 1235 1624 1625
f 1626 1597 1627
f 1627 1597 1599
f 1627 1599 1628
f 1628 1599 1601
f 1628 1601 1629
f 1629 1601 1603
f 1629 1603 1630
f 1630 1603 1605
f 1630 1605 1631
f 1631 1605 1607
f 1631 1607 1632
f 1632 1607 1609
f 1632 1609 1596
f 1596 1609 1611
f 1596 1611 1594
f 1594 1611 1613
f 1594 1613 1592
f 1592 1613 1615
f 1592 1615 1590
f 1590 1615 1617
f 1590 1617 1588
f 1588 1617 1579
f 1588 1579 1586
f 1586 1579 1578
f 1586 1578 1584
f 1584 1578 1576
f 1584 1576 1582
f 1582 1576 1574
f 1582 1574 1580
f 1580 1574 1572
f 1633 1634 1635
f 1635 1634 1636
f 1635 1636 1637
f 1637 1636 1638
f 1637 1638 1639
f 1639 1638 1640
f 1639 1640 1641
f 1641 1640 1642
f 1641 1642 1643
f 1643 1642 1644
f 1643 1644 1645
f 1645 1644 1646
f 1645 1646 1647
f 1647 1646 1648
f 1647 1648 1649
f 1650 1626 1651
f 1651 1626 1627
f 1651 1627 1652
f 1652 1627 1628
f 1652 1628 1653
f 1653 1628 1629
f 1653 1629 1654
f 1654 1629 1630
f 1654 1630 1655
f 1655 1630 1631
f 1655 1631 1656
f 1656 1631 1632
f 1656 1632 1649
f 1649 1632 1596
f 1649 1596 1647
f 1647 1596 1595
f 1647 1595 1645
f 1645 1595 1593
f 1645 1593 1643
f 1643 1593 1591
f 1643 1591 1641
f 1641 1591 1589
f 1641 1589 1639
f 1639 1589 1587
f 1639 1587 1637
f 1637 1587 1585
f 1637 1585 1635
f 1635 1585 1583
f 1635 1583 1633
f 1633 1583 1581
f 1657 1650 1658
f 1658 1650 1651
f 1658 1651 1659
f 1659 1651 1652
f 1659 1652 1660
f 1660 1652 1653
f 1660 1653 1661
f 1661 1653 1654
f 1661 1654 1662
f 1662 1654 1655
f 1662 1655 1663
f 1663 1655 1656
f 1663 1656 1664
f 1664 1656 1649
f 1664 1649 1665
f 1665 1649 1648
f 1665 1648 1666
f 1666 1648 1646
f 1666 1646 1667
f 1667 1646 1644
f 1667 1644 1668
f 1668 1644 1642
f 1668 1642 1669
f 1669 1642 1640
f 1669 1640 1670
f 1670 1640 1638
f 1670 1638 1671
f 1671 1638 1636
f 1671 1636 1672
f 1672 1636 1634
f 1672 1673 1671
f 1671 1673 1674
f 1671 1674 1670
f 1670 1674 1675
f 1670 1675 1669
f 1669 1675 1676
f 1669 1676 1668
f 1668 1676 1677
f 1668 1677 1667
f 1667 1677 1678
f 1667 1678 1666
f 1666 1678 1679
f 1666 1679 1665
f 1665 1679 1680
f 1665 1680 1664
f 1664 1680 1681
f 1664 1681 1663
f 1663 1681 1682
f 1663 1682 1662
f 1662 1682 1683
f 1662 1683 1661
f 1661 1683 1684
f 1661 1684 1660
f 1249 1251 1565
f 1565 1251 1685
f 1565 1685 1686
f 1686 1685 1687
f 1686 1687 1688
f 1688 1687 1689
f 1688 1689 1690
f 1690 1689 1691
f 1690 1691 1692
f 1692 1691 1693
f 1692 1693 1694
f 1694 1693 1695
f 1694 1695 1696
f 1696 1695 1697
f 1696 1697 1698
f 1698 1697 1699
f 1698 1699 1700
f 1700 1699 1701
f 1700 1701 1702
f 1564 1703 1704
f 1704 1703 1705
f 1704 1705 1706
f 1706 1705 1707
f 1706 1707 1708
f 1708 1707 1709
f 1708 1709 1710
f 1710 1709 1711
f 1710 1711 1712
f 1712 1711 1713
f 1712 1713 1714
f 1714 1713 1715
f 1714 1715 1716
f 1716 1715 1717
f 1716 1717 1718
f 1718 1717 1719
f 1718 1719 1720
f 1720 1719 1721
f 1720 1721 1230
f 1564 1565 1703
f 1703 1565 1686
f 1703 1686 1705
f 1705 1686 1688
f 1705 1688 1707
f 1707 1688 1690
f 1707 1690 1709
f 1709 1690 1692
f 1709 1692 1711
f 1711 1692 1694
f 1711 1694 1713
f 1713 1694 1696
f 1713 1696 1715
f 1715 1696 1698
f 1715 1698 1717
f 1717 1698 1700
f 1717 1700 1719
f 1719 1700 1702
f 1719 1702 1721
f 1246 1248 1566
f 1566 1248 1722
f 1566 1722 1723
f 1723 1722 1724
f 1723 1724 1725
f 1725 1724 1726
f 1725 1726 1727
f 1727 1726 1728
f 1727 1728 1729
f 1729 1728 1730
f 1729 1730 1731
f 1731 1730 1732
f 1731 1732 1733
f 1733 1732 1734
f 1733 1734 1735
f 1735 1734 1232
f 1735 1232 1736
f 1736 1232 1231
f 1736 1231 1737
f 1243 1245 1567
f 1567 1245 1738
f 1567 1738 1739
f 1739 1738 1740
f 1739 1740 1741
f 1741 1740 1742
f 1741 1742 1743
f 1743 1742 1744
f 1743 1744 1745
f 1745 1744 1746
f 1745 1746 1747
f 1747 1746 1748
f 1747 1748 1749
f 1749 1748 1750
f 1749 1750 1751
f 1751 1750 1752
f 1751 1752 1753
f 1753 1752 1754
f 1753 1754 1755
f 1244 1566 1245
f 1245 1566 1723
f 1245 1723 1738
f 1738 1723 1725
f 1738 1725 1740
f 1740 1725 1727
f 1740 1727 1742
f 1742 1727 1729
f 1742 1729 1744
f 1744 1729 1731
f 1744 1731 1746
f 1746 1731 1733
f 1746 1733 1748
f 1748 1733 1735
f 1748 1735 1750
f 1750 1735 1736
f 1750 1736 1752
f 1752 1736 1737
f 1752 1737 1754
f 1241 1567 1242
f 1242 1567 1739
f 1242 1739 1756
f 1756 1739 1741
f 1756 1741 1757
f 1757 1741 1743
f 1757 1743 1758
f 1758 1743 1745
f 1758 1745 1759
f 1759 1745 1747
f 1759 1747 1760
f 1760 1747 1749
f 1760 1749 1761
f 1761 1749 1751
f 1761 1751 1762
f 1762 1751 1753
f 1762 1753 1763
f 1763 1753 1755
f 1763 1755 1764
f 1240 1242 1568
f 1568 1242 1756
f 1568 1756 1765
f 1765 1756 1757
f 1765 1757 1766
f 1766 1757 1758
f 1766 1758 1767
f 1767 1758 1759
f 1767 1759 1768
f 1768 1759 1760
f 1768 1760 1769
f 1769 1760 1761
f 1769 1761 1770
f 1770 1761 1762
f 1770 1762 1771
f 1771 1762 1763
f 1771 1763 1772
f 1772 1763 1764
f 1772 1764 1773
f 1237 1239 1570
f 1570 1239 1774
f 1570 1774 1775
f 1775 1774 1776
f 1775 1776 1777
f 1777 1776 1778
f 1777 1778 1779
f 1779 1778 1780
f 1779 1780 1781
f 1781 1780 1782
f 1781 1782 1783
f 1783 1782 1784
f 1783 1784 1785
f 1785 1784 1786
f 1785 1786 1787
f 1787 1786 1788
f 1787 1788 1789
f 1789 1788 1790
f 1789 1790 1791
f 1238 1568 1239
f 1239 1568 1765
f 1239 1765 1774
f 1774 1765 1766
f 1774 1766 1776
f 1776 1766 1767
f 1776 1767 1778
f 1778 1767 1768
f 1778 1768 1780
f 1780 1768 1769
f 1780 1769 1782
f 1782 1769 1770
f 1782 1770 1784
f 1784 1770 1771
f 1784 1771 1786
f 1786 1771 1772
f 1786 1772 1788
f 1788 1772 1773
f 1788 1773 1790
f 1569 1570 1792
f 1792 1570 1775
f 1792 1775 1793
f 1793 1775 1777
f 1793 1777 1794
f 1794 1777 1779
f 1794 1779 1795
f 1795 1779 1781
f 1795 1781 1796
f 1796 1781 1783
f 1796 1783 1797
f 1797 1783 1785
f 1797 1785 1798
f 1798 1785 1787
f 1798 1787 1799
f 1799 1787 1789
f 1799 1789 1800
f 1800 1789 1791
f 1800 1791 1801
f 1802 1225 1803
f 1803 1225 1224
f 1803 1224 1804
f 1805 1806 1807
f 1808 1226 1809
f 1809 1226 1225
f 1809 1225 1810
f 1810 1225 1802
f 1810 1802 1227
f 1227 1229 1810
f 1810 1229 1811
f 1810 1811 1809
f 1809 1811 1812
f 1809 1812 1808
f 1808 1812 1813
f 1808 1813 1814
f 1815 1816 1817
f 1814 1818 1808
f 1808 1818 1819
f 1808 1819 1226
f 1226 1819 1820
f 1226 1820 1224
f 1224 1820 1821
f 1224 1821 1804
f 1804 1821 1822
f 1818 1815 1819
f 1819 1815 1817
f 1819 1817 1820
f 1820 1817 1823
f 1820 1823 1821
f 1821 1823 1824
f 1821 1824 1822
f 1822 1824 1825
f 1826 1806 1827
f 1827 1806 1805
f 1827 1805 1828
f 1829 1830 1831
f 1831 1830 1828
f 1831 1828 1832
f 1832 1828 1805
f 1832 1805 1833
f 1833 1805 1807
f 1833 1807 1834
f 1834 1807 1835
f 1816 1829 1817
f 1817 1829 1831
f 1817 1831 1823
f 1823 1831 1832
f 1823 1832 1824
f 1824 1832 1833
f 1824 1833 1825
f 1825 1833 1834
f 1835 1222 1836
f 1836 1222 1221
f 1836 1221 1837
f 1838 1839 1840
f 1841 1837 1842
f 1842 1837 1221
f 1842 1221 1843
f 1843 1221 1223
f 1843 1223 1844
f 1216 1218 1845
f 1846 1839 1847
f 1847 1839 1838
f 1847 1838 1848
f 1219 1841 1840
f 1840 1841 1842
f 1840 1842 1838
f 1838 1842 1843
f 1838 1843 1848
f 1848 1843 1844
f 1848 1844 1849
f 1218 1220 1845
f 1845 1220 1850
f 1845 1850 1851
f 1851 1850 1852
f 1851 1852 1853
f 1854 1855 1856
f 1215 1217 1857
f 1857 1217 1858
f 1857 1858 1859
f 1859 1858 1854
f 1859 1854 1860
f 1860 1854 1856
f 1860 1856 1861
f 1852 1862 1853
f 1853 1862 1863
f 1853 1863 1864
f 1216 1845 1217
f 1217 1845 1851
f 1217 1851 1858
f 1858 1851 1853
f 1858 1853 1854
f 1854 1853 1864
f 1854 1864 1855
f 1849 1865 1848
f 1848 1865 1866
f 1848 1866 1847
f 1847 1866 1867
f 1847 1867 1846
f 1846 1867 1868
f 1846 1868 1869
f 1219 1840 1220
f 1220 1840 1839
f 1220 1839 1850
f 1850 1839 1846
f 1850 1846 1852
f 1852 1846 1869
f 1852 1869 1862
f 1830 1870 1828
f 1828 1870 1871
f 1828 1871 1827
f 1827 1871 1872
f 1827 1872 1826
f 1826 1872 1873
f 1826 1873 1874
f 1835 1807 1222
f 1222 1807 1806
f 1222 1806 1223
f 1223 1806 1826
f 1223 1826 1844
f 1844 1826 1874
f 1844 1874 1849
f 1875 1228 1876
f 1876 1228 1227
f 1876 1227 1877
f 1877 1227 1802
f 1877 1802 1878
f 1878 1802 1803
f 1878 1803 1879
f 1879 1803 1804
f 1879 1804 1880
f 1880 1804 1822
f 1880 1822 1881
f 1881 1822 1825
f 1881 1825 1882
f 1882 1825 1834
f 1882 1834 1883
f 1883 1834 1835
f 1883 1835 1884
f 1884 1835 1836
f 1884 1836 1885
f 1885 1836 1837
f 1885 1837 1886
f 1886 1837 1841
f 1886 1841 1887
f 1887 1841 1219
f 1887 1219 1888
f 1888 1219 1218
f 1888 1218 1889
f 1889 1218 1216
f 1889 1216 1890
f 1890 1216 1215
f 1890 1215 1213
f 1210 1212 1891
f 1204 1206 1892
f 1207 1209 1893
f 1894 1895 1896
f 1896 1895 1897
f 1896 1897 1898
f 1898 1897 1899
f 1898 1899 1900
f 1900 1899 1901
f 1900 1901 1902
f 1902 1901 1903
f 1902 1903 1904
f 1904 1903 1905
f 1904 1905 1906
f 1906 1905 1907
f 1906 1907 1908
f 1908 1907 1909
f 1908 1909 1910
f 1910 1909 1911
f 1910 1911 1912
f 1912 1911 1913
f 1912 1913 1914
f 1914 1913 1915
f 1914 1915 1916
f 1916 1915 1917
f 1916 1917 1918
f 1234 1236 1233
f 1233 1236 1919
f 1233 1919 1192
f 1192 1919 1920
f 1192 1920 1190
f 1190 1920 1921
f 1190 1921 1196
f 1235 1625 1236
f 1236 1625 1922
f 1236 1922 1919
f 1919 1922 1923
f 1919 1923 1920
f 1920 1923 1924
f 1920 1924 1921
f 1925 1624 1926
f 1926 1624 1235
f 1926 1235 1927
f 1927 1235 1234
f 1927 1234 1191
f 1928 1657 1929
f 1929 1657 1658
f 1929 1658 1930
f 1930 1658 1659
f 1930 1659 1918
f 1918 1659 1660
f 1918 1660 1916
f 1916 1660 1684
f 1916 1684 1914
f 1914 1684 1683
f 1914 1683 1912
f 1912 1683 1682
f 1912 1682 1910
f 1910 1682 1681
f 1910 1681 1908
f 1908 1681 1680
f 1908 1680 1906
f 1906 1680 1679
f 1906 1679 1904
f 1904 1679 1678
f 1904 1678 1902
f 1902 1678 1677
f 1902 1677 1900
f 1900 1677 1676
f 1900 1676 1898
f 1898 1676 1675
f 1898 1675 1896
f 1896 1675 1674
f 1896 1674 1894
f 1894 1674 1673
f 1931 1197 1932
f 1201 1203 1933
f 1934 1935 1936
f 1212 1214 1891
f 1891 1214 1937
f 1891 1937 1938
f 1938 1937 1939
f 1938 1939 1940
f 1940 1939 1934
f 1940 1934 1941
f 1941 1934 1936
f 1941 1936 1942
f 1209 1211 1893
f 1893 1211 1943
f 1893 1943 1944
f 1944 1943 1945
f 1944 1945 1946
f 1946 1945 1947
f 1946 1947 1195
f 1195 1947 1948
f 1195 1948 1193
f 1210 1891 1211
f 1211 1891 1938
f 1211 1938 1943
f 1943 1938 1940
f 1943 1940 1945
f 1945 1940 1941
f 1945 1941 1947
f 1947 1941 1942
f 1947 1942 1948
f 1949 1950 1951
f 1206 1208 1892
f 1892 1208 1952
f 1892 1952 1953
f 1953 1952 1954
f 1953 1954 1955
f 1955 1954 1949
f 1955 1949 1956
f 1956 1949 1951
f 1956 1951 1957
f 1958 1959 1960
f 1203 1205 1933
f 1933 1205 1961
f 1933 1961 1962
f 1962 1961 1963
f 1962 1963 1964
f 1964 1963 1958
f 1964 1958 1965
f 1965 1958 1960
f 1965 1960 1966
f 1204 1892 1205
f 1205 1892 1953
f 1205 1953 1961
f 1961 1953 1955
f 1961 1955 1963
f 1963 1955 1956
f 1963 1956 1958
f 1958 1956 1957
f 1958 1957 1959
f 1207 1893 1208
f 1208 1893 1944
f 1208 1944 1952
f 1952 1944 1946
f 1952 1946 1954
f 1954 1946 1195
f 1954 1195 1949
f 1949 1195 1194
f 1949 1194 1950
f 1200 1202 1967
f 1967 1202 1968
f 1967 1968 1969
f 1969 1968 1970
f 1969 1970 1971
f 1197 1199 1932
f 1932 1199 1972
f 1932 1972 1973
f 1973 1972 1974
f 1973 1974 1975
f 1976 1977 1978
f 1978 1977 1979
f 1978 1979 1980
f 1980 1979 1981
f 1980 1981 1191
f 1982 1191 1981
f 1983 1984 1985
f 1985 1984 1970
f 1970 1984 1971
f 1971 1984 1986
f 1971 1986 1987
f 1987 1974 1971
f 1971 1974 1972
f 1971 1972 1969
f 1969 1972 1199
f 1969 1199 1967
f 1967 1199 1198
f 1967 1198 1200
f 1988 1989 1990
f 1990 1989 1977
f 1990 1977 1991
f 1991 1977 1976
f 1991 1976 1992
f 1992 1976 1931
f 1989 1993 1977
f 1977 1993 1994
f 1977 1994 1979
f 1979 1994 1995
f 1987 1996 1974
f 1974 1996 1997
f 1974 1997 1975
f 1975 1997 1998
f 1975 1998 1999
f 1931 1932 1992
f 1992 1932 1973
f 1992 1973 1991
f 1991 1973 1975
f 1991 1975 1990
f 1990 1975 1999
f 1990 1999 1988
f 1201 1933 1202
f 1202 1933 1962
f 1202 1962 1968
f 1968 1962 1964
f 1968 1964 1970
f 1970 1964 1965
f 1970 1965 1985
f 1985 1965 1966
f 1985 1966 1983
f 1213 1215 1214
f 1214 1215 1857
f 1214 1857 1937
f 1937 1857 1859
f 1937 1859 1939
f 1939 1859 1860
f 1939 1860 1934
f 1934 1860 1861
f 1934 1861 1935
f 2000 2001 2002
f 2002 2001 2003
f 2002 2003 2004
f 2004 2003 2005
f 2004 2005 2006
f 2006 2005 2007
f 2006 2007 2008
f 2008 2007 2009
f 2008 2009 2010
f 2010 2009 2011
f 2010 2011 2012
f 2012 2011 2013
f 2012 2013 2014
f 2014 2013 2015
f 2014 2015 2016
f 2016 2015 2017
f 2016 2017 2018
f 2018 2017 2019
f 2018 2019 2020
f 2001 2021 2003
f 2003 2021 2022
f 2003 2022 2005
f 2005 2022 2023
f 2005 2023 2007
f 2007 2023 2024
f 2007 2024 2009
f 2009 2024 2025
f 2009 2025 2011
f 2011 2025 2026
f 2011 2026 2013
f 2013 2026 2027
f 2013 2027 2015
f 2015 2027 2028
f 2015 2028 2017
f 2017 2028 2029
f 2017 2029 2019
f 2030 1357 1351
f 1351 1357 1359
f 1351 1359 1354
f 2031 2000 2032
f 2032 2000 2002
f 2032 2002 2033
f 2033 2002 2004
f 2033 2004 2034
f 2034 2004 2006
f 2034 2006 2035
f 2035 2006 2008
f 2035 2008 2036
f 2036 2008 2010
f 2036 2010 2037
f 2037 2010 2012
f 2037 2012 2038
f 2038 2012 2014
f 2038 2014 2039
f 2039 2014 2016
f 2039 2016 2040
f 2040 2016 2018
f 2040 2018 2041
f 2041 2018 2020
f 2042 2031 2043
f 2043 2031 2032
f 2043 2032 2044
f 2044 2032 2033
f 2044 2033 2045
f 2045 2033 2034
f 2045 2034 2046
f 2046 2034 2035
f 2046 2035 2047
f 2047 2035 2036
f 2047 2036 2048
f 2048 2036 2037
f 2048 2037 2049
f 2049 2037 2038
f 2049 2038 2050
f 2050 2038 2039
f 2050 2039 2051
f 2051 2039 2040
f 2051 2040 2052
f 2052 2040 2041
f 2053 2042 2054
f 2054 2042 2043
f 2054 2043 2055
f 2055 2043 2044
f 2055 2044 2056
f 2056 2044 2045
f 2056 2045 2057
f 2057 2045 2046
f 2057 2046 2058
f 2058 2046 2047
f 2058 2047 2059
f 2059 2047 2048
f 2059 2048 2060
f 2060 2048 2049
f 2060 2049 2061
f 2061 2049 2050
f 2061 2050 2062
f 2062 2050 2051
f 2062 2051 2063
f 2063 2051 2052
f 2063 2064 2062
f 2062 2064 2065
f 2062 2065 2061
f 2061 2065 2066
f 2061 2066 2060
f 2060 2066 2067
f 2060 2067 2059
f 2059 2067 2068
f 2059 2068 2058
f 2058 2068 2069
f 2058 2069 2057
f 2057 2069 2070
f 2057 2070 2056
f 2056 2070 2071
f 2056 2071 2055
f 2055 2071 2072
f 2055 2072 2054
f 2054 2072 2073
f 2054 2073 2053
f 2053 2073 2074
f 2053 2074 2075
f 2076 2077 2078
f 2078 2077 2079
f 2078 2079 2080
f 2080 2079 2081
f 2080 2081 2082
f 2082 2081 2083
f 2082 2083 2084
f 2085 2086 2087
f 2087 2086 2088
f 2087 2088 2089
f 2089 2088 2090
f 2089 2090 2091
f 2091 2090 2092
f 2091 2092 2093
f 2093 2092 2094
f 2093 2094 2095
f 2095 2094 2096
f 2095 2096 2097
f 2086 2098 2088
f 2088 2098 2099
f 2088 2099 2090
f 2090 2099 2100
f 2090 2100 2092
f 2092 2100 2101
f 2092 2101 2094
f 2094 2101 2102
f 2094 2102 2096
f 2103 2104 2105
f 1230 1232 1720
f 1720 1232 1734
f 1720 1734 1718
f 1718 1734 1732
f 1718 1732 1716
f 1716 1732 1730
f 1716 1730 1714
f 1714 1730 1728
f 1714 1728 1712
f 1712 1728 1726
f 1712 1726 1710
f 1710 1726 1724
f 1710 1724 1708
f 1708 1724 1722
f 1708 1722 1706
f 1706 1722 1248
f 1706 1248 1704
f 1704 1248 1247
f 1704 1247 1564
f 1564 1247 2105
f 1564 2105 1249
f 1249 2105 2104
f 1249 2104 1250
f 2106 2107 2108
f 2108 2107 2109
f 2108 2109 2110
f 2110 2109 2111
f 2110 2111 2112
f 2112 2111 2113
f 2112 2113 2114
f 2114 2113 2115
f 2114 2115 2116
f 2116 2115 2117
f 2116 2117 2118
f 2118 2117 2119
f 2118 2119 2120
f 2120 2119 2121
f 2120 2121 2122
f 2102 1189 2096
f 2096 1189 1187
f 2096 1187 2097
f 2097 1187 1184
f 2097 1184 2123
f 2123 1184 1186
f 2121 2124 2122
f 2122 2124 2125
f 2122 2125 2126
f 2126 2125 2127
f 2127 2125 2128
f 2128 2125 2129
f 2128 2129 2130
f 2098 2131 2099
f 2099 2131 2132
f 2099 2132 2100
f 2100 2132 2133
f 2100 2133 2101
f 2101 2133 2134
f 2101 2134 2102
f 2102 2134 2135
f 2102 2135 1189
f 1189 2135 2136
f 1189 2136 1188
f 1188 2136 2137
f 1188 2137 1184
f 1184 2137 2138
f 1184 2138 1185
f 1185 2138 2139
f 1185 2139 2140
f 2131 2141 2132
f 2132 2141 2142
f 2132 2142 2133
f 2133 2142 2143
f 2133 2143 2134
f 2134 2143 2144
f 2134 2144 2135
f 2135 2144 2145
f 2135 2145 2136
f 2136 2145 2146
f 2136 2146 2137
f 2137 2146 2147
f 2137 2147 2138
f 2138 2147 2148
f 2138 2148 2139
f 2139 2148 2149
f 2139 2149 2140
f 2150 2130 2140
f 2140 2130 2129
f 2140 2129 1185
f 1185 2129 2125
f 1185 2125 1186
f 1186 2125 2124
f 1186 2124 2123
f 2123 2124 2121
f 2123 2121 2097
f 2097 2121 2119
f 2097 2119 2095
f 2095 2119 2117
f 2095 2117 2093
f 2093 2117 2115
f 2093 2115 2091
f 2091 2115 2113
f 2091 2113 2089
f 2089 2113 2111
f 2089 2111 2087
f 2087 2111 2109
f 2087 2109 2085
f 2085 2109 2107
f 2141 2151 2142
f 2142 2151 2152
f 2142 2152 2143
f 2143 2152 2153
f 2143 2153 2144
f 2144 2153 2154
f 2144 2154 2145
f 2145 2154 2155
f 2145 2155 2146
f 2146 2155 2156
f 2146 2156 2147
f 2147 2156 2157
f 2147 2157 2148
f 2148 2157 2158
f 2148 2158 2149
f 2149 2158 2159
f 2149 2159 2140
f 2140 2159 2160
f 2140 2160 2150
f 2150 2160 2161
f 2150 2161 1623
f 2151 2103 2152
f 2152 2103 2105
f 2152 2105 2153
f 2153 2105 1247
f 2153 1247 2154
f 2154 1247 1246
f 2154 1246 2155
f 2155 1246 1244
f 2155 1244 2156
f 2156 1244 1243
f 2156 1243 2157
f 2157 1243 1241
f 2157 1241 2158
f 2158 1241 1240
f 2158 1240 2159
f 2159 1240 1238
f 2159 1238 2160
f 2160 1238 1237
f 2160 1237 2161
f 2161 1237 1569
f 2161 1569 1623
f 1623 1569 1792
f 1623 1792 1571
f 1571 1792 1793
f 1571 1793 1572
f 1572 1793 1794
f 1572 1794 1580
f 1580 1794 1795
f 1580 1795 1581
f 1581 1795 1796
f 1581 1796 1633
f 1633 1796 1797
f 1633 1797 1634
f 1634 1797 1798
f 1634 1798 1672
f 1672 1798 1799
f 1672 1799 1673
f 1673 1799 1800
f 1673 1800 1894
f 1894 1800 1801
f 1894 1801 1895
f 1381 1382 1379
f 1379 1382 1374
f 1379 1374 2162
f 2162 1374 1376
f 2162 1376 2163
f 2163 1376 1371
f 2163 1371 2164
f 2164 1371 1367
f 2164 1367 2165
f 2165 1367 1260
f 2165 1260 2166
f 2166 1260 1362
f 2166 1362 2167
f 2167 1362 1357
f 2167 1357 2168
f 2168 1357 2030
f 2169 2170 2171
f 2171 2170 2172
f 2171 2172 2173
f 2173 2172 2174
f 2173 2174 2175
f 2175 2174 2176
f 2175 2176 2177
f 2177 2176 2178
f 2177 2178 2179
f 2179 2178 2180
f 2179 2180 2181
f 2182 1395 2183
f 2183 1395 1390
f 2183 1390 2184
f 2184 1390 1386
f 2184 1386 2185
f 2185 1386 1379
f 2185 1379 2186
f 2186 1379 2162
f 2186 2162 2187
f 2187 2162 2163
f 2187 2163 2188
f 2188 2163 2164
f 2188 2164 2189
f 2189 2164 2165
f 2189 2165 2190
f 2190 2165 2166
f 2190 2166 2191
f 2191 2166 2167
f 2191 2167 2192
f 2192 2167 2168
f 2192 2168 2193
f 2193 2168 2030
f 2194 2195 2196
f 2196 2195 2197
f 2196 2197 2198
f 2198 2197 2199
f 2198 2199 2200
f 2200 2199 2201
f 2200 2201 2202
f 2202 2201 2203
f 2202 2203 2204
f 2204 2203 2181
f 2204 2181 2205
f 2205 2181 2180
f 2205 2180 2084
f 2084 2180 2178
f 2084 2178 2082
f 2082 2178 2176
f 2082 2176 2080
f 2080 2176 2174
f 2080 2174 2078
f 2078 2174 2172
f 2078 2172 2076
f 2076 2172 2170
f 2195 2182 2197
f 2197 2182 2183
f 2197 2183 2199
f 2199 2183 2184
f 2199 2184 2201
f 2201 2184 2185
f 2201 2185 2203
f 2203 2185 2186
f 2203 2186 2181
f 2181 2186 2187
f 2181 2187 2179
f 2179 2187 2188
f 2179 2188 2177
f 2177 2188 2189
f 2177 2189 2175
f 2175 2189 2190
f 2175 2190 2173
f 2173 2190 2191
f 2173 2191 2171
f 2171 2191 2192
f 2171 2192 2169
f 2169 2192 2193
f 1411 2206 1419
f 1419 2206 2207
f 1419 2207 1416
f 1416 2207 2208
f 1416 2208 1423
f 1423 2208 2209
f 1423 2209 1191
f 1403 1405 1408
f 1408 1405 2210
f 1408 2210 2211
f 2211 2210 2212
f 2211 2212 2213
f 2213 2212 2214
f 2213 2214 2215
f 2215 2214 2216
f 2215 2216 2217
f 1398 1400 1405
f 1405 1400 2218
f 1405 2218 2210
f 2210 2218 2219
f 2210 2219 2212
f 2212 2219 2220
f 2212 2220 2214
f 2214 2220 2221
f 2214 2221 2216
f 2206 1181 2207
f 2207 1181 1183
f 2207 1183 2208
f 2208 1183 2222
f 2208 2222 2209
f 2209 2222 2223
f 2209 2223 1191
f 2224 1191 2223
f 1410 1408 1414
f 1414 1408 2211
f 1414 2211 1411
f 1411 2211 2213
f 1411 2213 2206
f 2206 2213 2215
f 2206 2215 1181
f 1181 2215 2217
f 1181 2217 1182
f 2225 2194 2226
f 2226 2194 2196
f 2226 2196 2227
f 2227 2196 2198
f 2227 2198 2228
f 2228 2198 2200
f 2228 2200 2229
f 2229 2200 2202
f 2229 2202 2230
f 2230 2202 2204
f 2230 2204 2231
f 2231 2204 2205
f 2231 2205 2232
f 2232 2205 2084
f 2232 2084 2233
f 2233 2084 2083
f 2233 2083 2234
f 2234 2083 2081
f 2234 2081 2235
f 2235 2081 2079
f 2235 2079 2075
f 2075 2079 2077
f 2075 2077 2053
f 2053 2077 2076
f 2053 2076 2042
f 2042 2076 2170
f 2042 2170 2031
f 2031 2170 2169
f 2031 2169 2000
f 2000 2169 2193
f 2000 2193 2001
f 2001 2193 2030
f 2001 2030 2021
f 2021 2030 1351
f 2021 1351 2022
f 2022 1351 1348
f 2022 1348 2023
f 2023 1348 1342
f 2023 1342 2024
f 2024 1342 1340
f 2024 1340 2025
f 2025 1340 1338
f 2025 1338 2026
f 2026 1338 1331
f 2026 1331 2027
f 2027 1331 1329
f 2027 1329 2028
f 2028 1329 1325
f 2028 1325 2029
f 2029 1325 1317
f 2029 1317 2019
f 2019 1317 1319
f 2019 1319 2020
f 2236 2237 2238
f 2238 2237 2239
f 2238 2239 2240
f 2240 2239 2241
f 2240 2241 2242
f 2242 2241 2243
f 2242 2243 2244
f 2244 2243 2245
f 2244 2245 2246
f 2246 2245 2247
f 2246 2247 2248
f 2248 2247 2249
f 2248 2249 2250
f 2250 2249 2251
f 2250 2251 2252
f 2252 2251 2253
f 2252 2253 2254
f 2254 2253 2255
f 2254 2255 2256
f 2256 2255 2257
f 2256 2257 2258
f 2258 2257 2259
f 2236 2260 2237
f 2237 2260 2225
f 2237 2225 2239
f 2239 2225 2226
f 2239 2226 2241
f 2241 2226 2227
f 2241 2227 2243
f 2243 2227 2228
f 2243 2228 2245
f 2245 2228 2229
f 2245 2229 2247
f 2247 2229 2230
f 2247 2230 2249
f 2249 2230 2231
f 2249 2231 2251
f 2251 2231 2232
f 2251 2232 2253
f 2253 2232 2233
f 2253 2233 2255
f 2255 2233 2234
f 2255 2234 2257
f 2257 2234 2235
f 2257 2235 2259
f 2259 2235 2075
f 2224 2223 2261
f 2261 2223 2222
f 2261 2222 2262
f 2262 2222 1183
f 2262 1183 2263
f 2263 1183 1182
f 2263 1182 2264
f 2264 1182 2217
f 2264 2217 2265
f 2265 2217 2216
f 2265 2216 2260
f 2260 2216 2221
f 2260 2221 2225
f 2225 2221 2220
f 2225 2220 2194
f 2194 2220 2219
f 2194 2219 2195
f 2195 2219 2218
f 2195 2218 2182
f 2182 2218 1400
f 2182 1400 1395
f 1395 1400 1402
f 1395 1402 1393
f 2258 2266 2256
f 2256 2266 2267
f 2256 2267 2254
f 2254 2267 2268
f 2254 2268 2252
f 2252 2268 2269
f 2252 2269 2250
f 2250 2269 2270
f 2250 2270 2248
f 2248 2270 2271
f 2248 2271 2246
f 2246 2271 2272
f 2246 2272 2244
f 2244 2272 2273
f 2244 2273 2242
f 2242 2273 2274
f 2242 2274 2240
f 2240 2274 2275
f 2240 2275 2238
f 2238 2275 2276
f 2238 2276 2236
f 2236 2276 2277
f 2236 2277 2260
f 2260 2277 2278
f 2260 2278 2265
f 2265 2278 2279
f 2265 2279 2264
f 2264 2279 2280
f 2264 2280 2263
f 2263 2280 2281
f 2263 2281 2262
f 2262 2281 1925
f 2262 1925 2261
f 2261 1925 1926
f 2261 1926 2224
f 2224 1926 1927
f 2224 1927 1191
f 2064 2106 2065
f 2065 2106 2108
f 2065 2108 2066
f 2066 2108 2110
f 2066 2110 2067
f 2067 2110 2112
f 2067 2112 2068
f 2068 2112 2114
f 2068 2114 2069
f 2069 2114 2116
f 2069 2116 2070
f 2070 2116 2118
f 2070 2118 2071
f 2071 2118 2120
f 2071 2120 2072
f 2072 2120 2122
f 2072 2122 2073
f 2073 2122 2126
f 2073 2126 2074
f 2074 2126 2127
f 2074 2127 2075
f 2075 2127 2128
f 2075 2128 2259
f 2259 2128 2130
f 2259 2130 2258
f 2258 2130 2150
f 2258 2150 2266
f 2266 2150 1623
f 2266 1623 2267
f 2267 1623 1622
f 2267 1622 2268
f 2268 1622 1621
f 2268 1621 2269
f 2269 1621 1620
f 2269 1620 2270
f 2270 1620 1619
f 2270 1619 2271
f 2271 1619 1618
f 2271 1618 2272
f 2272 1618 1616
f 2272 1616 2273
f 2273 1616 1614
f 2273 1614 2274
f 2274 1614 1612
f 2274 1612 2275
f 2275 1612 1610
f 2275 1610 2276
f 2276 1610 1608
f 2276 1608 2277
f 2277 1608 1606
f 2277 1606 2278
f 2278 1606 1604
f 2278 1604 2279
f 2279 1604 1602
f 2279 1602 2280
f 2280 1602 1600
f 2280 1600 2281
f 2281 1600 1598
f 2281 1598 1925
f 1925 1598 1597
f 1925 1597 1624
f 1624 1597 1626
f 1624 1626 1625
f 1625 1626 1650
f 1625 1650 1922
f 1922 1650 1657
f 1922 1657 1923
f 1923 1657 1928
f 1923 1928 1924
f 1296 2282 1295
f 1295 2282 2283
f 1295 2283 1294
f 1294 2283 1297
f 1294 1297 1024
f 1024 1297 1057
f 2284 1311 1307
f 1307 1311 1312
f 1307 1312 1305
f 2285 2284 2286
f 2286 2284 1307
f 2286 1307 1299
f 1299 1307 1308
f 1299 1308 1300
f 1316 1309 1315
f 1315 1309 1311
f 1315 1311 2287
f 2287 1311 2284
f 2287 2284 2288
f 2288 2284 2285
f 2288 2285 2289
f 2290 2291 2292
f 2292 2291 2293
f 2292 2293 2294
f 2294 2293 2295
f 2294 2295 2296
f 2296 2295 2297
f 1021 1022 1296
f 1296 1022 1291
f 1296 1291 2282
f 2282 1291 2298
f 2282 2298 2299
f 1301 1302 1299
f 1299 1302 1298
f 1299 1298 2286
f 2286 1298 1262
f 2286 1262 2285
f 2285 1262 1297
f 2285 1297 2289
f 2289 1297 2283
f 2289 2283 2300
f 2300 2283 2282
f 2300 2282 2301
f 2301 2282 2299
f 1292 2302 1293
f 1293 2302 2303
f 1293 2303 1291
f 1291 2303 2304
f 1291 2304 2298
f 2298 2304 2305
f 2298 2305 2299
f 2299 2305 2306
f 2299 2306 2301
f 2301 2306 2290
f 2301 2290 2300
f 2300 2290 2292
f 2300 2292 2289
f 2289 2292 2294
f 2289 2294 2288
f 2288 2294 2296
f 2288 2296 2287
f 2287 2296 2297
f 2287 2297 1315
f 1125 1161 1292
f 1292 1161 1290
f 1292 1290 2302
f 2302 1290 1288
f 2302 1288 2307
f 2307 1288 1289
f 2308 2309 2310
f 2310 2309 2311
f 2310 2311 2312
f 2312 2311 2313
f 2312 2313 1287
f 1287 2313 2307
f 1287 2307 1286
f 1286 2307 1289
f 1286 1289 1155
f 1155 1289 1156
f 1171 1170 1287
f 1287 1170 1285
f 1287 1285 2312
f 2312 1285 1284
f 2312 1284 2310
f 2310 1284 1263
f 2310 1263 2308
f 2308 1263 1283
f 2308 1283 2314
f 2314 1283 1264
f 2314 1264 2315
f 2315 1264 1282
f 2315 1282 2316
f 2316 1282 1281
f 2316 1281 2317
f 2317 1281 1430
f 2317 1430 2318
f 2318 1430 1429
f 2318 1429 2319
f 2319 1429 1428
f 2319 1428 1442
f 1442 1428 1277
f 1442 1277 1276
f 1276 1277 1104
f 1276 1104 1126
f 2320 2321 2322
f 2322 2321 2323
f 2322 2323 2324
f 2324 2323 2325
f 2324 2325 2326
f 2326 2325 2327
f 2326 2327 2328
f 2328 2327 2329
f 2328 2329 2330
f 2330 2329 2331
f 2330 2331 2332
f 1546 1255 1548
f 1548 1255 1257
f 1548 1257 1550
f 1550 1257 1529
f 1550 1529 1552
f 1552 1529 1530
f 1552 1530 1554
f 1554 1530 1531
f 1554 1531 1556
f 1556 1531 1532
f 1556 1532 1558
f 1558 1532 1533
f 1558 1533 1560
f 1560 1533 1534
f 1560 1534 1562
f 1562 1534 1535
f 1562 1535 1563
f 1563 1535 1536
f 1563 1536 2333
f 2333 1536 1537
f 2333 1537 2334
f 2334 1537 1538
f 2334 1538 2335
f 2335 1538 1539
f 2335 1539 2336
f 2336 1539 1540
f 2336 1540 2337
f 2337 1540 1541
f 2337 1541 2338
f 2338 1541 1542
f 2338 1542 2339
f 2339 1542 1543
f 2339 1543 2340
f 2340 1543 1544
f 2340 1544 2341
f 2342 2320 2343
f 2343 2320 2322
f 2343 2322 2344
f 2344 2322 2324
f 2344 2324 2345
f 2345 2324 2326
f 2345 2326 2346
f 2346 2326 2328
f 2346 2328 2347
f 2347 2328 2330
f 2347 2330 2348
f 2348 2330 2332
f 2348 2332 2349
f 2350 2342 2351
f 2351 2342 2343
f 2351 2343 2352
f 2352 2343 2344
f 2352 2344 2353
f 2353 2344 2345
f 2353 2345 2354
f 2354 2345 2346
f 2354 2346 2355
f 2355 2346 2347
f 2355 2347 2356
f 2356 2347 2348
f 2356 2348 2357
f 2357 2348 2349
f 2357 2349 2358
f 2359 2350 2360
f 2360 2350 2351
f 2360 2351 2361
f 2361 2351 2352
f 2361 2352 2362
f 2362 2352 2353
f 2362 2353 2363
f 2363 2353 2354
f 2363 2354 2364
f 2364 2354 2355
f 2364 2355 2365
f 2365 2355 2356
f 2365 2356 2366
f 2366 2356 2357
f 2366 2357 2367
f 2367 2357 2358
f 2367 2358 2368
f 2369 2359 2370
f 2370 2359 2360
f 2370 2360 2371
f 2371 2360 2361
f 2371 2361 2372
f 2372 2361 2362
f 2372 2362 2373
f 2373 2362 2363
f 2373 2363 2374
f 2374 2363 2364
f 2374 2364 2375
f 2375 2364 2365
f 2375 2365 2376
f 2376 2365 2366
f 2376 2366 2377
f 2377 2366 2367
f 2377 2367 2378
f 2378 2367 2368
f 2378 2368 2379
f 1431 1545 1432
f 1432 1545 1547
f 1432 1547 1433
f 1433 1547 1549
f 1433 1549 1434
f 1434 1549 1551
f 1434 1551 1435
f 1435 1551 1553
f 1435 1553 1436
f 1436 1553 1555
f 1436 1555 1437
f 1437 1555 1557
f 1437 1557 1438
f 1438 1557 1559
f 1438 1559 1439
f 1439 1559 1561
f 1439 1561 1440
f 1440 1561 1563
f 1440 1563 1441
f 1441 1563 2333
f 1441 2333 1442
f 1442 2333 2334
f 1442 2334 2319
f 2319 2334 2335
f 2319 2335 2318
f 2318 2335 2336
f 2318 2336 2317
f 2317 2336 2337
f 2317 2337 2316
f 2316 2337 2338
f 2316 2338 2315
f 2315 2338 2339
f 2315 2339 2314
f 2314 2339 2340
f 2314 2340 2308
f 2308 2340 2341
f 2308 2341 2309
f 1995 2380 1979
f 1979 2380 2381
f 1979 2381 1981
f 1981 2381 2382
f 1981 2382 1982
f 1701 1875 1702
f 1702 1875 1876
f 1702 1876 1721
f 1721 1876 1877
f 1721 1877 1230
f 1230 1877 1878
f 1230 1878 1231
f 1231 1878 1879
f 1231 1879 1737
f 1737 1879 1880
f 1737 1880 1754
f 1754 1880 1881
f 1754 1881 1755
f 1755 1881 1882
f 1755 1882 1764
f 1764 1882 1883
f 1764 1883 1773
f 1773 1883 1884
f 1773 1884 1790
f 1790 1884 1885
f 1790 1885 1791
f 1791 1885 1886
f 1791 1886 1801
f 1801 1886 1887
f 1801 1887 1895
f 1895 1887 1888
f 1895 1888 1897
f 1897 1888 1889
f 1897 1889 1899
f 1899 1889 1890
f 1899 1890 1901
f 1901 1890 1213
f 1901 1213 1903
f 1903 1213 1212
f 1903 1212 1905
f 1905 1212 1210
f 1905 1210 1907
f 1907 1210 1209
f 1907 1209 1909
f 1909 1209 1207
f 1909 1207 1911
f 1911 1207 1206
f 1911 1206 1913
f 1913 1206 1204
f 1913 1204 1915
f 1915 1204 1203
f 1915 1203 1917
f 1917 1203 1201
f 1917 1201 1918
f 1918 1201 1200
f 1918 1200 1930
f 1930 1200 1198
f 1930 1198 1929
f 1929 1198 1197
f 1929 1197 1928
f 1928 1197 1931
f 1928 1931 1924
f 1924 1931 1976
f 1924 1976 1921
f 1921 1976 1978
f 1921 1978 1196
f 1196 1978 1980
f 1196 1980 1191
f 1252 1254 1513
f 1513 1254 2383
f 1513 2383 1528
f 1528 2383 2384
f 1528 2384 1527
f 1527 2384 2385
f 1527 2385 1526
f 1526 2385 2386
f 1526 2386 1525
f 1525 2386 2387
f 1525 2387 1524
f 1524 2387 2388
f 1524 2388 1523
f 1523 2388 2389
f 1523 2389 1522
f 1522 2389 2390
f 1522 2390 1521
f 1521 2390 2391
f 1521 2391 1520
f 1520 2391 2392
f 1520 2392 1519
f 1519 2392 2393
f 1519 2393 1518
f 1518 2393 2394
f 1518 2394 1517
f 1517 2394 2395
f 1517 2395 1516
f 1516 2395 2396
f 1516 2396 1515
f 1515 2396 2397
f 1515 2397 1443
f 1443 2397 2379
f 1443 2379 1444
f 1444 2379 2368
f 1444 2368 1479
f 1479 2368 2358
f 1479 2358 1478
f 1478 2358 2349
f 1478 2349 1544
f 1544 2349 2332
f 1544 2332 2341
f 2341 2332 2331
f 2341 2331 2309
f 2309 2331 2329
f 2309 2329 2311
f 2311 2329 2327
f 2311 2327 2313
f 2313 2327 2325
f 2313 2325 2307
f 2307 2325 2323
f 2307 2323 2302
f 2302 2323 2321
f 2302 2321 2303
f 2303 2321 2320
f 2303 2320 2304
f 2304 2320 2342
f 2304 2342 2305
f 2305 2342 2350
f 2305 2350 2306
f 2306 2350 2359
f 2306 2359 2290
f 2290 2359 2369
f 2290 2369 2291
f 1313 1315 1319
f 1319 1315 2297
f 1319 2297 2020
f 2020 2297 2295
f 2020 2295 2041
f 2041 2295 2293
f 2041 2293 2052
f 2052 2293 2291
f 2052 2291 2063
f 2063 2291 2369
f 2063 2369 2064
f 2064 2369 2370
f 2064 2370 2106
f 2106 2370 2371
f 2106 2371 2107
f 2107 2371 2372
f 2107 2372 2085
f 2085 2372 2373
f 2085 2373 2086
f 2086 2373 2374
f 2086 2374 2098
f 2098 2374 2375
f 2098 2375 2131
f 2131 2375 2376
f 2131 2376 2141
f 2141 2376 2377
f 2141 2377 2151
f 2151 2377 2378
f 2151 2378 2103
f 2103 2378 2379
f 2103 2379 2104
f 2104 2379 2397
f 2104 2397 1250
f 1250 2397 2396
f 1250 2396 1251
f 1251 2396 2395
f 1251 2395 1685
f 1685 2395 2394
f 1685 2394 1687
f 1687 2394 2393
f 1687 2393 1689
f 1689 2393 2392
f 1689 2392 1691
f 1691 2392 2391
f 1691 2391 1693
f 1693 2391 2390
f 1693 2390 1695
f 1695 2390 2389
f 1695 2389 1697
f 1697 2389 2388
f 1697 2388 1699
f 1699 2388 2387
f 1699 2387 1701
f 1701 2387 2386
f 1701 2386 1875
f 1875 2386 2385
f 1875 2385 1228
f 1228 2385 2384
f 1228 2384 1229
f 1229 2384 2383
f 1229 2383 1811
f 1811 2383 1254
f 1811 1254 1812
f 1812 1254 1253
f 1812 1253 1813
f 2398 2399 2400
f 2401 2402 2403
f 2403 2402 2404
f 2405 2406 2407
f 2408 2409 2410
f 2411 2412 2413
f 2414 2415 2416
f 2417 2418 2419
f 2420 2421 2422
f 2423 2422 2424
f 2425 2426 2427
f 2422 2421 2428
f 2429 2430 2431
f 2432 2433 2429
f 1999 1998 2434
f 1994 1993 2435
f 1989 1988 2436
f 1997 1996 2437
f 2438 2439 2440
f 1480 1447 2441
f 1255 1546 2442
f 2443 2444 2445
f 1067 1066 2446
f 2446 1066 1167
f 1063 1163 2447
f 1162 1140 2448
f 2448 1140 1139
f 1065 2399 1164
f 1164 2399 2398
f 1164 2398 1165
f 1166 2449 2450
f 2449 1166 2451
f 1068 1067 2452
f 2452 1067 2446
f 2452 2446 2450
f 2450 2446 1167
f 2450 1167 1166
f 2453 1070 1069
f 1070 2453 1071
f 1071 2453 2454
f 1071 2454 1072
f 1026 1074 2455
f 2455 1074 1073
f 1076 1075 2456
f 2456 1075 1027
f 2456 1027 2457
f 2457 1027 1026
f 1111 1077 2458
f 2458 1077 1076
f 1078 1112 2459
f 2459 1112 1111
f 2460 1080 1079
f 1081 2461 1113
f 1113 2461 1114
f 2462 1084 2463
f 2463 1084 1083
f 2463 1083 1082
f 2464 1142 1141
f 2465 1086 2464
f 2464 1086 1085
f 2464 1085 1142
f 2466 1116 2465
f 2465 1116 1115
f 2465 1115 1086
f 1089 1144 2467
f 2467 1144 1143
f 2467 1143 2466
f 2466 1143 1117
f 2466 1117 1116
f 1089 2467 1088
f 1088 2467 2468
f 1088 2468 1087
f 1087 2468 1090
f 1090 2468 2469
f 1090 2469 1091
f 1091 2469 2470
f 1091 2470 1042
f 1042 2470 1043
f 1043 2470 2471
f 1043 2471 1044
f 1044 2471 1045
f 1045 2471 2472
f 1045 2472 1092
f 2473 1046 2472
f 2472 1046 1093
f 2472 1093 1092
f 2474 1048 2473
f 2473 1048 1047
f 2473 1047 1046
f 2475 1095 2474
f 2474 1095 1094
f 2474 1094 1048
f 2476 1097 2475
f 2475 1097 1096
f 2475 1096 1095
f 1051 1050 2477
f 2477 1050 1049
f 2477 1049 2476
f 2476 1049 1098
f 2476 1098 1097
f 1051 2477 1052
f 1052 2477 2478
f 1052 2478 1118
f 1118 2478 1265
f 1118 1265 1119
f 2479 2480 2481
f 2481 2480 2482
f 2481 2482 2483
f 2483 2482 2484
f 2483 2484 2485
f 2485 2484 2486
f 2485 2486 2487
f 2487 2486 2488
f 2487 2488 2489
f 1545 1431 2490
f 2490 1431 2491
f 2490 2491 2492
f 2492 2491 2493
f 2492 2493 2494
f 2494 2493 2495
f 2494 2495 2496
f 2496 2495 2497
f 2496 2497 2498
f 2498 2497 2499
f 2498 2499 2500
f 2500 2499 2501
f 2500 2501 2502
f 2502 2501 2503
f 2502 2503 2504
f 2504 2503 2505
f 2504 2505 2506
f 1431 1265 2491
f 2491 1265 2478
f 2491 2478 2493
f 2493 2478 2477
f 2493 2477 2495
f 2495 2477 2476
f 2495 2476 2497
f 2497 2476 2475
f 2497 2475 2499
f 2499 2475 2474
f 2499 2474 2501
f 2501 2474 2473
f 2501 2473 2503
f 2503 2473 2472
f 2503 2472 2505
f 2505 2472 2471
f 2505 2471 2506
f 2506 2471 2470
f 2506 2470 2507
f 2507 2470 2469
f 2507 2469 2508
f 2508 2469 2468
f 2508 2468 2509
f 2509 2468 2467
f 2509 2467 2510
f 2510 2467 2466
f 2510 2466 2511
f 2511 2466 2465
f 2511 2465 2462
f 2462 2465 2464
f 2462 2464 1084
f 1084 2464 1141
f 1255 2442 1256
f 2512 2513 2514
f 2514 2513 2515
f 2514 2515 2516
f 2516 2515 2517
f 2516 2517 2518
f 2518 2517 2519
f 2518 2519 2520
f 2520 2519 2521
f 2520 2521 2522
f 2522 2521 2523
f 2522 2523 2524
f 2524 2523 2525
f 2524 2525 2526
f 2526 2525 2527
f 2526 2527 2528
f 2528 2527 2529
f 2528 2529 2530
f 2530 2529 2531
f 2530 2531 2532
f 2532 2531 2533
f 2532 2533 2534
f 2534 2533 2535
f 2534 2535 2536
f 2536 2535 2537
f 2536 2537 2538
f 2538 2537 2539
f 2538 2539 2540
f 2540 2539 2541
f 2540 2541 2542
f 2542 2541 2543
f 2544 1512 1483
f 2545 2546 2547
f 2547 2546 2548
f 2547 2548 2549
f 2549 2548 2550
f 2549 2550 2551
f 2551 2550 2552
f 2551 2552 2553
f 2553 2552 2554
f 2553 2554 2555
f 2555 2554 2556
f 2555 2556 2557
f 2557 2556 2558
f 2557 2558 2559
f 2559 2558 2560
f 2559 2560 2561
f 2561 2560 2562
f 2561 2562 2563
f 2563 2562 2564
f 2563 2564 2565
f 2565 2564 2566
f 2565 2566 2567
f 2567 2566 2568
f 2567 2568 2569
f 2569 2568 2570
f 2569 2570 2571
f 2571 2570 2572
f 2571 2572 2573
f 2573 2572 2544
f 2573 2544 2574
f 2574 2544 1483
f 2574 1483 1481
f 2575 1253 1252
f 2480 2543 2482
f 2482 2543 2541
f 2482 2541 2484
f 2484 2541 2539
f 2484 2539 2486
f 2486 2539 2537
f 2486 2537 2488
f 2488 2537 2535
f 2488 2535 2489
f 2489 2535 2533
f 2489 2533 2576
f 2576 2533 2531
f 2576 2531 2577
f 2577 2531 2529
f 2577 2529 2578
f 2578 2529 2527
f 2578 2527 2579
f 2579 2527 2525
f 2579 2525 2580
f 2580 2525 2523
f 2580 2523 2581
f 2581 2523 2521
f 2581 2521 2582
f 2582 2521 2519
f 2582 2519 2583
f 2583 2519 2517
f 2583 2517 2584
f 2584 2517 2515
f 2584 2515 2442
f 2442 2515 2513
f 2442 2513 1256
f 1256 2513 2512
f 1256 2512 1446
f 1546 1545 2442
f 2442 1545 2490
f 2442 2490 2584
f 2584 2490 2492
f 2584 2492 2583
f 2583 2492 2494
f 2583 2494 2582
f 2582 2494 2496
f 2582 2496 2581
f 2581 2496 2498
f 2581 2498 2580
f 2580 2498 2500
f 2580 2500 2579
f 2579 2500 2502
f 2579 2502 2578
f 2578 2502 2504
f 2578 2504 2577
f 2577 2504 2506
f 2577 2506 2576
f 2576 2506 2507
f 2576 2507 2489
f 2489 2507 2508
f 2489 2508 2487
f 2487 2508 2509
f 2487 2509 2485
f 2485 2509 2510
f 2485 2510 2483
f 2483 2510 2511
f 2483 2511 2481
f 2481 2511 2462
f 2481 2462 2479
f 2479 2462 2463
f 2444 2585 2586
f 2587 2588 2589
f 2588 2587 2590
f 2590 2587 2591
f 2590 2591 2592
f 2592 2591 2593
f 2592 2593 2594
f 2595 2596 2597
f 2598 2599 2600
f 2600 2599 2601
f 2600 2601 2602
f 2602 2601 2603
f 2602 2603 2604
f 2604 2603 2605
f 2604 2605 2606
f 2606 2605 2607
f 2606 2607 2608
f 2608 2607 2609
f 2608 2609 2610
f 2610 2609 2611
f 2610 2611 2612
f 2612 2611 2613
f 2612 2613 2614
f 2614 2613 2615
f 2614 2615 2616
f 2616 2615 2617
f 2616 2617 2618
f 2618 2617 2619
f 2618 2619 2620
f 2620 2619 2621
f 2620 2621 2622
f 2622 2621 2623
f 2622 2623 2624
f 2624 2623 2625
f 2624 2625 2626
f 2444 2586 2445
f 2445 2586 2627
f 2445 2627 2628
f 2628 2627 2629
f 2628 2629 2630
f 2630 2629 2631
f 2630 2631 2632
f 2632 2631 2633
f 2632 2633 2634
f 2634 2633 2635
f 2634 2635 2636
f 2636 2635 2637
f 2636 2637 2638
f 2638 2637 2639
f 2638 2639 2640
f 2640 2639 2641
f 2640 2641 2642
f 2642 2641 2643
f 2642 2643 2644
f 2644 2643 2645
f 2644 2645 2646
f 2646 2645 2647
f 2646 2647 2648
f 2648 2647 2649
f 2648 2649 2650
f 2650 2649 2651
f 2650 2651 2652
f 2652 2651 2653
f 2652 2653 2654
f 2654 2653 1814
f 2654 1814 1813
f 2625 1816 2626
f 2626 1816 1815
f 2626 1815 1818
f 2585 2598 2586
f 2586 2598 2600
f 2586 2600 2627
f 2627 2600 2602
f 2627 2602 2629
f 2629 2602 2604
f 2629 2604 2631
f 2631 2604 2606
f 2631 2606 2633
f 2633 2606 2608
f 2633 2608 2635
f 2635 2608 2610
f 2635 2610 2637
f 2637 2610 2612
f 2637 2612 2639
f 2639 2612 2614
f 2639 2614 2641
f 2641 2614 2616
f 2641 2616 2643
f 2643 2616 2618
f 2643 2618 2645
f 2645 2618 2620
f 2645 2620 2647
f 2647 2620 2622
f 2647 2622 2649
f 2649 2622 2624
f 2649 2624 2651
f 2651 2624 2626
f 2651 2626 2653
f 2653 2626 1818
f 2653 1818 1814
f 2655 2656 2657
f 2657 2656 2658
f 2657 2658 2659
f 2659 2658 2660
f 2659 2660 2661
f 2661 2660 2662
f 2661 2662 2663
f 2663 2662 2664
f 2663 2664 2665
f 2665 2664 2666
f 2665 2666 2667
f 2667 2666 2668
f 2667 2668 2669
f 2669 2668 2670
f 2669 2670 2671
f 2671 2670 2672
f 2671 2672 2673
f 2673 2672 2674
f 2673 2674 2675
f 2675 2674 2676
f 2675 2676 2677
f 2677 2676 2678
f 2677 2678 2679
f 2656 2680 2658
f 2658 2680 2681
f 2658 2681 2660
f 2660 2681 2682
f 2660 2682 2662
f 2662 2682 2683
f 2662 2683 2664
f 2664 2683 2684
f 2664 2684 2666
f 2666 2684 2685
f 2666 2685 2668
f 2668 2685 2686
f 2668 2686 2670
f 2670 2686 2687
f 2670 2687 2672
f 2672 2687 2688
f 2672 2688 2674
f 2674 2688 2689
f 2674 2689 2676
f 2676 2689 2690
f 2676 2690 2678
f 2680 2691 2681
f 2681 2691 2692
f 2681 2692 2682
f 2682 2692 2693
f 2682 2693 2683
f 2683 2693 2694
f 2683 2694 2684
f 2684 2694 2695
f 2684 2695 2685
f 2685 2695 2696
f 2685 2696 2686
f 2686 2696 2697
f 2686 2697 2687
f 2687 2697 2698
f 2687 2698 2688
f 2688 2698 2699
f 2688 2699 2689
f 2689 2699 2700
f 2689 2700 2690
f 2690 2700 1873
f 1873 1872 2690
f 2690 1872 1871
f 2690 1871 2678
f 2678 1871 1870
f 2678 1870 2679
f 2679 1870 1830
f 2679 1830 1829
f 2599 2655 2601
f 2601 2655 2657
f 2601 2657 2603
f 2603 2657 2659
f 2603 2659 2605
f 2605 2659 2661
f 2605 2661 2607
f 2607 2661 2663
f 2607 2663 2609
f 2609 2663 2665
f 2609 2665 2611
f 2611 2665 2667
f 2611 2667 2613
f 2613 2667 2669
f 2613 2669 2615
f 2615 2669 2671
f 2615 2671 2617
f 2617 2671 2673
f 2617 2673 2619
f 2619 2673 2675
f 2619 2675 2621
f 2621 2675 2677
f 2621 2677 2623
f 2623 2677 2679
f 2623 2679 2625
f 2625 2679 1829
f 2625 1829 1816
f 2701 2439 2702
f 2702 2439 2438
f 2702 2438 2703
f 2704 2705 2706
f 2706 2705 2707
f 2706 2707 2708
f 2708 2707 2709
f 2708 2709 2710
f 2710 2709 2711
f 2710 2711 2712
f 2712 2711 2713
f 2712 2713 2714
f 2714 2713 2715
f 2714 2715 2716
f 2716 2715 2717
f 2716 2717 2718
f 2718 2717 2719
f 2718 2719 2720
f 2705 2721 2707
f 2707 2721 2722
f 2707 2722 2709
f 2709 2722 2723
f 2709 2723 2711
f 2711 2723 2724
f 2711 2724 2713
f 2713 2724 2725
f 2713 2725 2715
f 2715 2725 2726
f 2715 2726 2717
f 2717 2726 2727
f 2717 2727 2719
f 2721 2728 2722
f 2722 2728 2729
f 2722 2729 2723
f 2723 2729 2730
f 2723 2730 2724
f 2724 2730 2731
f 2724 2731 2725
f 2725 2731 2732
f 2725 2732 2726
f 2726 2732 2733
f 2726 2733 2727
f 2727 2733 1868
f 2734 2701 2735
f 2735 2701 2702
f 2735 2702 2736
f 2736 2702 2703
f 2736 2703 2737
f 1936 1935 2738
f 2738 1935 2737
f 2738 2737 2739
f 2739 2737 2703
f 2739 2703 2740
f 2740 2703 2438
f 2740 2438 2741
f 2741 2438 2440
f 2741 2440 2742
f 2736 1864 2735
f 2735 1864 1863
f 2735 1863 2734
f 2734 1863 1862
f 2734 1862 1869
f 2728 2742 2729
f 2729 2742 2440
f 2729 2440 2730
f 2730 2440 2439
f 2730 2439 2731
f 2731 2439 2701
f 2731 2701 2732
f 2732 2701 2734
f 2732 2734 2733
f 2733 2734 1869
f 2733 1869 1868
f 1868 1867 2727
f 2727 1867 1866
f 2727 1866 2719
f 2719 1866 1865
f 2719 1865 2720
f 2720 1865 1849
f 2720 1849 1874
f 2691 2704 2692
f 2692 2704 2706
f 2692 2706 2693
f 2693 2706 2708
f 2693 2708 2694
f 2694 2708 2710
f 2694 2710 2695
f 2695 2710 2712
f 2695 2712 2696
f 2696 2712 2714
f 2696 2714 2697
f 2697 2714 2716
f 2697 2716 2698
f 2698 2716 2718
f 2698 2718 2699
f 2699 2718 2720
f 2699 2720 2700
f 2700 2720 1874
f 2700 1874 1873
f 2596 2595 2743
f 2743 2595 2744
f 2743 2744 2745
f 2745 2744 2746
f 2745 2746 2747
f 2748 2749 2750
f 2750 2749 2751
f 2750 2751 2752
f 2753 2754 2755
f 2755 2754 2756
f 2755 2756 2757
f 2757 2756 2758
f 2757 2758 2759
f 2759 2758 2760
f 2759 2760 2761
f 2761 2760 2762
f 2761 2762 2763
f 2763 2762 2764
f 2763 2764 2765
f 2765 2764 2766
f 2765 2766 2767
f 2767 2766 2768
f 2767 2768 2769
f 2769 2768 2770
f 2769 2770 2771
f 2771 2770 2772
f 2771 2772 2773
f 2773 2772 2774
f 2773 2774 2775
f 2775 2774 2776
f 2775 2776 2777
f 2777 2776 2778
f 2777 2778 2779
f 2779 2778 2780
f 2779 2780 2781
f 2781 2780 2782
f 2781 2782 2783
f 2783 2782 2784
f 2783 2785 2781
f 2781 2785 2786
f 2781 2786 2779
f 2779 2786 2787
f 2779 2787 2777
f 2777 2787 2788
f 2777 2788 2775
f 2775 2788 2789
f 2775 2789 2773
f 2773 2789 2790
f 2773 2790 2771
f 2771 2790 2791
f 2771 2791 2769
f 2769 2791 2792
f 2769 2792 2767
f 2767 2792 2793
f 2767 2793 2765
f 2765 2793 2794
f 2765 2794 2763
f 2763 2794 2795
f 2763 2795 2761
f 2761 2795 2796
f 2761 2796 2759
f 2759 2796 2797
f 2759 2797 2757
f 2757 2797 2798
f 2757 2798 2755
f 2755 2798 2799
f 2755 2799 2753
f 1957 1951 2800
f 1942 2785 1948
f 1948 2785 2783
f 1948 2783 1193
f 1193 2783 2784
f 1193 2784 1194
f 1194 2784 1950
f 1986 1984 2801
f 1994 2435 1995
f 1983 1966 2802
f 1935 1861 2737
f 2737 1861 1856
f 2737 1856 2736
f 2736 1856 1855
f 2736 1855 1864
f 2803 2804 2805
f 2806 2807 2808
f 2809 2810 2811
f 2811 2810 2812
f 2813 2814 2815
f 2816 2817 2818
f 2818 2817 2813
f 2818 2813 2819
f 2819 2813 2815
f 2816 2820 2817
f 2817 2820 2821
f 2817 2821 2822
f 2822 2821 2823
f 2824 2825 2826
f 2826 2825 2822
f 2826 2822 2827
f 2827 2822 2823
f 2824 2828 2825
f 2825 2828 2829
f 2825 2829 2830
f 2830 2829 2831
f 2830 2831 2832
f 2833 2813 2834
f 2834 2813 2817
f 2834 2817 2835
f 2835 2817 2822
f 2835 2822 2836
f 2836 2822 2825
f 2836 2825 2837
f 2837 2825 2830
f 2837 2830 2838
f 2838 2830 2839
f 2838 2839 2840
f 2840 2839 2841
f 2832 2842 2830
f 2830 2842 2843
f 2830 2843 2839
f 2839 2843 2844
f 2839 2844 2845
f 2845 2846 2847
f 2847 2846 2848
f 2847 2848 2849
f 2845 2847 2839
f 2839 2847 2850
f 2839 2850 2841
f 2849 2851 2847
f 2847 2851 2852
f 2847 2852 2853
f 2853 2852 2854
f 2854 2855 2853
f 2853 2855 2856
f 2853 2856 2432
f 2857 2858 2859
f 2432 2429 2853
f 2853 2429 2431
f 2853 2431 2847
f 2847 2431 2860
f 2847 2860 2850
f 2861 2862 2863
f 2863 2862 2864
f 2863 2864 2865
f 2865 2864 2866
f 2865 2866 2867
f 2867 2866 2868
f 2869 2870 2871
f 2871 2870 2872
f 2871 2872 2873
f 2873 2872 2874
f 2873 2874 2875
f 2875 2874 2876
f 2875 2876 2877
f 2877 2876 2878
f 2877 2878 2879
f 2879 2878 2880
f 2881 2882 2883
f 2883 2882 2884
f 2883 2884 2885
f 2885 2884 2886
f 2885 2886 2887
f 2887 2886 2888
f 2887 2888 2889
f 2889 2888 2890
f 2889 2890 2891
f 2891 2890 2892
f 2891 2892 2893
f 2893 2892 2894
f 2893 2894 2895
f 2895 2894 2896
f 2897 2898 2753
f 2753 2898 2899
f 2753 2899 2754
f 2754 2899 2900
f 2754 2900 2756
f 2756 2900 2901
f 2756 2901 2758
f 2758 2901 2902
f 2758 2902 2760
f 2760 2902 2903
f 2760 2903 2762
f 2762 2903 2904
f 2762 2904 2764
f 2764 2904 2905
f 2764 2905 2766
f 2766 2905 2906
f 2766 2906 2768
f 2768 2906 2907
f 2768 2907 2770
f 2770 2907 2908
f 2770 2908 2772
f 2772 2908 2909
f 2772 2909 2774
f 2774 2909 2910
f 2774 2910 2776
f 2776 2910 2911
f 2776 2911 2778
f 2778 2911 2912
f 2778 2912 2780
f 2780 2912 2913
f 2780 2913 2782
f 2782 2913 2914
f 2782 2914 2784
f 2784 2914 2800
f 2784 2800 1950
f 1950 2800 1951
f 2882 2915 2884
f 2884 2915 2916
f 2884 2916 2886
f 2886 2916 2917
f 2886 2917 2888
f 2888 2917 2918
f 2888 2918 2890
f 2890 2918 2919
f 2890 2919 2892
f 2892 2919 2920
f 2892 2920 2894
f 2894 2920 2921
f 2894 2921 2896
f 2896 2921 2922
f 2896 2922 2923
f 2923 2922 2924
f 2915 2925 2916
f 2916 2925 2926
f 2916 2926 2917
f 2917 2926 2927
f 2917 2927 2918
f 2918 2927 2928
f 2918 2928 2919
f 2919 2928 2929
f 2919 2929 2920
f 2920 2929 2930
f 2920 2930 2921
f 2921 2930 2931
f 2921 2931 2922
f 2922 2931 2932
f 2922 2932 2924
f 2924 2932 2933
f 2924 2933 2934
f 2934 2933 2935
f 2925 2869 2926
f 2926 2869 2871
f 2926 2871 2927
f 2927 2871 2873
f 2927 2873 2928
f 2928 2873 2875
f 2928 2875 2929
f 2929 2875 2877
f 2929 2877 2930
f 2930 2877 2879
f 2930 2879 2931
f 2931 2879 2880
f 2931 2880 2932
f 2932 2880 2936
f 2932 2936 2933
f 2933 2936 2937
f 2933 2937 2935
f 2935 2937 2938
f 2935 2938 2939
f 2939 2938 2940
f 2939 2940 2941
f 2941 2940 2942
f 2941 2942 2943
f 2943 2942 2944
f 2943 2944 2945
f 2945 2944 2946
f 2945 2946 2947
f 2947 2946 2948
f 2947 2948 2949
f 2949 2948 2950
f 2949 2950 2951
f 2951 2950 2952
f 2951 2952 2953
f 2953 2952 2954
f 2953 2954 2955
f 2955 2954 2956
f 2955 2956 2957
f 2957 2956 2958
f 2957 2958 2959
f 2959 2958 2960
f 2959 2960 2961
f 2961 2960 2962
f 2961 2962 2963
f 2963 2962 2964
f 2963 2964 2965
f 2965 2964 2966
f 2965 2966 2436
f 2436 2966 2435
f 2436 2435 1989
f 1989 2435 1993
f 2967 2968 2969
f 2969 2968 2970
f 2969 2970 2971
f 2971 2970 2972
f 2971 2972 2973
f 2973 2972 2974
f 2973 2974 2975
f 2975 2974 2976
f 2975 2976 2977
f 2977 2976 2978
f 2977 2978 2979
f 2979 2978 2980
f 2979 2980 2981
f 2981 2980 2982
f 2981 2982 2983
f 2983 2982 2984
f 2983 2984 2985
f 2985 2984 2986
f 2987 2988 2989
f 2987 2989 2990
f 2991 2992 2993
f 2993 2992 2994
f 2993 2994 2995
f 2996 2997 2998
f 2998 2997 2999
f 2998 2999 2993
f 2993 2999 2989
f 2993 2989 2991
f 2991 2989 2988
f 3000 3001 3002
f 2417 2419 3003
f 3004 3005 3006
f 3007 3008 3009
f 3009 3008 3010
f 3009 3010 3011
f 3001 3012 3002
f 3002 3012 3003
f 3002 3003 3013
f 3013 3003 2419
f 3013 2419 3014
f 3014 2419 3015
f 3014 3015 3016
f 3016 3015 3017
f 3016 3017 3018
f 3018 3017 3019
f 3018 3019 3020
f 3020 3019 3021
f 2411 2413 3022
f 3023 3024 3025
f 3025 3024 3026
f 3027 3028 3029
f 3029 3028 3025
f 3029 3025 3030
f 3030 3025 3026
f 3031 3032 3033
f 3033 3032 3028
f 3033 3028 3034
f 3034 3028 3027
f 3035 3036 2402
f 3031 3035 3032
f 3032 3035 2402
f 3032 2402 3028
f 3028 2402 2401
f 3028 2401 3025
f 2408 2410 3037
f 3038 3039 3040
f 3040 3039 3041
f 1191 3042 2410
f 2410 3042 2407
f 2410 2407 3037
f 3037 2407 2406
f 2409 3043 2410
f 2410 3043 1191
f 1191 3044 3042
f 3042 3044 3045
f 3042 3045 2407
f 2407 3045 3040
f 2407 3040 2405
f 2405 3040 3041
f 3011 2414 3009
f 3009 2414 2416
f 3009 2416 3046
f 3046 2416 3047
f 3046 3047 3048
f 3048 3047 3049
f 3048 3049 3050
f 3050 3049 3051
f 3050 3051 3052
f 3052 3051 3053
f 3052 3053 3054
f 3054 3053 3055
f 2862 3056 2864
f 2864 3056 3057
f 2864 3057 2866
f 2866 3057 3058
f 2866 3058 2868
f 2868 3058 3059
f 2868 3059 3060
f 3060 3059 3061
f 3060 3061 3062
f 3062 3061 3063
f 3062 3063 3064
f 3064 3063 3065
f 3064 3065 3066
f 3066 3065 3067
f 3066 3067 3068
f 3068 3067 3069
f 3068 3069 3070
f 3070 3069 3071
f 3070 3071 3072
f 2968 2861 2970
f 2970 2861 2863
f 2970 2863 2972
f 2972 2863 2865
f 2972 2865 2974
f 2974 2865 2867
f 2974 2867 2976
f 2976 2867 2868
f 2976 2868 2978
f 2978 2868 3060
f 2978 3060 2980
f 2980 3060 3062
f 2980 3062 2982
f 2982 3062 3064
f 2982 3064 2984
f 2984 3064 3066
f 2984 3066 2986
f 2986 3066 3068
f 2986 3068 3073
f 3073 3068 3070
f 3073 3070 3074
f 3074 3070 3072
f 3074 3072 3075
f 3076 3077 3078
f 3078 3077 3079
f 3078 3079 3080
f 3080 3079 3081
f 3080 3081 3082
f 3082 3081 3083
f 3082 3083 3084
f 3084 3083 3085
f 3084 3085 3086
f 3086 3085 3087
f 3086 3087 3088
f 3088 3087 3089
f 3088 3089 3090
f 3090 3089 3091
f 3090 3091 3092
f 3092 3091 3093
f 3092 3093 2589
f 2589 3093 3094
f 2589 3094 2587
f 2587 3094 3095
f 2587 3095 2591
f 2591 3095 3096
f 2591 3096 2593
f 3097 2428 3098
f 3098 2428 2421
f 3098 2421 3099
f 3099 2421 2420
f 3099 2420 3100
f 3100 2420 3101
f 3100 3101 3102
f 3102 3101 3103
f 3102 3103 3104
f 3104 3103 3105
f 3104 3105 3106
f 3106 3105 3107
f 3106 3107 3108
f 3108 3107 3109
f 3108 3109 3110
f 3110 3109 3111
f 3110 3111 3112
f 3112 3111 3113
f 3112 3113 3114
f 3114 3113 3115
f 3114 3115 2597
f 2597 3115 3116
f 2597 3116 2595
f 2595 3116 3117
f 2595 3117 2744
f 2744 3117 3118
f 2744 3118 2746
f 3077 3097 3079
f 3079 3097 3098
f 3079 3098 3081
f 3081 3098 3099
f 3081 3099 3083
f 3083 3099 3100
f 3083 3100 3085
f 3085 3100 3102
f 3085 3102 3087
f 3087 3102 3104
f 3087 3104 3089
f 3089 3104 3106
f 3089 3106 3091
f 3091 3106 3108
f 3091 3108 3093
f 3093 3108 3110
f 3093 3110 3094
f 3094 3110 3112
f 3094 3112 3095
f 3095 3112 3114
f 3095 3114 3096
f 3096 3114 2597
f 3096 2597 2593
f 2593 2597 2596
f 2593 2596 2594
f 3056 3076 3057
f 3057 3076 3078
f 3057 3078 3058
f 3058 3078 3080
f 3058 3080 3059
f 3059 3080 3082
f 3059 3082 3061
f 3061 3082 3084
f 3061 3084 3063
f 3063 3084 3086
f 3063 3086 3065
f 3065 3086 3088
f 3065 3088 3067
f 3067 3088 3090
f 3067 3090 3069
f 3069 3090 3092
f 3069 3092 3071
f 3071 3092 2589
f 3071 2589 3072
f 3072 2589 2588
f 3072 2588 3075
f 1191 3119 3044
f 3044 3119 3120
f 3044 3120 3045
f 3045 3120 2404
f 3045 2404 3040
f 3040 2404 2402
f 3040 2402 3038
f 3038 2402 3036
f 2415 3022 2416
f 2416 3022 2413
f 2416 2413 3047
f 3047 2413 3121
f 3047 3121 3049
f 3049 3121 3122
f 3049 3122 3051
f 3051 3122 3123
f 3051 3123 3053
f 3053 3123 3124
f 3053 3124 3055
f 3055 3124 3125
f 3055 3125 3126
f 3126 3125 3127
f 3126 3127 3128
f 3128 3127 1191
f 2995 2425 2993
f 2993 2425 2427
f 2993 2427 2998
f 2998 2427 3129
f 2998 3129 2996
f 2996 3129 3130
f 2996 3130 3131
f 3131 3130 3132
f 3131 3132 3133
f 3133 3132 3134
f 3133 3134 3135
f 3135 3134 3136
f 3135 3136 3137
f 3137 3136 3138
f 3137 3138 3139
f 3139 3138 3140
f 3139 3140 3141
f 3141 3140 3142
f 3141 3142 3143
f 3143 3142 3144
f 3143 3144 3145
f 3145 3144 3146
f 3145 3146 3147
f 3147 3146 3148
f 3147 3148 3149
f 3149 3148 3150
f 3149 3150 3151
f 3151 3150 3152
f 3151 3152 3153
f 3153 3152 1191
f 2418 3004 2419
f 2419 3004 3006
f 2419 3006 3015
f 3015 3006 3154
f 3015 3154 3017
f 3017 3154 3155
f 3017 3155 3019
f 3019 3155 3156
f 3019 3156 3021
f 3021 3156 3157
f 3021 3157 3158
f 3158 3157 3159
f 3158 3159 3160
f 3160 3159 3161
f 3160 3161 3162
f 3162 3161 3163
f 3162 3163 3164
f 3164 3163 3165
f 3164 3165 3166
f 3166 3165 3167
f 3166 3167 3168
f 3168 3167 1191
f 2412 3023 2413
f 2413 3023 3025
f 2413 3025 3121
f 3121 3025 2401
f 3121 2401 3122
f 3122 2401 2403
f 3122 2403 3123
f 3123 2403 2404
f 3123 2404 3124
f 3124 2404 3120
f 3124 3120 3125
f 3125 3120 3119
f 3125 3119 3127
f 3127 3119 1191
f 3005 3007 3006
f 3006 3007 3009
f 3006 3009 3154
f 3154 3009 3046
f 3154 3046 3155
f 3155 3046 3048
f 3155 3048 3156
f 3156 3048 3050
f 3156 3050 3157
f 3157 3050 3052
f 3157 3052 3159
f 3159 3052 3054
f 3159 3054 3161
f 3161 3054 3055
f 3161 3055 3163
f 3163 3055 3126
f 3163 3126 3165
f 3165 3126 3128
f 3165 3128 3167
f 3167 3128 1191
f 2426 3000 2427
f 2427 3000 3002
f 2427 3002 3129
f 3129 3002 3013
f 3129 3013 3130
f 3130 3013 3014
f 3130 3014 3132
f 3132 3014 3016
f 3132 3016 3134
f 3134 3016 3018
f 3134 3018 3136
f 3136 3018 3020
f 3136 3020 3138
f 3138 3020 3021
f 3138 3021 3140
f 3140 3021 3158
f 3140 3158 3142
f 3142 3158 3160
f 3142 3160 3144
f 3144 3160 3162
f 3144 3162 3146
f 3146 3162 3164
f 3146 3164 3148
f 3148 3164 3166
f 3148 3166 3150
f 3150 3166 3168
f 3150 3168 3152
f 3152 3168 1191
f 2422 2423 2420
f 2420 2423 3169
f 2420 3169 3101
f 3101 3169 3170
f 3101 3170 3103
f 3103 3170 3171
f 3103 3171 3105
f 3105 3171 3172
f 3105 3172 3107
f 3107 3172 3173
f 3107 3173 3109
f 3109 3173 3174
f 3109 3174 3111
f 3111 3174 3175
f 3111 3175 3113
f 3113 3175 3176
f 3113 3176 3115
f 3115 3176 3177
f 3115 3177 3116
f 3116 3177 3178
f 3116 3178 3117
f 3117 3178 3179
f 3117 3179 3118
f 3118 3179 2752
f 3118 2752 2746
f 2746 2752 2751
f 2746 2751 2747
f 2870 2967 2872
f 2872 2967 2969
f 2872 2969 2874
f 2874 2969 2971
f 2874 2971 2876
f 2876 2971 2973
f 2876 2973 2878
f 2878 2973 2975
f 2878 2975 2880
f 2880 2975 2977
f 2880 2977 2936
f 2936 2977 2979
f 2936 2979 2937
f 2937 2979 2981
f 2937 2981 2938
f 2938 2981 2983
f 2938 2983 2940
f 2940 2983 2985
f 2940 2985 2942
f 2942 2985 2986
f 2942 2986 2944
f 2944 2986 3073
f 2944 3073 2946
f 2946 3073 3074
f 2946 3074 2948
f 2948 3074 3075
f 2948 3075 2950
f 2950 3075 2588
f 2950 2588 2952
f 2952 2588 2590
f 2952 2590 2954
f 2954 2590 2592
f 2954 2592 2956
f 2956 2592 2594
f 2956 2594 2958
f 2958 2594 2596
f 2958 2596 2960
f 2960 2596 2743
f 2960 2743 2962
f 2962 2743 2745
f 2962 2745 2964
f 2964 2745 2747
f 2964 2747 2966
f 2966 2747 2751
f 2966 2751 2435
f 2435 2751 2749
f 2435 2749 1995
f 1995 2749 2380
f 1139 3180 2448
f 2448 3180 3181
f 2448 3181 3182
f 3183 3184 3185
f 1163 1162 2447
f 2447 1162 2448
f 2447 2448 3185
f 3185 2448 3182
f 3185 3182 3183
f 3184 3186 3185
f 3185 3186 3187
f 3185 3187 3188
f 3188 3187 3189
f 3188 3189 3190
f 3190 3191 3192
f 1166 1165 2451
f 2451 1165 2398
f 2451 2398 3193
f 3193 2398 2400
f 3193 2400 3194
f 3194 2400 3195
f 3194 3195 3196
f 3196 3195 3197
f 1065 1064 2399
f 2399 1064 1063
f 2399 1063 2400
f 2400 1063 2447
f 2400 2447 3195
f 3195 2447 3185
f 3195 3185 3197
f 3197 3185 3188
f 3198 3199 3200
f 3200 3199 3192
f 3200 3192 3201
f 3201 3192 3191
f 3198 3202 3199
f 3199 3202 3203
f 3199 3203 2803
f 2803 3203 3204
f 2803 3204 2804
f 3205 3192 3206
f 3206 3192 3199
f 3206 3199 3207
f 3207 3199 2803
f 3207 2803 2806
f 2806 2803 2805
f 2806 2805 2807
f 3208 3209 3210
f 3210 3209 3211
f 3210 3211 3212
f 3212 3211 3213
f 3212 3213 3214
f 3214 3213 3215
f 3214 3215 2833
f 2833 3215 2810
f 2833 2810 2813
f 2813 2810 2809
f 2813 2809 2814
f 3216 3217 3218
f 3218 3217 3208
f 3209 3205 3211
f 3211 3205 3206
f 3211 3206 3213
f 3213 3206 3207
f 3213 3207 3215
f 3215 3207 2806
f 3215 2806 2810
f 2810 2806 2808
f 2810 2808 2812
f 2424 2422 3219
f 3219 2422 2428
f 3219 2428 3220
f 3220 2428 3097
f 3220 3097 3221
f 3221 3097 3077
f 3221 3077 3222
f 3222 3077 3076
f 3222 3076 3223
f 3223 3076 3056
f 3223 3056 3224
f 3224 3056 2862
f 3224 2862 3225
f 3225 2862 2861
f 3225 2861 3226
f 3226 2861 2968
f 3226 2968 3227
f 3227 2968 2967
f 3227 2967 3228
f 3228 2967 2870
f 3228 2870 3229
f 3229 2870 2869
f 3229 2869 3230
f 3230 2869 2925
f 3230 2925 3231
f 3231 2925 2915
f 3231 2915 3232
f 3232 2915 2882
f 3232 2882 3233
f 3233 2882 2881
f 3233 2881 3234
f 3235 3236 3237
f 3237 3236 3238
f 3237 3238 3239
f 3239 3238 3240
f 3239 3240 3241
f 3241 3240 3242
f 3241 3242 3243
f 3243 3242 3244
f 3243 3244 3245
f 3245 3244 3246
f 3245 3246 3247
f 3247 3246 3248
f 3247 3248 3249
f 3249 3248 3250
f 3249 3250 3251
f 3251 3250 3252
f 3251 3252 3253
f 3253 3252 3254
f 3253 3254 3255
f 3255 3254 3256
f 3255 3256 3257
f 3257 3256 3258
f 3257 3258 3259
f 3259 3258 3260
f 3259 3260 3261
f 3261 3260 3262
f 3261 3262 3263
f 3263 3262 3264
f 3263 3264 3265
f 3265 3264 3266
f 3265 3266 3267
f 3267 3266 3268
f 3267 3268 3269
f 3269 3268 3270
f 3269 3270 3271
f 3271 3270 3272
f 3271 3272 3273
f 3273 3272 3274
f 3273 3274 3275
f 3275 3274 3276
f 3275 3276 3277
f 3277 3276 3278
f 3277 3278 3279
f 3279 3278 3280
f 3279 3280 3281
f 3281 3280 3282
f 3281 3282 3283
f 3283 3282 3284
f 3283 3284 3285
f 3285 3284 3286
f 3285 3286 3287
f 3287 3286 3288
f 3287 3288 2437
f 2437 3288 2434
f 2437 2434 1997
f 1997 2434 1998
f 3235 3234 3236
f 3236 3234 2881
f 3236 2881 3238
f 3238 2881 2883
f 3238 2883 3240
f 3240 2883 2885
f 3240 2885 3242
f 3242 2885 2887
f 3242 2887 3244
f 3244 2887 2889
f 3244 2889 3246
f 3246 2889 2891
f 3246 2891 3248
f 3248 2891 2893
f 3248 2893 3250
f 3250 2893 2895
f 3250 2895 3252
f 3252 2895 2896
f 3252 2896 3254
f 3254 2896 2923
f 3254 2923 3256
f 3256 2923 2924
f 3256 2924 3258
f 3258 2924 2934
f 3258 2934 3260
f 3260 2934 2935
f 3260 2935 3262
f 3262 2935 2939
f 3262 2939 3264
f 3264 2939 2941
f 3264 2941 3266
f 3266 2941 2943
f 3266 2943 3268
f 3268 2943 2945
f 3268 2945 3270
f 3270 2945 2947
f 3270 2947 3272
f 3272 2947 2949
f 3272 2949 3274
f 3274 2949 2951
f 3274 2951 3276
f 3276 2951 2953
f 3276 2953 3278
f 3278 2953 2955
f 3278 2955 3280
f 3280 2955 2957
f 3280 2957 3282
f 3282 2957 2959
f 3282 2959 3284
f 3284 2959 2961
f 3284 2961 3286
f 3286 2961 2963
f 3286 2963 3288
f 3288 2963 2965
f 3288 2965 2434
f 2434 2965 2436
f 2434 2436 1999
f 1999 2436 1988
f 3289 3216 3235
f 3235 3216 3218
f 3235 3218 3234
f 3234 3218 3208
f 3234 3208 3233
f 3233 3208 3210
f 3233 3210 3232
f 3232 3210 3212
f 3232 3212 3231
f 3231 3212 3214
f 3231 3214 3230
f 3230 3214 2833
f 3230 2833 3229
f 3229 2833 2834
f 3229 2834 3228
f 3228 2834 2835
f 3228 2835 3227
f 3227 2835 2836
f 3227 2836 3226
f 3226 2836 2837
f 3226 2837 3225
f 3225 2837 2838
f 3225 2838 3224
f 3224 2838 2840
f 3224 2840 3223
f 3223 2840 2841
f 3223 2841 3222
f 3222 2841 2850
f 3222 2850 3221
f 3221 2850 2860
f 3221 2860 3220
f 3220 2860 2431
f 3220 2431 3219
f 3219 2431 2430
f 3219 2430 2424
f 3190 3192 3188
f 3188 3192 3205
f 3188 3205 3197
f 3197 3205 3209
f 3197 3209 3196
f 3196 3209 3208
f 3196 3208 3194
f 3194 3208 3217
f 3194 3217 3193
f 3193 3217 3216
f 3193 3216 2451
f 2451 3216 3289
f 2451 3289 2449
f 2449 3289 3290
f 2449 3290 2450
f 2450 3290 3291
f 2450 3291 2452
f 3292 2454 3291
f 3291 2454 2453
f 3291 2453 2452
f 2452 2453 1069
f 2452 1069 1068
f 3293 3294 3295
f 3295 3294 2460
f 3295 2460 2459
f 2459 2460 1079
f 2459 1079 1078
f 1111 2458 2459
f 2459 2458 3296
f 2459 3296 3295
f 3295 3296 3297
f 3295 3297 3293
f 3298 3299 3300
f 3300 3299 3301
f 3300 3301 3302
f 3302 3301 3303
f 3302 3303 3304
f 3304 3303 3305
f 3304 3305 3306
f 3306 3305 3307
f 3306 3307 3308
f 3308 3307 3309
f 3308 3309 3310
f 3310 3309 3311
f 3310 3311 3312
f 3312 3311 3313
f 3312 3313 3314
f 3314 3313 3315
f 3314 3315 3316
f 3316 3315 3317
f 3316 3317 3318
f 3318 3317 3319
f 3318 3319 3320
f 3320 3319 3321
f 3320 3321 3322
f 3322 3321 3323
f 3322 3323 3324
f 3324 3323 3325
f 3324 3325 3326
f 3326 3325 3327
f 3326 3327 3328
f 3328 3327 3329
f 3328 3329 3330
f 3330 3329 3331
f 3330 3331 3332
f 3332 3331 3333
f 3332 3333 3334
f 3334 3333 3335
f 3334 3335 3336
f 3336 3335 3337
f 3336 3337 3338
f 3338 3337 3339
f 3338 3339 3340
f 3340 3339 3341
f 3340 3341 3342
f 3342 3341 3343
f 3342 3343 3344
f 3344 3343 3345
f 3344 3345 3346
f 3346 3345 3347
f 3346 3347 3348
f 3348 3347 3349
f 3348 3349 2801
f 2801 3349 3350
f 2801 3350 1986
f 1986 3350 1987
f 3351 3352 3353
f 3353 3352 3354
f 3353 3354 3355
f 3355 3354 3356
f 3355 3356 3357
f 3357 3356 3358
f 3357 3358 3359
f 3359 3358 3360
f 3359 3360 3361
f 3361 3360 3362
f 3361 3362 3363
f 3363 3362 3364
f 3363 3364 3365
f 3365 3364 3366
f 3365 3366 3367
f 3367 3366 3368
f 3367 3368 3369
f 3369 3368 3370
f 3369 3370 3371
f 3371 3370 3372
f 3371 3372 3373
f 3373 3372 3374
f 3373 3374 3375
f 3375 3374 3376
f 3375 3376 3377
f 3377 3376 3378
f 3377 3378 3379
f 3379 3378 3380
f 3379 3380 3381
f 3381 3380 3382
f 3381 3382 3383
f 3383 3382 3384
f 3383 3384 3385
f 3385 3384 3386
f 3385 3386 3387
f 3387 3386 3388
f 3387 3388 3389
f 3389 3388 3390
f 3389 3390 3391
f 3391 3390 3392
f 3391 3392 3393
f 3393 3392 3394
f 3393 3394 3395
f 3395 3394 3396
f 3395 3396 3397
f 3397 3396 3398
f 3397 3398 3399
f 3399 3398 3400
f 3399 3400 3401
f 3401 3400 3402
f 3401 3402 3403
f 3403 3402 3404
f 3403 3404 2802
f 2802 3404 3405
f 2802 3405 1983
f 3352 3298 3354
f 3354 3298 3300
f 3354 3300 3356
f 3356 3300 3302
f 3356 3302 3358
f 3358 3302 3304
f 3358 3304 3360
f 3360 3304 3306
f 3360 3306 3362
f 3362 3306 3308
f 3362 3308 3364
f 3364 3308 3310
f 3364 3310 3366
f 3366 3310 3312
f 3366 3312 3368
f 3368 3312 3314
f 3368 3314 3370
f 3370 3314 3316
f 3370 3316 3372
f 3372 3316 3318
f 3372 3318 3374
f 3374 3318 3320
f 3374 3320 3376
f 3376 3320 3322
f 3376 3322 3378
f 3378 3322 3324
f 3378 3324 3380
f 3380 3324 3326
f 3380 3326 3382
f 3382 3326 3328
f 3382 3328 3384
f 3384 3328 3330
f 3384 3330 3386
f 3386 3330 3332
f 3386 3332 3388
f 3388 3332 3334
f 3388 3334 3390
f 3390 3334 3336
f 3390 3336 3392
f 3392 3336 3338
f 3392 3338 3394
f 3394 3338 3340
f 3394 3340 3396
f 3396 3340 3342
f 3396 3342 3398
f 3398 3342 3344
f 3398 3344 3400
f 3400 3344 3346
f 3400 3346 3402
f 3402 3346 3348
f 3402 3348 3404
f 3404 3348 2801
f 3404 2801 3405
f 3405 2801 1984
f 3405 1984 1983
f 1960 1959 3406
f 3406 1959 3407
f 3406 3407 3408
f 3408 3407 3409
f 3408 3409 3410
f 3410 3409 3411
f 3410 3411 3412
f 3412 3411 3413
f 3412 3413 3414
f 3414 3413 3415
f 3414 3415 3416
f 3416 3415 3417
f 3416 3417 3418
f 3418 3417 3419
f 3418 3419 3420
f 3420 3419 3421
f 3420 3421 3422
f 3422 3421 3423
f 3422 3423 3424
f 3424 3423 3425
f 3424 3425 3426
f 3426 3425 3427
f 3426 3427 3428
f 3428 3427 3429
f 3428 3429 3430
f 3430 3429 3431
f 3430 3431 3432
f 3432 3431 3433
f 3432 3433 3434
f 3434 3433 3435
f 3434 3435 3436
f 3436 3435 3437
f 3436 3437 3438
f 3438 3437 3439
f 3438 3439 3440
f 3440 3439 3441
f 3440 3441 3442
f 3442 3441 3443
f 3442 3443 3444
f 3444 3443 3445
f 3444 3445 3446
f 3446 3445 3447
f 3446 3447 3448
f 3448 3447 3449
f 3448 3449 3450
f 3450 3449 3451
f 3450 3451 3452
f 3452 3451 3453
f 3452 3453 3454
f 3454 3453 3455
f 3454 3455 3456
f 3456 3455 3457
f 3456 3457 3458
f 1026 2455 2457
f 2457 2455 3459
f 2457 3459 3460
f 3460 3459 3461
f 3460 3461 3462
f 3462 3461 3463
f 3462 3463 3464
f 3464 3463 3465
f 3464 3465 3466
f 3466 3465 3467
f 3466 3467 3468
f 3468 3467 3469
f 3468 3469 3470
f 1076 2456 2458
f 2458 2456 2457
f 2458 2457 3296
f 3296 2457 3460
f 3296 3460 3297
f 3297 3460 3462
f 3297 3462 3293
f 3293 3462 3464
f 3293 3464 3471
f 3471 3464 3466
f 3471 3466 3472
f 3472 3466 3468
f 3472 3468 3473
f 3473 3468 3470
f 3473 3470 2545
f 3469 3474 3470
f 3470 3474 3475
f 3470 3475 2545
f 2545 3475 3476
f 2545 3476 2546
f 2546 3476 3477
f 2546 3477 2548
f 2548 3477 3478
f 2548 3478 2550
f 2550 3478 3479
f 2550 3479 2552
f 2552 3479 3480
f 2552 3480 2554
f 2554 3480 3481
f 2554 3481 2556
f 2556 3481 3482
f 2556 3482 2558
f 2558 3482 3483
f 2558 3483 2560
f 2560 3483 3484
f 2560 3484 2562
f 2562 3484 3485
f 2562 3485 2564
f 2564 3485 3486
f 2564 3486 2566
f 2566 3486 3487
f 2566 3487 2568
f 2568 3487 3488
f 2568 3488 2570
f 2570 3488 3489
f 2570 3489 2572
f 2572 3489 3490
f 2572 3490 2544
f 2544 3490 1514
f 2544 1514 1512
f 2897 3474 3491
f 3491 3474 3469
f 3491 3469 3492
f 3492 3469 3467
f 3492 3467 3493
f 3493 3467 3465
f 3493 3465 3494
f 3494 3465 3463
f 3494 3463 3495
f 3495 3463 3461
f 3495 3461 3496
f 3496 3461 3459
f 3496 3459 3292
f 3292 3459 2455
f 3292 2455 2454
f 2454 2455 1073
f 2454 1073 1072
f 1481 1480 2574
f 2574 1480 2441
f 2574 2441 2573
f 2573 2441 3497
f 2573 3497 2571
f 2571 3497 3498
f 2571 3498 2569
f 2569 3498 3499
f 2569 3499 2567
f 2567 3499 3500
f 2567 3500 2565
f 2565 3500 3501
f 2565 3501 2563
f 2563 3501 3502
f 2563 3502 2561
f 2561 3502 3503
f 2561 3503 2559
f 2559 3503 3504
f 2559 3504 2557
f 2557 3504 3505
f 2557 3505 2555
f 2555 3505 3506
f 2555 3506 2553
f 2553 3506 3507
f 2553 3507 2551
f 2551 3507 3508
f 2551 3508 2549
f 2549 3508 3509
f 2549 3509 2547
f 2547 3509 3510
f 2547 3510 2545
f 2545 3510 3511
f 2545 3511 3473
f 3473 3511 3512
f 3473 3512 3472
f 3472 3512 3513
f 3472 3513 3471
f 3471 3513 3514
f 3471 3514 3293
f 3293 3514 3515
f 3293 3515 3294
f 3294 3515 2461
f 3294 2461 2460
f 2460 2461 1081
f 2460 1081 1080
f 1966 1960 2802
f 2802 1960 3406
f 2802 3406 3403
f 3403 3406 3408
f 3403 3408 3401
f 3401 3408 3410
f 3401 3410 3399
f 3399 3410 3412
f 3399 3412 3397
f 3397 3412 3414
f 3397 3414 3395
f 3395 3414 3416
f 3395 3416 3393
f 3393 3416 3418
f 3393 3418 3391
f 3391 3418 3420
f 3391 3420 3389
f 3389 3420 3422
f 3389 3422 3387
f 3387 3422 3424
f 3387 3424 3385
f 3385 3424 3426
f 3385 3426 3383
f 3383 3426 3428
f 3383 3428 3381
f 3381 3428 3430
f 3381 3430 3379
f 3379 3430 3432
f 3379 3432 3377
f 3377 3432 3434
f 3377 3434 3375
f 3375 3434 3436
f 3375 3436 3373
f 3373 3436 3438
f 3373 3438 3371
f 3371 3438 3440
f 3371 3440 3369
f 3369 3440 3442
f 3369 3442 3367
f 3367 3442 3444
f 3367 3444 3365
f 3365 3444 3446
f 3365 3446 3363
f 3363 3446 3448
f 3363 3448 3361
f 3361 3448 3450
f 3361 3450 3359
f 3359 3450 3452
f 3359 3452 3357
f 3357 3452 3454
f 3357 3454 3355
f 3355 3454 3456
f 3355 3456 3353
f 3353 3456 3458
f 3353 3458 3351
f 1447 1446 2441
f 2441 1446 2512
f 2441 2512 3497
f 3497 2512 2514
f 3497 2514 3498
f 3498 2514 2516
f 3498 2516 3499
f 3499 2516 2518
f 3499 2518 3500
f 3500 2518 2520
f 3500 2520 3501
f 3501 2520 2522
f 3501 2522 3502
f 3502 2522 2524
f 3502 2524 3503
f 3503 2524 2526
f 3503 2526 3504
f 3504 2526 2528
f 3504 2528 3505
f 3505 2528 2530
f 3505 2530 3506
f 3506 2530 2532
f 3506 2532 3507
f 3507 2532 2534
f 3507 2534 3508
f 3508 2534 2536
f 3508 2536 3509
f 3509 2536 2538
f 3509 2538 3510
f 3510 2538 2540
f 3510 2540 3511
f 3511 2540 2542
f 3511 2542 3512
f 3512 2542 2543
f 3512 2543 3513
f 3513 2543 2480
f 3513 2480 3514
f 3514 2480 2479
f 3514 2479 3515
f 3515 2479 2463
f 3515 2463 2461
f 2461 2463 1082
f 2461 1082 1114
f 1959 1957 3407
f 3407 1957 2800
f 3407 2800 3409
f 3409 2800 2914
f 3409 2914 3411
f 3411 2914 2913
f 3411 2913 3413
f 3413 2913 2912
f 3413 2912 3415
f 3415 2912 2911
f 3415 2911 3417
f 3417 2911 2910
f 3417 2910 3419
f 3419 2910 2909
f 3419 2909 3421
f 3421 2909 2908
f 3421 2908 3423
f 3423 2908 2907
f 3423 2907 3425
f 3425 2907 2906
f 3425 2906 3427
f 3427 2906 2905
f 3427 2905 3429
f 3429 2905 2904
f 3429 2904 3431
f 3431 2904 2903
f 3431 2903 3433
f 3433 2903 2902
f 3433 2902 3435
f 3435 2902 2901
f 3435 2901 3437
f 3437 2901 2900
f 3437 2900 3439
f 3439 2900 2899
f 3439 2899 3441
f 3441 2899 2898
f 3441 2898 3443
f 3443 2898 2897
f 3443 2897 3445
f 3445 2897 3491
f 3445 3491 3447
f 3447 3491 3492
f 3447 3492 3449
f 3449 3492 3493
f 3449 3493 3451
f 3451 3493 3494
f 3451 3494 3453
f 3453 3494 3495
f 3453 3495 3455
f 3455 3495 3496
f 3455 3496 3457
f 3457 3496 3292
f 3457 3292 3458
f 3458 3292 3291
f 3458 3291 3351
f 3351 3291 3290
f 3351 3290 3352
f 3352 3290 3289
f 3352 3289 3298
f 3298 3289 3235
f 3298 3235 3299
f 3299 3235 3237
f 3299 3237 3301
f 3301 3237 3239
f 3301 3239 3303
f 3303 3239 3241
f 3303 3241 3305
f 3305 3241 3243
f 3305 3243 3307
f 3307 3243 3245
f 3307 3245 3309
f 3309 3245 3247
f 3309 3247 3311
f 3311 3247 3249
f 3311 3249 3313
f 3313 3249 3251
f 3313 3251 3315
f 3315 3251 3253
f 3315 3253 3317
f 3317 3253 3255
f 3317 3255 3319
f 3319 3255 3257
f 3319 3257 3321
f 3321 3257 3259
f 3321 3259 3323
f 3323 3259 3261
f 3323 3261 3325
f 3325 3261 3263
f 3325 3263 3327
f 3327 3263 3265
f 3327 3265 3329
f 3329 3265 3267
f 3329 3267 3331
f 3331 3267 3269
f 3331 3269 3333
f 3333 3269 3271
f 3333 3271 3335
f 3335 3271 3273
f 3335 3273 3337
f 3337 3273 3275
f 3337 3275 3339
f 3339 3275 3277
f 3339 3277 3341
f 3341 3277 3279
f 3341 3279 3343
f 3343 3279 3281
f 3343 3281 3345
f 3345 3281 3283
f 3345 3283 3347
f 3347 3283 3285
f 3347 3285 3349
f 3349 3285 3287
f 3349 3287 3350
f 3350 3287 2437
f 3350 2437 1987
f 1987 2437 1996
f 1191 1982 2748
f 2748 1982 2382
f 2748 2382 2749
f 2749 2382 2381
f 2749 2381 2380
f 2433 2857 2429
f 2429 2857 2859
f 2429 2859 2430
f 2430 2859 3516
f 2430 3516 2424
f 2424 3516 3517
f 2424 3517 2423
f 2423 3517 3518
f 2423 3518 3169
f 3169 3518 3519
f 3169 3519 3170
f 3170 3519 3520
f 3170 3520 3171
f 3171 3520 3521
f 3171 3521 3172
f 3172 3521 3522
f 3172 3522 3173
f 3173 3522 3523
f 3173 3523 3174
f 3174 3523 3524
f 3174 3524 3175
f 3175 3524 3525
f 3175 3525 3176
f 3176 3525 3526
f 3176 3526 3177
f 3177 3526 3527
f 3177 3527 3178
f 3178 3527 3528
f 3178 3528 3179
f 3179 3528 3529
f 3179 3529 2752
f 2752 3529 3530
f 2752 3530 2750
f 2750 3530 3531
f 2750 3531 2748
f 2748 3531 1191
f 2858 2990 2859
f 2859 2990 2989
f 2859 2989 3516
f 3516 2989 2999
f 3516 2999 3517
f 3517 2999 2997
f 3517 2997 3518
f 3518 2997 2996
f 3518 2996 3519
f 3519 2996 3131
f 3519 3131 3520
f 3520 3131 3133
f 3520 3133 3521
f 3521 3133 3135
f 3521 3135 3522
f 3522 3135 3137
f 3522 3137 3523
f 3523 3137 3139
f 3523 3139 3524
f 3524 3139 3141
f 3524 3141 3525
f 3525 3141 3143
f 3525 3143 3526
f 3526 3143 3145
f 3526 3145 3527
f 3527 3145 3147
f 3527 3147 3528
f 3528 3147 3149
f 3528 3149 3529
f 3529 3149 3151
f 3529 3151 3530
f 3530 3151 3153
f 3530 3153 3531
f 3531 3153 1191
f 2443 2445 3532
f 3532 2445 2628
f 3532 2628 3533
f 3533 2628 2630
f 3533 2630 3534
f 3534 2630 2632
f 3534 2632 3535
f 3535 2632 2634
f 3535 2634 3536
f 3536 2634 2636
f 3536 2636 3537
f 3537 2636 2638
f 3537 2638 3538
f 3538 2638 2640
f 3538 2640 3539
f 3539 2640 2642
f 3539 2642 3540
f 3540 2642 2644
f 3540 2644 3541
f 3541 2644 2646
f 3541 2646 3542
f 3542 2646 2648
f 3542 2648 3543
f 3543 2648 2650
f 3543 2650 3544
f 3544 2650 2652
f 3544 2652 3545
f 3545 2652 2654
f 3545 2654 2575
f 2575 2654 1813
f 2575 1813 1253
f 1942 1936 2785
f 2785 1936 2738
f 2785 2738 2786
f 2786 2738 2739
f 2786 2739 2787
f 2787 2739 2740
f 2787 2740 2788
f 2788 2740 2741
f 2788 2741 2789
f 2789 2741 2742
f 2789 2742 2790
f 2790 2742 2728
f 2790 2728 2791
f 2791 2728 2721
f 2791 2721 2792
f 2792 2721 2705
f 2792 2705 2793
f 2793 2705 2704
f 2793 2704 2794
f 2794 2704 2691
f 2794 2691 2795
f 2795 2691 2680
f 2795 2680 2796
f 2796 2680 2656
f 2796 2656 2797
f 2797 2656 2655
f 2797 2655 2798
f 2798 2655 2599
f 2798 2599 2799
f 2799 2599 2598
f 2799 2598 2753
f 2753 2598 2585
f 2753 2585 2897
f 2897 2585 2444
f 2897 2444 3474
f 3474 2444 2443
f 3474 2443 3475
f 3475 2443 3532
f 3475 3532 3476
f 3476 3532 3533
f 3476 3533 3477
f 3477 3533 3534
f 3477 3534 3478
f 3478 3534 3535
f 3478 3535 3479
f 3479 3535 3536
f 3479 3536 3480
f 3480 3536 3537
f 3480 3537 3481
f 3481 3537 3538
f 3481 3538 3482
f 3482 3538 3539
f 3482 3539 3483
f 3483 3539 3540
f 3483 3540 3484
f 3484 3540 3541
f 3484 3541 3485
f 3485 3541 3542
f 3485 3542 3486
f 3486 3542 3543
f 3486 3543 3487
f 3487 3543 3544
f 3487 3544 3488
f 3488 3544 3545
f 3488 3545 3489
f 3489 3545 2575
f 3489 2575 3490
f 3490 2575 1252
f 3490 1252 1514
f 1261 1032 1030
f 1037 1036 1308
f 1328 1330 3546
f 1344 1343 3547
f 1383 1382 3548
f 1406 3549 1407
f 3550 3551 3552
f 3553 3554 3555
f 3555 3554 3556
f 3557 3558 3559
f 3546 3560 3561
f 3550 3552 3561
f 3560 3546 3562
f 3563 3564 3565
f 3565 3564 3547
f 3565 3547 3566
f 3566 3547 3567
f 3567 3547 1343
f 3567 1343 3568
f 3568 1343 1339
f 3568 1339 3569
f 3569 1339 1341
f 3569 1341 3570
f 1352 3571 3572
f 1352 3572 1353
f 1353 3572 3573
f 1353 3573 1346
f 3573 3574 1346
f 1346 3574 3575
f 1346 3575 1347
f 1347 3575 3576
f 1347 3576 1349
f 1349 3576 3570
f 1349 3570 1350
f 1350 3570 1341
f 3571 1352 3577
f 3577 1352 1356
f 3577 1356 3578
f 1356 1355 3578
f 3578 1355 1354
f 3578 1354 3579
f 3579 1354 1359
f 3579 1359 3580
f 3580 1359 3581
f 3581 1359 1358
f 3581 1358 3582
f 3583 1258 3584
f 3584 1258 1366
f 3584 1366 3585
f 1358 1364 3582
f 3582 1364 1363
f 3582 1363 3586
f 3586 1363 1361
f 3586 1361 3587
f 3587 1361 1360
f 3587 1360 3588
f 3588 1360 1365
f 3588 1365 3583
f 3583 1365 1259
f 3583 1259 1258
f 1366 1368 3585
f 3585 1368 1373
f 3585 1373 3589
f 3589 1373 1372
f 3589 1372 3590
f 3590 1372 3591
f 3591 1372 1370
f 3591 1370 3592
f 3593 3548 3594
f 3594 3548 3595
f 3595 3548 3596
f 3596 3548 1382
f 3596 1382 1381
f 1381 1380 3596
f 3596 1380 1385
f 3596 1385 3597
f 3597 1385 3598
f 1391 3599 1392
f 1392 3599 3598
f 1392 3598 1387
f 1387 3598 1385
f 3599 3600 3601
f 3601 3602 3599
f 3599 3602 3603
f 3599 3603 3598
f 3604 3605 3606
f 3607 1394 3608
f 3608 1394 3604
f 3608 3604 3609
f 3609 3604 3606
f 3610 3611 3612
f 3612 3613 3610
f 3610 3613 3614
f 3610 3614 3549
f 3549 3614 3615
f 3549 3615 3605
f 3605 3615 3616
f 3605 3616 3606
f 3617 3618 3619
f 3619 3620 3617
f 3617 3620 3621
f 3617 3621 3622
f 3622 3621 3623
f 3622 3623 3611
f 3611 3623 3624
f 3611 3624 3612
f 3625 3626 3618
f 3618 3626 3627
f 3618 3627 3619
f 3628 3629 3630
f 3628 3630 3631
f 3628 3631 3632
f 1191 3632 1426
f 1426 3632 3631
f 1426 3631 1427
f 1427 3631 1424
f 1425 1424 3618
f 3618 1424 3631
f 3618 3631 3625
f 3625 3631 3630
f 1421 1420 3617
f 3617 1420 1418
f 3617 1418 3618
f 3618 1418 1417
f 3618 1417 1425
f 1421 3617 1422
f 1422 3617 3622
f 1422 3622 1412
f 1403 1409 3610
f 3610 1409 1410
f 3610 1410 3611
f 3611 1410 1415
f 3611 1415 3622
f 3622 1415 1413
f 3622 1413 1412
f 3549 1406 3610
f 3610 1406 1404
f 3610 1404 1403
f 1407 3549 1398
f 1398 3549 3605
f 1398 3605 1399
f 1394 1393 3604
f 3604 1393 1402
f 3604 1402 3605
f 3605 1402 1401
f 3605 1401 1399
f 1391 1389 3599
f 3599 1389 1388
f 3599 1388 3600
f 3600 1388 1397
f 3600 1397 3607
f 3607 1397 1396
f 3607 1396 1394
f 1370 1369 3592
f 3592 1369 1378
f 3592 1378 3633
f 3633 1378 1377
f 3633 1377 3593
f 3593 1377 1375
f 3593 1375 3548
f 3548 1375 1384
f 3548 1384 1383
f 1335 1334 3564
f 3564 1334 1333
f 3564 1333 1332
f 1332 1337 3564
f 3564 1337 3547
f 3547 1337 1345
f 3547 1345 1344
f 3563 3634 3564
f 3564 3634 3562
f 3564 3562 1335
f 1335 3562 3546
f 1335 3546 1336
f 1336 3546 1330
f 3561 3552 3546
f 3546 3552 1323
f 3546 1323 1328
f 1327 1326 3552
f 3552 1326 1324
f 3552 1324 1323
f 3551 3558 3552
f 3552 3558 3557
f 3552 3557 1327
f 1327 3557 3635
f 1327 3635 1318
f 1318 3635 1320
f 1313 1322 3635
f 3635 1322 1321
f 3635 1321 1320
f 3559 3553 3557
f 3557 3553 3555
f 3557 3555 3635
f 3635 3555 3636
f 3635 3636 1313
f 1309 1316 3636
f 3636 1316 1314
f 3636 1314 1313
f 1037 1308 1038
f 1306 1305 3637
f 3637 1305 1312
f 3637 1312 1310
f 1302 1301 1036
f 1036 1301 1300
f 1036 1300 1308
f 1304 1034 1261
f 1261 1034 1033
f 1261 1033 1032
f 1036 1035 1302
f 1302 1035 1034
f 1302 1034 1303
f 1303 1034 1304
f 1308 1306 1038
f 1038 1306 3637
f 1038 3637 1039
f 1039 3637 1062
f 1310 1309 3637
f 3637 1309 3636
f 3637 3636 1062
f 1062 3636 3555
f 1062 3555 1061
f 1061 3555 3556
f 1061 3556 1059
f 3638 3639 3640
f 3567 3568 3641
f 3641 3568 3642
f 3643 3644 3642
f 3634 3563 3645
f 3645 3563 3565
f 3645 3565 3641
f 3641 3565 3566
f 3641 3566 3567
f 3644 3646 3642
f 3642 3646 3647
f 3642 3647 3640
f 3640 3647 3648
f 3640 3648 3638
f 3642 3568 3643
f 3643 3568 3569
f 3643 3569 3570
f 3572 3649 3573
f 3573 3649 3650
f 3573 3650 3574
f 3574 3650 3575
f 3575 3650 3651
f 3575 3651 3652
f 3570 3576 3643
f 3643 3576 3575
f 3643 3575 3653
f 3653 3575 3652
f 3579 3654 3578
f 3578 3654 3577
f 3655 3579 3580
f 3655 3656 3579
f 3579 3656 3657
f 3579 3657 3654
f 3658 3659 3572
f 3572 3659 3660
f 3572 3660 3649
f 3661 3658 3662
f 3662 3658 3572
f 3662 3572 3654
f 3654 3572 3571
f 3654 3571 3577
f 3587 3588 3663
f 3663 3588 3583
f 3663 3583 3584
f 3584 3585 3663
f 3663 3585 3589
f 3663 3589 3590
f 3663 3590 3664
f 3664 3590 3665
f 3587 3663 3586
f 3586 3663 3666
f 3586 3666 3667
f 3580 3581 3655
f 3655 3581 3582
f 3655 3582 3668
f 3668 3582 3586
f 3668 3586 3669
f 3669 3586 3667
f 3592 3670 3671
f 3665 3590 3671
f 3671 3590 3591
f 3671 3591 3592
f 3595 3596 3672
f 3672 3596 3597
f 3672 3597 3598
f 3673 3674 3603
f 3603 3674 3598
f 3598 3674 3675
f 3598 3675 3676
f 3676 3677 3598
f 3598 3677 3678
f 3598 3678 3672
f 3670 3672 3679
f 3679 3680 3670
f 3670 3680 3681
f 3670 3681 3671
f 3592 3633 3670
f 3670 3633 3593
f 3670 3593 3672
f 3672 3593 3594
f 3672 3594 3595
f 3673 3603 3682
f 3682 3603 3602
f 3682 3602 3683
f 3607 3608 3684
f 3684 3608 3609
f 3609 3606 3684
f 3684 3606 3616
f 3684 3616 3615
f 3615 3614 3684
f 3684 3614 3613
f 3684 3613 3612
f 3685 3624 3623
f 3623 3621 3685
f 3685 3621 3620
f 3685 3620 3619
f 3619 3627 3685
f 3685 3627 3626
f 3685 3626 3625
f 3625 3630 3685
f 3685 3630 3629
f 3685 3629 3686
f 3686 3687 3685
f 3685 3687 3688
f 3685 3688 3689
f 3689 3690 3685
f 3685 3690 3691
f 3685 3691 3692
f 3692 3693 3685
f 3685 3693 3694
f 3685 3694 3695
f 3612 3624 3684
f 3684 3624 3685
f 3684 3685 3696
f 3696 3685 3695
f 3600 3607 3601
f 3601 3607 3684
f 3601 3684 3602
f 3602 3684 3697
f 3602 3697 3698
f 3698 3699 3602
f 3602 3699 3700
f 3602 3700 3683
f 3559 3701 3702
f 3702 3703 3559
f 3559 3703 3704
f 3559 3704 3705
f 3706 3707 3553
f 3559 3558 3701
f 3701 3558 3551
f 3701 3551 3550
f 1059 3556 1060
f 1060 3556 3708
f 3556 3554 3708
f 3708 3554 3553
f 3708 3553 3709
f 3709 3553 3707
f 3550 3561 3701
f 3701 3561 3560
f 3701 3560 3562
f 3639 3710 3640
f 3640 3710 3711
f 3640 3711 3642
f 3642 3711 3701
f 3642 3701 3641
f 3641 3701 3562
f 3641 3562 3645
f 3645 3562 3634
f 3705 3712 3559
f 3559 3712 3713
f 3559 3713 3553
f 3553 3713 3714
f 3553 3714 3706
f 1058 1031 3715
f 3713 3712 3716
f 3687 3686 3717
f 3653 3652 2831
f 2819 2815 3718
f 2809 2811 3719
f 1110 3180 1138
f 1138 3180 1139
f 1110 1109 3180
f 3180 1109 1108
f 3180 1108 3181
f 3181 1108 1041
f 1107 3184 1040
f 1040 3184 3183
f 1040 3183 1041
f 1041 3183 3182
f 1041 3182 3181
f 3190 3189 1020
f 1020 3189 3187
f 1020 3187 1107
f 1107 3187 3186
f 1107 3186 3184
f 3720 3203 3202
f 3202 3198 3720
f 3720 3198 3200
f 3720 3200 3721
f 3721 3200 3201
f 3721 3201 3191
f 2808 2807 3722
f 3722 2807 2805
f 3722 2805 2804
f 2809 3719 2814
f 2823 2821 3723
f 3723 2821 2820
f 3723 2820 3724
f 3724 2820 2816
f 3724 2816 3718
f 3718 2816 2818
f 3718 2818 2819
f 2828 2824 3725
f 3725 2824 2826
f 3725 2826 3723
f 3723 2826 2827
f 3723 2827 2823
f 3653 2831 3643
f 2831 2829 3643
f 3643 2829 2828
f 3643 2828 3644
f 3644 2828 3725
f 3644 3725 3646
f 2843 2842 3652
f 3652 2842 2832
f 3652 2832 2831
f 3652 3651 2843
f 2843 3651 3650
f 2843 3650 2844
f 2844 3650 3649
f 2844 3649 2845
f 2845 3649 2846
f 3649 3660 2846
f 2846 3660 3659
f 2846 3659 2848
f 2848 3659 3658
f 2848 3658 2849
f 2849 3658 2851
f 3658 3661 2851
f 2851 3661 3662
f 2851 3662 2852
f 2852 3662 3654
f 2852 3654 2854
f 2854 3654 2855
f 3654 3657 2855
f 2855 3657 3656
f 2855 3656 2856
f 2856 3656 3655
f 2856 3655 2432
f 2432 3655 3668
f 2432 3668 2433
f 2433 3668 3669
f 2433 3669 2857
f 2857 3669 3667
f 2857 3667 2858
f 2858 3667 3666
f 2858 3666 2990
f 2990 3666 3663
f 2990 3663 2987
f 2987 3663 2988
f 2425 2995 3665
f 3665 2995 2994
f 3665 2994 3664
f 3664 2994 2992
f 3664 2992 3663
f 3663 2992 2991
f 3663 2991 2988
f 3665 3671 2425
f 2425 3671 3681
f 2425 3681 2426
f 2426 3681 3680
f 2426 3680 3000
f 3000 3680 3679
f 2417 3003 3726
f 3726 3003 3012
f 3726 3012 3001
f 3674 3007 3675
f 3675 3007 3005
f 3675 3005 3676
f 3676 3005 3004
f 3676 3004 3677
f 3677 3004 2418
f 3677 2418 3678
f 3678 2418 2417
f 3678 2417 3672
f 3672 2417 3726
f 3672 3726 3679
f 3679 3726 3001
f 3679 3001 3000
f 2414 3011 3727
f 3727 3011 3010
f 3727 3010 3008
f 3683 3700 2415
f 3728 3026 3729
f 3729 3026 3024
f 3024 3023 3729
f 3729 3023 2412
f 3729 2412 3730
f 3730 2412 2411
f 3730 2411 3022
f 3031 3033 3731
f 3731 3033 3034
f 3034 3027 3731
f 3731 3027 3029
f 3731 3029 3728
f 3728 3029 3030
f 3728 3030 3026
f 3031 3732 3035
f 3035 3732 3733
f 3035 3733 3036
f 3734 3041 3039
f 3734 3039 3733
f 3733 3039 3038
f 3733 3038 3036
f 3735 2406 3734
f 3734 2406 2405
f 3734 2405 3041
f 3043 2409 3717
f 3717 2409 2408
f 3717 2408 3735
f 3735 2408 3037
f 3735 3037 2406
f 3043 3628 3632
f 3043 3632 1191
f 3043 3717 3628
f 3628 3717 3686
f 3628 3686 3629
f 3687 3717 3688
f 3688 3717 3735
f 3688 3735 3689
f 3689 3735 3734
f 3689 3734 3690
f 3690 3734 3691
f 3691 3734 3733
f 3691 3733 3692
f 3692 3733 3732
f 3692 3732 3693
f 3031 3731 3732
f 3732 3731 3694
f 3732 3694 3693
f 3698 3697 3729
f 3729 3697 3684
f 3729 3684 3728
f 3728 3684 3696
f 3728 3696 3731
f 3731 3696 3695
f 3731 3695 3694
f 3698 3729 3699
f 3699 3729 3730
f 3699 3730 3700
f 3700 3730 3022
f 3700 3022 2415
f 3673 3727 3674
f 3674 3727 3008
f 3674 3008 3007
f 2415 2414 3683
f 3683 2414 3727
f 3683 3727 3682
f 3682 3727 3673
f 3639 3638 3723
f 3723 3638 3648
f 3723 3648 3725
f 3725 3648 3647
f 3725 3647 3646
f 3704 3703 3719
f 3719 3703 3718
f 3719 3718 2814
f 2814 3718 2815
f 3703 3702 3718
f 3718 3702 3701
f 3718 3701 3724
f 3724 3701 3711
f 3724 3711 3723
f 3723 3711 3710
f 3723 3710 3639
f 3716 3712 3719
f 3719 3712 3705
f 3719 3705 3704
f 3707 3706 3716
f 3716 3706 3714
f 3716 3714 3713
f 2811 2812 3719
f 3719 2812 2808
f 3719 2808 3716
f 3716 2808 3722
f 3716 3722 3707
f 3707 3722 3715
f 3707 3715 3709
f 1031 1060 3715
f 3715 1060 3708
f 3715 3708 3709
f 1025 1058 3720
f 3720 1058 3715
f 3720 3715 3203
f 3203 3715 3722
f 3203 3722 3204
f 3204 3722 2804
f 3191 3190 3721
f 3721 3190 1020
f 3721 1020 3720
f 3720 1020 1025

