# https://github.com/mikedh/trimesh
v 0.01565133 -0.00563529 -0.00792002
v 0.01565135 -0.00563523 0.00792019
v 0.01861910 -0.00605278 -0.00758892
v 0.01837668 -0.00601879 0.00763132
v 0.01862005 -0.00605299 0.00759744
v 0.02045118 -0.00631034 0.00734248
v 0.02104403 -0.00639366 0.00723727
v 0.01924885 -0.00614137 -0.00751866
v 0.02104095 -0.00639323 -0.00721705
v 0.02220276 -0.00655651 0.00703163
v 0.02248769 -0.00659655 -0.00697357
v 0.02313917 -0.00668811 0.00682894
v 0.02313917 -0.00668811 -0.00682924
v 0.02433156 -0.00691652 -0.00647094
v 0.02733170 -0.00788333 -0.00466823
v 0.02733332 -0.00787990 0.00469390
v 0.02741792 -0.00791464 0.00461879
v 0.02743694 -0.00792313 0.00459786
v 0.02744328 -0.00792596 0.00459088
v 0.02815044 -0.00826370 0.00360408
v 0.02898071 -0.00871583 0.00125985
v 0.02896205 -0.00870553 -0.00125987
v 0.02869536 -0.00855296 0.00238024
v 0.02865460 -0.00853125 0.00247289
v 0.02899490 -0.00872393 0.00120412
v 0.02910112 -0.00878668 -0.00000012
v 0.02904364 -0.00875253 -0.00088558
v 0.02876279 -0.00859073 -0.00217395
v 0.02816751 -0.00827185 0.00358025
v 0.02864446 -0.00852650 -0.00247362
v 0.02831937 -0.00835006 -0.00329693
v 0.02813019 -0.00825652 -0.00359843
v 0.02768965 -0.00803868 -0.00430054
v 0.02741232 -0.00791832 -0.00458542
v 0.02650861 -0.00755139 -0.00538974
v 0.02653234 -0.00755284 0.00539750
v 0.02655853 -0.00756172 0.00538175
v 0.02686809 -0.00768213 -0.00514448
v 0.02589109 -0.00732680 -0.00581106
v 0.02548237 -0.00720096 0.00601907
v 0.02553285 -0.00721402 0.00599848
v 0.02430463 -0.00689623 0.00649954
v 0.02434570 -0.00690685 0.00648279
v 0.02469865 -0.00698684 -0.00636063
v 0.02512034 -0.00710729 0.00616677
v 0.02511985 -0.00710692 -0.00616651
v 0.02546039 -0.00720401 -0.00600956
v 0.02691530 -0.01018074 0.00101251
v 0.02687632 -0.01004458 0.00201966
v 0.02479512 -0.00998216 0.00208115
v 0.02528181 -0.00875081 -0.00576263
v 0.02574384 -0.00889553 -0.00547947
v 0.02441237 -0.00889996 -0.00558993
v 0.02627134 -0.00906255 -0.00514487
v 0.02647068 -0.00913469 -0.00496148
v 0.02449250 -0.00913585 -0.00511301
v 0.02780182 -0.00969092 -0.00340077
v 0.02801428 -0.00980956 -0.00294293
v 0.02680872 -0.00982335 -0.00301608
v 0.02832226 -0.00998152 -0.00227928
v 0.02841108 -0.01003448 -0.00195740
v 0.02687634 -0.01004462 -0.00201946
v 0.02874317 -0.01023302 -0.00000014
v 0.02692781 -0.01022715 0.00000010
v 0.02691531 -0.01018076 -0.00101231
v 0.02870538 -0.01021060 0.00066816
v 0.02864403 -0.01017379 0.00097670
v 0.01921235 -0.00767629 -0.00731181
v 0.02045792 -0.00784758 -0.00710318
v 0.01925404 -0.00782212 -0.00716670
v 0.01936241 -0.00819541 -0.00676630
v 0.01934303 -0.00813337 -0.00685698
v 0.02093934 -0.00791378 -0.00702254
v 0.01930208 -0.00799013 -0.00699952
v 0.02185142 -0.00805175 0.00683810
v 0.02120185 -0.00795055 0.00697792
v 0.01942478 -0.00840672 0.00651288
v 0.02093931 -0.00791434 0.00702200
v 0.01929922 -0.00797498 0.00698508
v 0.02045366 -0.00784735 0.00710354
v 0.01925259 -0.00781465 0.00716044
v 0.01921230 -0.00767612 0.00731196
v 0.02432297 -0.00860977 0.00604256
v 0.02420134 -0.00848491 0.00620622
v 0.02200833 -0.00858192 0.00620007
v 0.02308068 -0.00824325 0.00657351
v 0.02472590 -0.00860834 0.00600721
v 0.02455049 -0.00856021 0.00609179
v 0.02429183 -0.00850443 0.00617656
v 0.02527225 -0.00875827 0.00574378
v 0.02441233 -0.00889985 0.00559012
v 0.02567204 -0.00886798 0.00555102
v 0.02449247 -0.00913576 0.00511321
v 0.02625947 -0.00906255 0.00512604
v 0.02648833 -0.00913836 0.00496047
v 0.02744293 -0.00951534 0.00394238
v 0.02740717 -0.00949706 0.00400177
v 0.02671028 -0.00952158 0.00399714
v 0.02710229 -0.00937523 0.00433509
v 0.02661227 -0.00917942 0.00487080
v 0.02827383 -0.00995654 0.00232639
v 0.02803577 -0.00981921 0.00294618
v 0.02680871 -0.00982330 0.00301628
v 0.02802348 -0.00981212 0.00297817
v 0.02777707 -0.00968615 0.00338742
v 0.02860181 -0.01014846 0.00118904
v 0.02848497 -0.01007834 0.00177670
v 0.02841542 -0.01003822 0.00195776
v 0.02862111 -0.01015971 -0.00119626
v 0.02863337 -0.01016701 -0.00115185
v 0.02864997 -0.01017699 -0.00097772
v 0.02829301 -0.00996519 -0.00234231
v 0.02659403 -0.00917933 -0.00484799
v 0.02712276 -0.00937067 -0.00436158
v 0.02671030 -0.00952165 -0.00399694
v 0.02741965 -0.00951069 -0.00394149
v 0.02779658 -0.00968845 -0.00340817
v 0.02462621 -0.00949276 -0.00412129
v 0.02623444 -0.00904920 -0.00517881
v 0.02432301 -0.00860989 -0.00604238
v 0.02472859 -0.00860674 -0.00600437
v 0.02522106 -0.00873178 -0.00579985
v 0.02400911 -0.00842407 -0.00630317
v 0.02420789 -0.00847454 -0.00622061
v 0.02428963 -0.00849529 -0.00618667
v 0.02120192 -0.00794989 -0.00697856
v 0.02185123 -0.00805105 -0.00683882
v 0.02190878 -0.00824813 -0.00663218
v 0.02193242 -0.00806370 -0.00682135
v 0.02308068 -0.00824260 -0.00657423
v 0.02318303 -0.00826260 -0.00654435
v 0.02200837 -0.00858205 -0.00619989
v 0.02483477 -0.01010900 -0.00104296
v 0.02484749 -0.01015209 0.00000011
v 0.02483477 -0.01010898 0.00104317
v 0.02472634 -0.00977550 -0.00310874
v 0.02479513 -0.00998220 -0.00208094
v 0.01997501 -0.00980908 -0.00108715
v 0.01997173 -0.00980060 -0.00122964
v 0.01995431 -0.00975555 -0.00198733
v 0.01968579 -0.00912851 -0.00499560
v 0.02217941 -0.00908750 -0.00524455
v 0.01970205 -0.00916526 -0.00485842
v 0.02231467 -0.00941936 -0.00422516
v 0.01976721 -0.00931246 -0.00430886
v 0.01941682 -0.00836955 -0.00651175
v 0.01945924 -0.00850531 -0.00631330
v 0.01952591 -0.00871870 -0.00600138
v 0.01963134 -0.00899154 -0.00534478
v 0.01961737 -0.00895642 -0.00543432
v 0.02209849 -0.00886296 -0.00573497
v 0.01955219 -0.00879247 -0.00585229
v 0.01953711 -0.00875453 -0.00594900
v 0.01994072 -0.00972293 -0.00217182
v 0.01992008 -0.00967338 -0.00245207
v 0.01986175 -0.00953338 -0.00324396
v 0.01983074 -0.00945895 -0.00366495
v 0.01980972 -0.00940850 -0.00395031
v 0.01946061 -0.00851317 0.00632156
v 0.01952278 -0.00869787 0.00598960
v 0.01955019 -0.00877928 0.00584328
v 0.01974324 -0.00925674 0.00454785
v 0.01976705 -0.00931189 0.00430927
v 0.02462618 -0.00949270 0.00412150
v 0.01983142 -0.00946099 0.00366424
v 0.02472633 -0.00977545 0.00310895
v 0.01993230 -0.00970336 0.00216955
v 0.01998198 -0.00982634 0.00123093
v 0.01987286 -0.00955697 0.00324905
v 0.01987779 -0.00956839 0.00319966
v 0.01991737 -0.00966638 0.00245179
v 0.01960133 -0.00893120 0.00557022
v 0.01961924 -0.00897230 0.00544116
v 0.01963190 -0.00900134 0.00534994
v 0.01970052 -0.00915875 0.00485558
v 0.02658880 -0.00917164 0.00488778
v 0.01998369 -0.00983057 0.00119865
v 0.01998518 -0.00983451 0.00108922
v 0.02000000 -0.00987371 -0.00000016
v 0.01000000 -0.00921674 0.00255080
v 0.01272527 -0.00926541 0.00253556
v 0.01264713 -0.00910011 0.00378989
v 0.01000000 -0.00922016 -0.00255264
v 0.01272525 -0.00926538 -0.00253590
v 0.01277121 -0.00936435 -0.00127074
v 0.01117827 -0.00676991 -0.00814410
v 0.01197228 -0.00684269 -0.00807908
v 0.01198719 -0.00689317 -0.00804995
v 0.01226106 -0.00687613 0.00805237
v 0.01197348 -0.00685451 0.00807272
v 0.01198726 -0.00689344 0.00804978
v 0.01000000 -0.00670617 0.00821237
v 0.01464790 -0.00741445 0.00761486
v 0.01455742 -0.00707855 0.00786578
v 0.01446294 -0.00706717 0.00787593
v 0.01268435 -0.00690795 0.00802241
v 0.01210180 -0.00738728 0.00769050
v 0.01389963 -0.00699930 0.00793641
v 0.01833265 -0.00755218 0.00743280
v 0.01476618 -0.00785713 0.00718675
v 0.01798123 -0.00750266 0.00748108
v 0.01741252 -0.00742254 0.00755921
v 0.01833021 -0.00755969 -0.00742072
v 0.01476612 -0.00785691 -0.00718699
v 0.01793938 -0.00750803 -0.00746897
v 0.01464783 -0.00741421 -0.00761506
v 0.01501668 -0.00712173 -0.00782979
v 0.01268831 -0.00690832 -0.00802045
v 0.01446294 -0.00707098 -0.00787514
v 0.01455847 -0.00707973 -0.00786731
v 0.01000000 -0.00689014 -0.00808166
v 0.01000000 -0.00670590 -0.00821252
v 0.01210174 -0.00738703 -0.00769070
v 0.01000000 -0.00738830 -0.00772783
v 0.01000000 -0.00753056 -0.00762679
v 0.01220681 -0.00782559 -0.00725988
v 0.01000000 -0.00781544 -0.00729251
v 0.01000000 -0.00818505 -0.00685880
v 0.01230257 -0.00819939 -0.00676698
v 0.01000000 -0.00820681 -0.00681518
v 0.01238916 -0.00849986 -0.00622238
v 0.01000000 -0.00848502 -0.00625747
v 0.01000000 -0.00864273 -0.00594132
v 0.01246675 -0.00872077 -0.00563791
v 0.01000000 -0.00870869 -0.00567670
v 0.01253550 -0.00886829 -0.00502833
v 0.01000000 -0.00886117 -0.00506492
v 0.01000000 -0.00889468 -0.00493045
v 0.01264711 -0.00910006 -0.00379022
v 0.01000000 -0.00907249 -0.00381598
v 0.01000000 -0.00917316 -0.00318502
v 0.01000000 -0.00933943 -0.00000072
v 0.01000000 -0.00935530 -0.00073424
v 0.01000000 -0.00931486 -0.00127836
v 0.01278625 -0.00939726 -0.00000017
v 0.01277122 -0.00936436 0.00127041
v 0.01000000 -0.00931174 0.00127900
v 0.01000000 -0.00929864 0.00188455
v 0.01238920 -0.00850000 0.00622208
v 0.01000000 -0.00872187 0.00569688
v 0.01246679 -0.00872086 0.00563760
v 0.01000000 -0.00885549 0.00506359
v 0.01253553 -0.00886836 0.00502801
v 0.01000000 -0.00898091 0.00446918
v 0.01000000 -0.00906136 0.00381477
v 0.01220687 -0.00782580 0.00725964
v 0.01000000 -0.00819303 0.00680334
v 0.01230261 -0.00819957 0.00676671
v 0.01000000 -0.00834052 0.00660439
v 0.01000000 -0.00848553 0.00625930
v 0.01000000 -0.00772084 0.00744029
v 0.01000000 -0.00782406 0.00730105
v 0.01000000 -0.00690189 0.00809729
v 0.01000000 -0.00698309 0.00804954
v 0.01000000 -0.00738119 0.00772078
v 0.01505797 -0.00877564 0.00558214
v 0.01497101 -0.00854491 0.00615970
v 0.01487381 -0.00823672 0.00669836
v 0.01525952 -0.00918722 0.00375528
v 0.01513491 -0.00893471 0.00497986
v 0.01534649 -0.00936847 0.00251320
v 0.01539746 -0.00947767 0.00125944
v 0.01539745 -0.00947765 -0.00125977
v 0.01541408 -0.00951418 -0.00000016
v 0.01525949 -0.00918716 -0.00375560
v 0.01534647 -0.00936843 -0.00251353
v 0.01505793 -0.00877554 -0.00558245
v 0.01513487 -0.00893464 -0.00498017
v 0.01487376 -0.00823654 -0.00669863
v 0.01497096 -0.00854477 -0.00615999
v 0.01226126 -0.00686917 -0.00805542
v 0.01262004 0.00269241 0.00771429
v 0.01265410 0.00259884 0.00774907
v 0.01119263 0.00661419 -0.00223559
v 0.01484234 -0.00341331 -0.00818806
v 0.01475908 -0.00318454 -0.00819264
v 0.01456330 -0.00264663 -0.00820340
v 0.01345305 0.00040375 -0.00815972
v 0.01335009 0.00068662 -0.00813718
v 0.01316617 0.00119193 -0.00809691
v 0.01156906 0.00557997 -0.00547360
v 0.01157067 0.00557553 -0.00548100
v 0.01163578 0.00539664 -0.00571295
v 0.01123769 0.00649039 -0.00306291
v 0.01121902 0.00654169 -0.00272312
v 0.01119334 0.00661223 -0.00225597
v 0.01371747 -0.00032274 0.00818509
v 0.01377878 -0.00049121 0.00818897
v 0.01555931 -0.00538316 -0.00799118
v 0.01417570 -0.00158174 -0.00821357
v 0.01376191 -0.00044485 -0.00818274
v 0.01371737 -0.00032248 -0.00817942
v 0.01314761 0.00124292 -0.00808728
v 0.01294424 0.00180168 -0.00798181
v 0.01291635 0.00187831 -0.00796734
v 0.01213791 0.00401705 -0.00701390
v 0.01207200 0.00419815 -0.00689584
v 0.01199910 0.00439844 -0.00673113
v 0.01188037 0.00472464 -0.00646289
v 0.01184004 0.00483546 -0.00634864
v 0.01146279 0.00587193 -0.00498672
v 0.01145051 0.00590566 -0.00493046
v 0.01143584 0.00594599 -0.00485154
v 0.01266397 0.00257173 0.00775914
v 0.01276057 0.00230633 0.00783925
v 0.01291104 0.00189289 0.00796403
v 0.01171400 0.00518173 -0.00599161
v 0.01169615 0.00523078 -0.00592802
v 0.01137690 0.00610791 -0.00447523
v 0.01134666 0.00619101 -0.00428209
v 0.01131021 0.00629114 -0.00394622
v 0.01128262 0.00636696 -0.00369189
v 0.01126160 0.00642470 -0.00339766
v 0.01237141 0.00337552 0.00740347
v 0.01239255 0.00331744 0.00743694
v 0.01256337 0.00284811 0.00764520
v 0.01296076 0.00175629 0.00799000
v 0.01316421 0.00119732 0.00809629
v 0.01336373 0.00064915 0.00814254
v 0.01550969 -0.00524683 -0.00801495
v 0.01536271 -0.00484302 -0.00808538
v 0.01533362 -0.00476309 -0.00809258
v 0.01514663 -0.00424933 -0.00813891
v 0.01495163 -0.00371357 -0.00817041
v 0.01179091 0.00497043 0.00622272
v 0.01185837 0.00478508 0.00639519
v 0.01119950 0.00659532 0.00233239
v 0.01495355 -0.00371885 0.00816645
v 0.01477157 -0.00321887 0.00819555
v 0.01456920 -0.00266285 0.00820164
v 0.01431506 -0.00196463 -0.00821704
v 0.01419123 -0.00162438 -0.00821472
v 0.01274300 0.00235459 -0.00782456
v 0.01266775 0.00256133 -0.00776258
v 0.01264848 0.00261429 -0.00774029
v 0.01254555 0.00289708 -0.00762122
v 0.01242864 0.00321829 -0.00748598
v 0.01235277 0.00342674 -0.00737522
v 0.01228177 0.00362180 -0.00727158
v 0.01217094 0.00392632 -0.00707305
v 0.01218794 0.00387960 0.00711302
v 0.01115380 0.00672087 -0.00112713
v 0.01115306 0.00672292 -0.00106368
v 0.01196042 0.00450470 0.00665609
v 0.01201755 0.00434773 0.00677182
v 0.01214118 0.00400809 0.00702224
v 0.01115700 0.00671208 0.00116826
v 0.01118373 0.00663864 0.00203861
v 0.01217900 0.00390417 0.00709887
v 0.01342288 0.00048664 0.00815625
v 0.01369324 -0.00025617 0.00818356
v 0.01416903 -0.00156339 0.00821367
v 0.01418451 -0.00160592 0.00821321
v 0.01514547 -0.00424615 0.00813576
v 0.01520078 -0.00439810 0.00812692
v 0.01533367 -0.00476323 0.00808693
v 0.01545750 -0.00510344 0.00804968
v 0.01551059 -0.00524908 0.00801422
v 0.01114056 0.00675727 -0.00000001
v 0.01114944 0.00673285 0.00092212
v 0.01124355 0.00647430 0.00315317
v 0.01126883 0.00640483 0.00348631
v 0.01158713 0.00553032 0.00553111
v 0.01163661 0.00539437 0.00572889
v 0.01164140 0.00538120 0.00574805
v 0.01171444 0.00518053 0.00597993
v 0.01121942 0.00654059 0.00270360
v 0.01136551 0.00613922 0.00441860
v 0.01138765 0.00607839 0.00454961
v 0.01131880 0.00626755 0.00402571
v 0.01146241 0.00587299 0.00499200
v 0.01147562 0.00583668 0.00505551
v 0.01129383 0.00633614 0.00381572
v 0.01151255 0.00573521 0.00523304
v 0.01250370 0.00234749 0.00785768
v 0.01000000 0.00330263 0.00767044
v 0.01000000 0.00315913 0.00772163
v 0.01022225 0.00314292 0.00772846
v 0.01000000 -0.00239815 0.00829550
v 0.01075852 -0.00242729 0.00830719
v 0.01095164 -0.00132451 0.00829532
v 0.01000000 -0.00488663 0.00826235
v 0.01087714 -0.00464879 0.00825583
v 0.01000000 -0.00465097 0.00827069
v 0.01077710 -0.00409214 0.00827932
v 0.01000000 -0.00408784 0.00829062
v 0.01000000 -0.00382609 0.00829988
v 0.01072558 -0.00353607 0.00829487
v 0.01000000 -0.00352546 0.00829896
v 0.01072038 -0.00298083 0.00830401
v 0.01128028 -0.00022575 0.00826111
v 0.01000000 -0.00026839 0.00828895
v 0.01000000 -0.00126835 0.00829203
v 0.01222804 0.00186214 0.00802378
v 0.01000000 0.00156070 0.00816818
v 0.01196483 0.00136442 0.00813956
v 0.01000000 0.00101915 0.00824509
v 0.01171790 0.00085979 0.00820471
v 0.01000000 0.00097293 0.00825165
v 0.01000000 -0.00013190 0.00828485
v 0.01000000 0.00263174 0.00790977
v 0.01000000 0.00213666 0.00808639
v 0.01000000 0.00210697 0.00809060
v 0.01000000 0.00269298 0.00788793
v 0.01151518 0.00299806 0.00768853
v 0.01000000 0.00365196 0.00745716
v 0.01000000 0.00435224 0.00702960
v 0.01000000 0.00413435 0.00716263
v 0.01073619 0.00406955 0.00715980
v 0.01047804 0.00361951 0.00746750
v 0.01099401 0.00448850 0.00680874
v 0.01000000 0.00457718 0.00681789
v 0.01124874 0.00487204 0.00641757
v 0.01000000 0.00498915 0.00643016
v 0.01000000 0.00525182 0.00618294
v 0.01149755 0.00521622 0.00599030
v 0.01000000 0.00526227 0.00616779
v 0.01007424 0.00537501 0.00602465
v 0.01000000 0.00536689 0.00601618
v 0.01000000 0.00568657 0.00555292
v 0.01029317 0.00568474 0.00556411
v 0.01000000 0.00594623 0.00517663
v 0.01050147 0.00594757 0.00507588
v 0.01000000 0.00598527 0.00508154
v 0.01000000 0.00662963 0.00291244
v 0.01000000 0.00651209 0.00350019
v 0.01103988 0.00643525 0.00349038
v 0.01000000 0.00640264 0.00404748
v 0.01087694 0.00632404 0.00403494
v 0.01000000 0.00639584 0.00408149
v 0.01069676 0.00616117 0.00456438
v 0.01000000 0.00619753 0.00456452
v 0.01000000 0.00668335 0.00234042
v 0.01000000 0.00679314 0.00117115
v 0.01074352 0.00679359 -0.00000001
v 0.01034309 0.00682630 -0.00000001
v 0.01017185 0.00683910 -0.00000001
v 0.01000000 0.00683885 0.00068433
v 0.01000000 0.00685123 0.00000037
v 0.01179004 0.00346113 0.00742642
v 0.01206739 0.00389817 0.00711825
v 0.01364883 -0.00047934 0.00819548
v 0.01328995 -0.00151182 0.00824282
v 0.01307410 -0.00255517 0.00825923
v 0.01302786 -0.00308212 0.00825483
v 0.01302741 -0.00361312 0.00824219
v 0.01307595 -0.00414708 0.00822066
v 0.01317592 -0.00468375 0.00818824
v 0.01333042 -0.00518237 0.00812724
v 0.01226935 -0.00518339 0.00816004
v 0.01257989 -0.00522400 0.00814604
v 0.01338403 -0.00533167 0.00808691
v 0.01484284 -0.00552698 0.00797964
v 0.01214808 -0.00516753 0.00816551
v 0.01097585 -0.00501424 0.00821836
v 0.01212355 -0.00516434 -0.00816672
v 0.01096027 -0.00501222 -0.00821918
v 0.01086056 -0.00464213 -0.00825674
v 0.01152416 0.00525697 -0.00593453
v 0.01363477 -0.00044682 -0.00819485
v 0.01484295 -0.00552705 -0.00797953
v 0.01300008 -0.00359937 -0.00824379
v 0.01304813 -0.00413660 -0.00822235
v 0.01314826 -0.00467655 -0.00818992
v 0.01330362 -0.00517873 -0.00812897
v 0.01300164 -0.00306516 -0.00825629
v 0.01304950 -0.00253507 -0.00826043
v 0.01326992 -0.00148545 -0.00824322
v 0.01171966 0.00089700 -0.00820234
v 0.01127638 -0.00019234 -0.00826037
v 0.01223569 0.00190441 -0.00801246
v 0.01251414 0.00239148 -0.00784102
v 0.01153227 0.00304403 -0.00766595
v 0.01180924 0.00350759 -0.00739755
v 0.01208846 0.00394431 -0.00708288
v 0.01076007 0.00411654 -0.00712426
v 0.01101917 0.00453431 -0.00676648
v 0.01127484 0.00491577 -0.00636849
v 0.01010191 0.00541648 -0.00596860
v 0.01052849 0.00598006 -0.00500690
v 0.01032075 0.00572221 -0.00550148
v 0.01072276 0.00618790 -0.00448946
v 0.01090143 0.00634414 -0.00395466
v 0.01106238 0.00644977 -0.00340079
v 0.01000000 0.00671751 -0.00224476
v 0.01000000 0.00672548 -0.00219117
v 0.01000000 0.00679003 -0.00106617
v 0.01000000 0.00654374 -0.00341365
v 0.01000000 0.00652732 -0.00352411
v 0.01000000 0.00639884 -0.00395946
v 0.01000000 0.00624019 -0.00449700
v 0.01000000 0.00619113 -0.00466323
v 0.01000000 0.00600494 -0.00500348
v 0.01000000 0.00573415 -0.00549832
v 0.01000000 0.00525454 -0.00613353
v 0.01000000 0.00540748 -0.00595542
v 0.01000000 0.00561850 -0.00570966
v 0.01000000 0.00462953 -0.00677675
v 0.01000000 0.00484495 -0.00661054
v 0.01000000 0.00503746 -0.00638635
v 0.01024271 0.00318972 -0.00770582
v 0.01000000 0.00370914 -0.00743760
v 0.01050033 0.00366681 -0.00743852
v 0.01000000 0.00388187 -0.00735363
v 0.01000000 0.00417878 -0.00712454
v 0.01000000 0.00270891 -0.00790978
v 0.01000000 0.00276901 -0.00789466
v 0.01000000 0.00319929 -0.00768547
v 0.01000000 0.00105762 -0.00822777
v 0.01000000 0.00157306 -0.00819556
v 0.01196958 0.00140442 -0.00813302
v 0.01000000 0.00034451 -0.00827232
v 0.01000000 -0.00009386 -0.00827599
v 0.01094235 -0.00129772 -0.00829532
v 0.01000000 -0.00123958 -0.00828558
v 0.01074504 -0.00240717 -0.00830776
v 0.01000000 -0.00237827 -0.00829511
v 0.01070536 -0.00296404 -0.00830476
v 0.01000000 -0.00351260 -0.00830460
v 0.01070950 -0.00352263 -0.00829573
v 0.01000000 -0.00358686 -0.00830522
v 0.01076047 -0.00408209 -0.00828024
v 0.01000000 -0.00407786 -0.00828908
v 0.01000000 -0.00464442 -0.00827045
v 0.01000000 -0.00488664 -0.00826248
v 0.01335742 -0.00532813 -0.00808890
v 0.01257988 -0.00522402 -0.00814615
v 0.01226930 -0.00518340 -0.00816015
v 0.01000000 0.00268751 -0.00791516
v 0.01000000 0.00214462 -0.00805176
v 0.01000000 0.00160561 -0.00818737
v 0.02727229 -0.00864739 0.00449055
v 0.02639622 -0.00829937 0.00529116
v 0.02537659 -0.00795961 0.00591457
v 0.02427016 -0.00766886 0.00637731
v 0.02312017 -0.00708784 0.00677563
v 0.02891131 -0.00953988 0.00000000
v 0.02309291 -0.00781330 0.00665637
v 0.02310371 -0.00743401 0.00672946
v 0.01197908 -0.00633987 0.00816679
v 0.02125692 -0.00681170 0.00716333
v 0.01391683 -0.00653994 0.00800840
v 0.01570898 -0.00599574 0.00788317
v 0.01336574 -0.00602626 0.00808058
v 0.01919106 -0.00650854 0.00748194
v 0.02036276 -0.00740489 0.00720631
v 0.02171569 -0.00760296 0.00696676
v 0.02148495 -0.00718533 0.00707145
v 0.01746251 -0.00699563 0.00762156
v 0.01000000 -0.00602311 0.00828636
v 0.01000000 -0.00568170 0.00830341
v 0.01658497 -0.00646094 0.00776153
v 0.01977575 -0.00693047 0.00735145
v 0.01000000 -0.00644989 0.00826503
v 0.01000000 -0.00619743 0.00827765
v 0.01000000 -0.00514581 0.00827574
v 0.01391677 -0.00657878 -0.00798187
v 0.01000000 -0.00624191 -0.00824376
v 0.01658487 -0.00647948 -0.00774443
v 0.01336569 -0.00604855 -0.00806013
v 0.01197906 -0.00638164 -0.00813827
v 0.01977556 -0.00694478 -0.00733818
v 0.01746241 -0.00702796 -0.00759945
v 0.02148497 -0.00719812 -0.00705970
v 0.01000000 -0.00570742 -0.00827976
v 0.02310371 -0.00744469 -0.00671968
v 0.02426984 -0.00767248 -0.00637618
v 0.02796486 -0.00898693 -0.00351769
v 0.02846986 -0.00926800 -0.00241787
v 0.02726896 -0.00865054 -0.00449266
v 0.02879429 -0.00946350 -0.00123407
v 0.02537104 -0.00796507 -0.00591195
v 0.02639121 -0.00830396 -0.00529056
v 0.00000000 -0.00488664 -0.00826248
v 0.00000000 -0.00537377 -0.00828647
v 0.00000000 -0.00670590 -0.00821252
v 0.00000000 -0.00646085 -0.00824059
v 0.00000000 -0.00570711 -0.00827240
v 0.00000000 -0.00835854 -0.00657216
v 0.00000000 -0.00817680 -0.00685347
v 0.00000000 -0.00803390 -0.00707465
v 0.00000000 -0.00765136 -0.00751535
v 0.00000000 -0.00752671 -0.00762230
v 0.00000000 -0.00720825 -0.00789556
v 0.00000000 -0.00877404 -0.00550118
v 0.00000000 -0.00863806 -0.00593988
v 0.00000000 -0.00860988 -0.00603081
v 0.00000000 -0.00898927 0.00442160
v 0.00000000 -0.00897985 0.00446897
v 0.00000000 -0.00888776 -0.00492907
v 0.00000000 -0.00899384 -0.00439539
v 0.00000000 -0.00916765 -0.00318423
v 0.00000000 -0.00919944 -0.00296275
v 0.00000000 -0.00932327 -0.00150280
v 0.00000000 -0.00934483 -0.00073394
v 0.00000000 -0.00936519 -0.00000774
v 0.00000000 -0.00932342 0.00150059
v 0.00000000 -0.00929079 0.00188388
v 0.00000000 -0.00919752 0.00297935
v 0.00000000 -0.00877746 0.00548718
v 0.00000000 -0.00804751 0.00705681
v 0.00000000 -0.00833669 0.00660195
v 0.00000000 -0.00837618 0.00653984
v 0.00000000 -0.00861333 0.00602181
v 0.00000000 -0.00871384 0.00569441
v 0.00000000 -0.00771892 0.00743864
v 0.00000000 -0.00766023 0.00750685
v 0.00000000 -0.00722027 0.00788678
v 0.00000000 -0.00697742 0.00804059
v 0.00000000 -0.00670617 0.00821237
v 0.00000000 -0.00488663 0.00826235
v 0.00000000 -0.00514577 0.00827751
v 0.00000000 -0.00628819 0.00827981
v 0.00000000 -0.00602335 0.00828834
v 0.00000000 -0.00557686 0.00830272
v 0.00462249 0.00481354 0.00663990
v 0.00407273 0.00435224 0.00702960
v 0.00213158 0.00272341 0.00791102
v 0.00143231 0.00213666 0.00808639
v 0.00004512 0.00097267 0.00824944
v 0.00000000 0.00093481 0.00825279
v 0.00000000 -0.00026853 0.00828357
v 0.00074282 0.00155811 0.00819767
v 0.00282186 0.00330263 0.00767044
v 0.00345834 0.00383670 0.00738131
v 0.00514481 0.00525182 0.00618294
v 0.00558176 0.00561846 0.00570947
v 0.00597239 0.00594623 0.00517663
v 0.00627051 0.00619639 0.00465031
v 0.00650821 0.00639584 0.00408149
v 0.00666829 0.00653017 0.00350844
v 0.00703616 0.00683885 0.00068433
v 0.00694896 0.00676568 0.00180468
v 0.00678683 0.00662963 0.00291244
v 0.00705092 0.00685123 0.00000037
v 0.00000000 -0.00359745 0.00830479
v 0.00000000 -0.00125394 0.00830877
v 0.00000000 -0.00382601 0.00829727
v 0.00701283 0.00681927 -0.00110128
v 0.00690105 0.00672548 -0.00219117
v 0.00649782 0.00638712 -0.00411163
v 0.00626425 0.00619113 -0.00466323
v 0.00666490 0.00652732 -0.00352411
v 0.00594687 0.00592483 -0.00521613
v 0.00558181 0.00561850 -0.00570966
v 0.00513748 0.00524566 -0.00619028
v 0.00465993 0.00484495 -0.00661054
v 0.00409922 0.00437446 -0.00701270
v 0.00351218 0.00388187 -0.00735363
v 0.00285420 0.00332977 -0.00765756
v 0.00218592 0.00276901 -0.00789466
v 0.00147818 0.00217515 -0.00807689
v 0.00000000 0.00034439 -0.00826660
v 0.00000000 0.00093481 -0.00825330
v 0.00076064 0.00157306 -0.00819556
v 0.00000000 -0.00358680 -0.00830346
v 0.00000000 -0.00345172 -0.00830772
v 0.00000000 -0.00182458 -0.00831549
v 0.01014900 -0.00570645 -0.00697537
v 0.01012614 -0.00586908 -0.00697537
v 0.01022919 -0.00588356 -0.00695700
v 0.01014900 -0.00570645 -0.00668408
v 0.01022919 -0.00588356 -0.00668408
v 0.01012614 -0.00586908 -0.00668408
v 0.01012614 -0.00586908 0.00643907
v 0.01022919 -0.00588356 0.00643907
v 0.01014900 -0.00570645 0.00643907
v 0.01014900 -0.00570645 0.00697537
v 0.01012614 -0.00586908 0.00697537
v 0.01022919 -0.00588356 0.00695700
v 0.01785374 -0.00594530 0.00769078
v 0.01704697 -0.00583191 0.00778291
v 0.01603444 -0.00568961 -0.00788330
v 0.01628331 -0.00572459 0.00785794
v 0.01565125 -0.00563576 -0.00791988
v 0.01605237 -0.00569213 0.00788063
v 0.01565125 -0.00563576 0.00792004
v 0.02313918 -0.00668812 -0.00682924
v 0.02313918 -0.00668812 0.00682894
v 0.02303667 -0.00667371 -0.00685141
v 0.02302068 -0.00667146 0.00685461
v 0.02220075 -0.00655623 0.00703222
v 0.02218946 -0.00655464 0.00703434
v 0.02134538 -0.00643601 0.00719274
v 0.02130589 -0.00643046 0.00720016
v 0.01942275 -0.00616581 -0.00749472
v 0.01962120 -0.00619370 -0.00746623
v 0.01962076 -0.00619363 0.00746527
v 0.02135534 -0.00643741 -0.00718935
v 0.02113453 -0.00640638 -0.00723025
v 0.02049403 -0.00631637 -0.00733258
v 0.01627129 -0.00572290 -0.00786069
v 0.01652864 -0.00575907 -0.00783612
v 0.01839673 -0.00602161 0.00762878
v 0.01784299 -0.00594379 -0.00769326
v 0.01940610 -0.00616347 0.00749686
v 0.01803060 -0.00597015 -0.00767287
v 0.01997969 -0.00624408 -0.00741476
v 0.02009170 -0.00625982 -0.00739686
v 0.02037424 -0.00629953 0.00735438
v 0.02009137 -0.00625977 0.00739601
v 0.02220321 -0.00655657 -0.00703164
v 0.02218186 -0.00655357 -0.00703626
v 0.02818291 -0.00827969 -0.00355595
v 0.02829751 -0.00833911 -0.00333186
v 0.02893993 -0.00869202 0.00147544
v 0.02837024 -0.00837682 -0.00318964
v 0.02847053 -0.00843043 -0.00296075
v 0.02854176 -0.00846852 -0.00279817
v 0.02859163 -0.00849589 -0.00266478
v 0.02868169 -0.00854533 -0.00242389
v 0.02872670 -0.00857060 -0.00228126
v 0.02880113 -0.00861237 -0.00204542
v 0.02880646 -0.00861537 -0.00202853
v 0.02890934 -0.00867423 -0.00163098
v 0.02899040 -0.00872132 -0.00123175
v 0.02903132 -0.00874537 -0.00095578
v 0.02908283 -0.00877581 0.00046763
v 0.02904971 -0.00875618 -0.00083180
v 0.02908361 -0.00877627 -0.00046773
v 0.02908692 -0.00877823 -0.00043221
v 0.02909390 -0.00878238 -0.00030717
v 0.02910113 -0.00878668 -0.00000012
v 0.02908814 -0.00877896 0.00040964
v 0.02894087 -0.00869254 -0.00147572
v 0.02905017 -0.00875646 0.00082465
v 0.02903063 -0.00874497 0.00095588
v 0.02894040 -0.00869228 -0.00147802
v 0.02898808 -0.00871996 0.00124172
v 0.02890229 -0.00867016 0.00165819
v 0.02880022 -0.00861185 0.00204606
v 0.02893932 -0.00869166 0.00147842
v 0.02801051 -0.00819330 -0.00384324
v 0.02817421 -0.00827534 -0.00357043
v 0.02879744 -0.00861026 0.00205665
v 0.02872521 -0.00856978 0.00228252
v 0.02867243 -0.00854019 0.00244760
v 0.02858994 -0.00849499 0.00266563
v 0.02853018 -0.00846224 0.00282361
v 0.02846854 -0.00842932 0.00296353
v 0.02837144 -0.00837745 0.00318396
v 0.02829577 -0.00833817 0.00333279
v 0.02819653 -0.00828665 0.00352797
v 0.02691109 -0.00769947 -0.00510811
v 0.02712719 -0.00778926 -0.00491231
v 0.02788043 -0.00812970 0.00403623
v 0.02719132 -0.00781591 -0.00485421
v 0.02725011 -0.00784162 -0.00479325
v 0.02745261 -0.00793015 -0.00458329
v 0.02749478 -0.00794946 -0.00453306
v 0.02760078 -0.00799800 -0.00440678
v 0.02769498 -0.00804114 -0.00429455
v 0.02775205 -0.00806799 -0.00422026
v 0.02791840 -0.00814783 0.00398414
v 0.02794615 -0.00816138 -0.00393940
v 0.02817085 -0.00827374 0.00357139
v 0.02801058 -0.00819316 0.00384230
v 0.02800192 -0.00818881 0.00385694
v 0.02784488 -0.00811278 -0.00408766
v 0.02788134 -0.00813037 -0.00403557
v 0.02797770 -0.00817686 -0.00389791
v 0.02684168 -0.00767221 -0.00516323
v 0.02784021 -0.00811051 0.00409140
v 0.02768915 -0.00803841 0.00429864
v 0.02759730 -0.00799643 0.00440746
v 0.02748827 -0.00794658 0.00453666
v 0.02743945 -0.00792427 0.00459450
v 0.02724538 -0.00783970 0.00479391
v 0.02716841 -0.00780616 0.00487300
v 0.02711882 -0.00778567 0.00491734
v 0.02570526 -0.00726713 -0.00591210
v 0.02607658 -0.00738872 -0.00570361
v 0.02673468 -0.00763030 0.00524476
v 0.02620673 -0.00743415 -0.00562205
v 0.02629395 -0.00746459 -0.00556740
v 0.02635059 -0.00748550 -0.00552791
v 0.02661194 -0.00758198 -0.00534567
v 0.02674501 -0.00763424 -0.00523999
v 0.02679844 -0.00765523 -0.00519757
v 0.02687494 -0.00768491 0.00513539
v 0.02684176 -0.00767199 0.00516126
v 0.02679432 -0.00765352 0.00519826
v 0.02563501 -0.00724605 -0.00594662
v 0.02655862 -0.00756176 0.00538204
v 0.02636546 -0.00749032 0.00551731
v 0.02633840 -0.00748090 0.00553424
v 0.02619578 -0.00743124 0.00562343
v 0.02598075 -0.00735637 0.00575790
v 0.02470071 -0.00698886 -0.00635719
v 0.02439795 -0.00691854 0.00646523
v 0.02449151 -0.00693785 -0.00643625
v 0.02439813 -0.00691779 -0.00646725
v 0.02491209 -0.00704039 -0.00627731
v 0.02531685 -0.00715057 -0.00610297
v 0.02536961 -0.00716640 -0.00607704
v 0.02513919 -0.00710080 0.00618094
v 0.02468324 -0.00698310 0.00636538
v 0.02563500 -0.00724604 0.00594460
v 0.02557176 -0.00722586 0.00597875
v 0.02553499 -0.00721604 -0.00599577
v 0.02551954 -0.00721076 0.00600316
v 0.02535593 -0.00716346 0.00607963
v 0.02384815 -0.00680451 0.00664238
v 0.02386579 -0.00680897 -0.00663611
v 0.02387769 -0.00680958 0.00663432
v 0.02391974 -0.00681797 0.00662128
v 0.02360464 -0.00676053 -0.00671198
v 0.02336708 -0.00672182 0.00677364
v 0.02420379 -0.00687460 0.00653318
v 0.02392285 -0.00681956 -0.00661954
v 0.02405555 -0.00684417 -0.00658099
v 0.03001666 -0.00711989 0.00000006
v 0.03006153 -0.00694025 0.00000000
v 0.02995149 -0.00733461 0.00017999
v 0.02847353 -0.00748268 0.00427915
v 0.02820823 -0.00748371 0.00451507
v 0.02827297 -0.00779326 0.00413983
v 0.02789032 -0.00730884 0.00490519
v 0.02785799 -0.00713337 0.00505960
v 0.02754419 -0.00710855 0.00527254
v 0.02896937 -0.00641909 0.00444854
v 0.02871053 -0.00634129 0.00476407
v 0.02868910 -0.00662283 0.00467073
v 0.02453311 -0.00661404 0.00661117
v 0.02463533 -0.00687202 0.00644544
v 0.02540798 -0.00693268 0.00622249
v 0.02188368 -0.00580646 0.00737462
v 0.02199132 -0.00610567 0.00726178
v 0.02281447 -0.00618394 0.00711648
v 0.03012142 -0.00655092 0.00072574
v 0.03013345 -0.00650669 0.00061400
v 0.02230544 -0.00239625 0.00751070
v 0.02245178 -0.00214375 0.00745971
v 0.02161673 -0.00187179 0.00758269
v 0.02178222 -0.00160914 0.00752492
v 0.03014228 -0.00647631 0.00047929
v 0.03014753 -0.00646047 0.00032777
v 0.02913048 -0.00285691 0.00301207
v 0.02906575 -0.00289994 0.00326027
v 0.02924445 -0.00316539 0.00312883
v 0.02840280 -0.00256371 0.00423576
v 0.02830755 -0.00264516 0.00446346
v 0.02854733 -0.00289705 0.00432189
v 0.02632050 -0.00743706 0.00557859
v 0.02779100 -0.00798442 0.00429626
v 0.02842825 -0.00831033 0.00323967
v 0.02869397 -0.00846056 0.00258753
v 0.02890863 -0.00855624 0.00196261
v 0.02922649 -0.00863580 0.00042611
v 0.02921984 -0.00857978 0.00085265
v 0.02921026 -0.00849098 0.00127600
v 0.02863732 -0.00825776 0.00307039
v 0.02810584 -0.00810393 0.00389119
v 0.02834831 -0.00806993 0.00371201
v 0.02805698 -0.00796204 0.00412189
v 0.02773394 -0.00782436 0.00452322
v 0.02744456 -0.00783528 0.00469164
v 0.02738044 -0.00765664 0.00491208
v 0.02706826 -0.00765636 0.00507357
v 0.02666433 -0.00744963 0.00543781
v 0.02550370 -0.00717307 0.00603592
v 0.02623589 -0.00721767 0.00578020
v 0.02373458 -0.00654061 0.00680628
v 0.02293007 -0.00647073 0.00697414
v 0.02129988 -0.00634251 0.00724311
v 0.02211861 -0.00640461 0.00711843
v 0.01948401 -0.00590306 0.00759231
v 0.01763821 -0.00545047 0.00785894
v 0.01778384 -0.00579620 0.00775120
v 0.01590985 -0.00535664 0.00797965
v 0.01554368 -0.00534021 0.00800084
v 0.01569032 -0.00462030 0.00808763
v 0.01541202 -0.00497849 0.00806806
v 0.01578401 -0.00499797 0.00804784
v 0.01542221 -0.00500649 0.00806504
v 0.01553692 -0.00532165 0.00800592
v 0.01559586 -0.00385223 0.00813951
v 0.01512701 -0.00419542 0.00813927
v 0.01562819 -0.00423482 0.00811762
v 0.01526752 -0.00458147 0.00811097
v 0.01527266 -0.00459559 0.00810945
v 0.01559223 -0.00347263 0.00815444
v 0.01498164 -0.00379602 0.00816855
v 0.01498498 -0.00380520 0.00816788
v 0.01566536 -0.00272486 0.00816530
v 0.01469323 -0.00300363 0.00820010
v 0.01561593 -0.00309678 0.00816307
v 0.01477158 -0.00321887 0.00819555
v 0.01483948 -0.00340544 0.00818683
v 0.01573900 -0.00235645 0.00816111
v 0.01441527 -0.00223993 0.00821620
v 0.01454634 -0.00260003 0.00820861
v 0.01424959 -0.00178473 0.00821232
v 0.01494876 -0.00187454 0.00818953
v 0.01414899 -0.00150834 0.00820997
v 0.01506511 -0.00150040 0.00817406
v 0.01409945 -0.00137223 0.00820881
v 0.01417504 -0.00138624 0.00820845
v 0.01401805 -0.00114859 0.00820690
v 0.01430950 -0.00100290 0.00818971
v 0.01394704 -0.00095349 0.00820180
v 0.01446265 -0.00062161 0.00816663
v 0.01379135 -0.00052573 0.00819061
v 0.01369324 -0.00025617 0.00818356
v 0.01463273 -0.00024295 0.00813892
v 0.01368154 -0.00022404 0.00818244
v 0.01363474 -0.00009545 0.00817796
v 0.01373197 -0.00010953 0.00817473
v 0.01353333 0.00018318 0.00816825
v 0.01391396 0.00027826 0.00814508
v 0.01410723 0.00065085 0.00810827
v 0.01337772 0.00061071 0.00815086
v 0.01347522 0.00034285 0.00816176
v 0.01431020 0.00100802 0.00804720
v 0.01326410 0.00092287 0.00812570
v 0.01331866 0.00077298 0.00813778
v 0.01339222 0.00115893 0.00808766
v 0.01316574 0.00119313 0.00809378
v 0.01322489 0.00103060 0.00811702
v 0.01307394 0.00144534 0.00805771
v 0.01360065 0.00152280 0.00800110
v 0.01301207 0.00161533 0.00802265
v 0.01292503 0.00185448 0.00797332
v 0.01381711 0.00188014 0.00788611
v 0.01286756 0.00201236 0.00793039
v 0.01285878 0.00203650 0.00792383
v 0.01287978 0.00203409 0.00792608
v 0.01277825 0.00225775 0.00786366
v 0.01309645 0.00239337 0.00778436
v 0.01270699 0.00245352 0.00779639
v 0.01262004 0.00269241 0.00771429
v 0.01331790 0.00274238 0.00761460
v 0.01255739 0.00286454 0.00764228
v 0.01248408 0.00306597 0.00755800
v 0.01354265 0.00307935 0.00741736
v 0.01247536 0.00308991 0.00754620
v 0.01241131 0.00326591 0.00745940
v 0.01257220 0.00324269 0.00745603
v 0.01235293 0.00342629 0.00738031
v 0.01279087 0.00357486 0.00723260
v 0.01226969 0.00365499 0.00724932
v 0.01222676 0.00377296 0.00718175
v 0.01301008 0.00389074 0.00698393
v 0.01213363 0.00402881 0.00701317
v 0.01210574 0.00410544 0.00696268
v 0.01322848 0.00418855 0.00671141
v 0.01208449 0.00416384 0.00691863
v 0.01200411 0.00438466 0.00675206
v 0.01221582 0.00435436 0.00674624
v 0.01199014 0.00442307 0.00672310
v 0.01242269 0.00463976 0.00645068
v 0.01196042 0.00450470 0.00665609
v 0.01188266 0.00471836 0.00646582
v 0.01185799 0.00478614 0.00640546
v 0.01262619 0.00490315 0.00613408
v 0.01176910 0.00503037 0.00615855
v 0.01176251 0.00504846 0.00614027
v 0.01282496 0.00514311 0.00579846
v 0.01169932 0.00522207 0.00594077
v 0.01176248 0.00530320 0.00582773
v 0.01166536 0.00531537 0.00582968
v 0.01167405 0.00529152 0.00586097
v 0.01159271 0.00551498 0.00556778
v 0.01194503 0.00552383 0.00547375
v 0.01157196 0.00557201 0.00548167
v 0.01151868 0.00571837 0.00526062
v 0.01212058 0.00571776 0.00510429
v 0.01148872 0.00580069 0.00511761
v 0.01146241 0.00587299 0.00499200
v 0.01228798 0.00588398 0.00472123
v 0.01141683 0.00599821 0.00473844
v 0.01140203 0.00603888 0.00465608
v 0.01244621 0.00602201 0.00432677
v 0.01135594 0.00616551 0.00434708
v 0.01135051 0.00618044 0.00431067
v 0.01259424 0.00613116 0.00392335
v 0.01134565 0.00619378 0.00427017
v 0.01145723 0.00628295 0.00394307
v 0.01130692 0.00630019 0.00394545
v 0.01130761 0.00629829 0.00395304
v 0.01127287 0.00639373 0.00357111
v 0.01158527 0.00636476 0.00353123
v 0.01127039 0.00640055 0.00353576
v 0.01124355 0.00647430 0.00315317
v 0.01180667 0.00648926 0.00265336
v 0.01121470 0.00655357 0.00265941
v 0.01120509 0.00657997 0.00249498
v 0.01189810 0.00653825 0.00221232
v 0.01119271 0.00661397 0.00221828
v 0.01117561 0.00666097 0.00183578
v 0.01197554 0.00657850 0.00177058
v 0.01117374 0.00666610 0.00177607
v 0.01203788 0.00660995 0.00132836
v 0.01115988 0.00670416 0.00133281
v 0.01115500 0.00671759 0.00117640
v 0.01208380 0.00663246 0.00088571
v 0.01114992 0.00673153 0.00088886
v 0.01114336 0.00674957 0.00051682
v 0.01211219 0.00664600 0.00044285
v 0.01114297 0.00675065 0.00044451
v 0.02596151 0.00148951 0.00037908
v 0.02656966 0.00099031 -0.00000023
v 0.02646569 0.00108610 -0.00000022
v 0.02712371 0.00047979 -0.00000028
v 0.02656246 0.00099273 0.00037140
v 0.02711946 0.00048485 0.00036288
v 0.02732162 0.00029744 -0.00000031
v 0.02763277 -0.00003937 -0.00000033
v 0.02763191 -0.00003269 0.00035335
v 0.02806283 -0.00050489 -0.00000035
v 0.02810507 -0.00055939 -0.00000035
v 0.02572382 0.00145430 0.00189651
v 0.02624195 0.00094573 0.00222885
v 0.02580992 0.00146806 0.00151757
v 0.02641934 0.00097368 0.00148705
v 0.02587908 0.00147845 0.00113836
v 0.02798915 -0.00057283 0.00137227
v 0.02807627 -0.00056102 0.00068611
v 0.02760641 -0.00003548 0.00070744
v 0.02709168 0.00048174 0.00072646
v 0.02756531 -0.00004054 0.00106149
v 0.02889313 -0.00163353 -0.00000032
v 0.02868836 -0.00131180 -0.00000034
v 0.02850073 -0.00109337 0.00066198
v 0.02852079 -0.00109565 -0.00000035
v 0.02809921 -0.00055842 0.00034269
v 0.02887920 -0.00163094 0.00063416
v 0.02922769 -0.00217009 -0.00000027
v 0.02920081 -0.00211693 -0.00000028
v 0.02950371 -0.00271580 -0.00000021
v 0.02921112 -0.00217215 0.00060136
v 0.02842428 -0.00110471 0.00132386
v 0.02881401 -0.00164204 0.00126796
v 0.02830453 -0.00112521 0.00198327
v 0.02871184 -0.00166188 0.00189905
v 0.02814681 -0.00115740 0.00263287
v 0.02857714 -0.00169275 0.00252019
v 0.02841390 -0.00174736 0.00311618
v 0.02805548 -0.00118115 0.00294695
v 0.02767320 -0.00062822 0.00273048
v 0.02785273 -0.00059432 0.00205621
v 0.02593000 0.00148551 0.00075873
v 0.02648461 0.00098297 0.00111547
v 0.02698607 0.00046781 0.00145310
v 0.02682078 0.00044257 0.00217783
v 0.02600879 0.00090244 0.00296155
v 0.02660346 0.00040307 0.00289325
v 0.02647812 0.00037401 0.00323785
v 0.02704326 -0.00013445 0.00315236
v 0.02691837 -0.00017403 0.00348246
v 0.02745678 -0.00069013 0.00337621
v 0.02733603 -0.00073860 0.00368936
v 0.02784980 -0.00126045 0.00355749
v 0.02773680 -0.00131619 0.00385126
v 0.02822548 -0.00184051 0.00368600
v 0.02812322 -0.00190189 0.00395812
v 0.02858451 -0.00242535 0.00374894
v 0.02849532 -0.00249031 0.00399732
v 0.02871683 -0.00274984 0.00387058
v 0.02537493 0.00138935 0.00302291
v 0.02523263 0.00135505 0.00338224
v 0.02587441 0.00087089 0.00331396
v 0.02572879 0.00082450 0.00366058
v 0.02634225 0.00033119 0.00357674
v 0.02619676 0.00027452 0.00390836
v 0.02678457 -0.00022638 0.00380544
v 0.02664274 -0.00029157 0.00411979
v 0.02720797 -0.00079885 0.00399411
v 0.02707331 -0.00087111 0.00428923
v 0.02761790 -0.00138290 0.00413573
v 0.02749382 -0.00146043 0.00441003
v 0.02801640 -0.00197308 0.00422052
v 0.02790574 -0.00205368 0.00447235
v 0.02805550 -0.00239379 0.00459338
v 0.02507848 0.00130479 0.00373572
v 0.02557291 0.00076318 0.00399980
v 0.02604260 0.00020398 0.00423111
v 0.02649369 -0.00036980 0.00442417
v 0.02693290 -0.00095522 0.00457375
v 0.02736539 -0.00154835 0.00467322
v 0.02779195 -0.00214327 0.00471277
v 0.02653268 0.00098922 0.00074344
v 0.02704689 0.00047616 0.00109001
v 0.02750953 -0.00004815 0.00141504
v 0.02735787 -0.00007121 0.00212058
v 0.02715841 -0.00010753 0.00281663
v 0.02756942 -0.00065338 0.00305611
v 0.02795625 -0.00121547 0.00325560
v 0.02832255 -0.00178907 0.00340499
v 0.02875060 -0.00232197 0.00322539
v 0.02866977 -0.00236921 0.00349137
v 0.02887404 -0.00263446 0.00338082
v 0.02915739 -0.00218309 0.00120207
v 0.02907314 -0.00220243 0.00179979
v 0.02896189 -0.00223215 0.00238756
v 0.02882653 -0.00228344 0.00295197
v 0.02959834 -0.00290288 -0.00000019
v 0.02949601 -0.00271542 0.00056226
v 0.02992509 -0.00380036 -0.00000013
v 0.02989632 -0.00368743 -0.00000013
v 0.02973347 -0.00325925 0.00051555
v 0.02973398 -0.00325999 -0.00000016
v 0.02992300 -0.00380213 0.00046031
v 0.03006299 -0.00434167 -0.00000011
v 0.02998210 -0.00408257 0.00085765
v 0.03005023 -0.00435208 0.00079191
v 0.02938701 -0.00274506 0.00168171
v 0.02929891 -0.00277364 0.00223001
v 0.02944890 -0.00304459 0.00214035
v 0.02965216 -0.00328810 0.00154098
v 0.02945358 -0.00272621 0.00112358
v 0.02970183 -0.00326981 0.00102991
v 0.02990119 -0.00381225 0.00091927
v 0.02986693 -0.00382963 0.00137496
v 0.02991781 -0.00412340 0.00169907
v 0.02958623 -0.00331539 0.00204258
v 0.02971052 -0.00358572 0.00193636
v 0.02982124 -0.00385518 0.00182178
v 0.03019001 -0.00520205 -0.00000001
v 0.03014786 -0.00488099 -0.00000005
v 0.03014799 -0.00488888 0.00064845
v 0.03010549 -0.00462076 0.00072209
v 0.03009200 -0.00445557 -0.00000010
v 0.03019576 -0.00542161 0.00049249
v 0.03019261 -0.00541509 0.00000002
v 0.03019571 -0.00594530 0.00033017
v 0.03019769 -0.00594104 0.00000010
v 0.03019891 -0.00592981 0.00000010
v 0.03014248 -0.00645109 0.00000008
v 0.03015009 -0.00645397 0.00016580
v 0.03012232 -0.00663731 0.00000007
v 0.03011825 -0.00491857 0.00128354
v 0.03006640 -0.00465472 0.00142965
v 0.02999966 -0.00438994 0.00156832
v 0.02919115 -0.00282157 0.00275691
v 0.02935457 -0.00309077 0.00264592
v 0.02950497 -0.00335977 0.00252491
v 0.02964181 -0.00362819 0.00239348
v 0.02976431 -0.00389553 0.00225175
v 0.02987165 -0.00416128 0.00210000
v 0.02996297 -0.00442482 0.00193841
v 0.03003770 -0.00468600 0.00176709
v 0.03009611 -0.00494603 0.00158659
v 0.03013895 -0.00520513 0.00139844
v 0.03017949 -0.00544288 0.00097441
v 0.03016699 -0.00546280 0.00120458
v 0.03015113 -0.00549340 0.00142476
v 0.03011795 -0.00524139 0.00165394
v 0.03006882 -0.00498805 0.00187629
v 0.03000274 -0.00473383 0.00208952
v 0.02991875 -0.00447823 0.00229189
v 0.02981653 -0.00421968 0.00248286
v 0.02969686 -0.00395836 0.00266232
v 0.02956088 -0.00369511 0.00283001
v 0.02940973 -0.00343059 0.00298556
v 0.03017350 -0.00599158 0.00095486
v 0.03018170 -0.00597177 0.00080725
v 0.03018793 -0.00595888 0.00065299
v 0.02892558 -0.00300958 0.00373241
v 0.02912099 -0.00326925 0.00358181
v 0.02930256 -0.00352862 0.00341769
v 0.02946939 -0.00378724 0.00323955
v 0.02962016 -0.00404441 0.00304758
v 0.02975342 -0.00429931 0.00284223
v 0.02986769 -0.00455093 0.00262383
v 0.02996198 -0.00479899 0.00239253
v 0.03003666 -0.00504545 0.00214874
v 0.03009291 -0.00529107 0.00189438
v 0.03013198 -0.00553545 0.00163208
v 0.03015504 -0.00577822 0.00136440
v 0.03016329 -0.00601894 0.00109393
v 0.02491351 0.00123854 0.00408166
v 0.02473883 0.00115629 0.00441833
v 0.02540782 0.00068692 0.00432994
v 0.02523443 0.00059555 0.00464955
v 0.02588067 0.00011934 0.00454361
v 0.02571196 0.00002084 0.00484478
v 0.02633836 -0.00046089 0.00471758
v 0.02617776 -0.00056432 0.00499895
v 0.02678765 -0.00105069 0.00484669
v 0.02663852 -0.00115702 0.00510703
v 0.02723344 -0.00164619 0.00492438
v 0.02709884 -0.00175342 0.00516247
v 0.02767579 -0.00224135 0.00494079
v 0.02755804 -0.00234724 0.00515543
v 0.02784045 -0.00258830 0.00502502
v 0.02455542 0.00105791 0.00474420
v 0.02436445 0.00094366 0.00505808
v 0.02505386 0.00048930 0.00495748
v 0.02486728 0.00036880 0.00525254
v 0.02553760 -0.00009096 0.00513347
v 0.02535871 -0.00021549 0.00540857
v 0.02601293 -0.00067955 0.00526721
v 0.02584496 -0.00080596 0.00552119
v 0.02648648 -0.00127365 0.00535368
v 0.02633256 -0.00139978 0.00558552
v 0.02696250 -0.00186931 0.00538643
v 0.02682532 -0.00199312 0.00559529
v 0.02743948 -0.00246027 0.00535576
v 0.02732090 -0.00257974 0.00554089
v 0.02762226 -0.00280976 0.00540119
v 0.02416718 0.00081422 0.00535869
v 0.02396488 0.00067028 0.00564479
v 0.02467591 0.00023468 0.00553353
v 0.02448101 0.00008766 0.00579913
v 0.02517647 -0.00035206 0.00566881
v 0.02499210 -0.00049979 0.00591299
v 0.02567498 -0.00094271 0.00575971
v 0.02550407 -0.00108896 0.00598172
v 0.02617776 -0.00153463 0.00580153
v 0.02602307 -0.00167742 0.00600072
v 0.02668820 -0.00212413 0.00578810
v 0.02655205 -0.00226146 0.00596371
v 0.02720313 -0.00270484 0.00570971
v 0.02708688 -0.00283508 0.00586181
v 0.02740679 -0.00305271 0.00571473
v 0.02375889 0.00051261 0.00591499
v 0.02355057 0.00034220 0.00616797
v 0.02428387 -0.00007132 0.00604808
v 0.02408574 -0.00024129 0.00627924
v 0.02480678 -0.00065778 0.00614000
v 0.02462166 -0.00082513 0.00634877
v 0.02533334 -0.00124387 0.00618617
v 0.02516389 -0.00140646 0.00637184
v 0.02586952 -0.00182721 0.00618188
v 0.02571805 -0.00198338 0.00634451
v 0.02641771 -0.00240454 0.00612165
v 0.02628593 -0.00255313 0.00626201
v 0.02697279 -0.00297027 0.00599730
v 0.02686151 -0.00311022 0.00611628
v 0.02719918 -0.00331437 0.00596391
v 0.02195561 -0.00135959 0.00745766
v 0.02260908 -0.00189689 0.00739960
v 0.02327659 -0.00243066 0.00731599
v 0.02301241 -0.00290966 0.00741277
v 0.02251971 -0.00066436 0.00713549
v 0.02232452 -0.00089022 0.00726461
v 0.02312319 -0.00122286 0.00713419
v 0.02294457 -0.00144028 0.00724240
v 0.02373888 -0.00177358 0.00709343
v 0.02357871 -0.00198108 0.00718216
v 0.02437080 -0.00231487 0.00701049
v 0.02422808 -0.00251798 0.00708373
v 0.02502061 -0.00285188 0.00688514
v 0.02489581 -0.00305032 0.00694957
v 0.02568704 -0.00338244 0.00671760
v 0.02313219 -0.00003267 0.00661767
v 0.02292476 -0.00023492 0.00681188
v 0.02369151 -0.00061018 0.00668356
v 0.02349785 -0.00080712 0.00685476
v 0.02425677 -0.00118395 0.00670715
v 0.02407915 -0.00137416 0.00685610
v 0.02483286 -0.00175213 0.00668512
v 0.02467318 -0.00193444 0.00681271
v 0.02542469 -0.00231358 0.00661433
v 0.02528461 -0.00248677 0.00672172
v 0.02603306 -0.00286564 0.00649040
v 0.02591374 -0.00302845 0.00657893
v 0.02665027 -0.00340278 0.00630575
v 0.02272019 -0.00044571 0.00698453
v 0.02330804 -0.00101154 0.00700500
v 0.02390613 -0.00157095 0.00698483
v 0.02451876 -0.00212231 0.00692109
v 0.02515031 -0.00266441 0.00681110
v 0.02579836 -0.00320032 0.00665299
v 0.02645313 -0.00372506 0.00644286
v 0.02334123 0.00016010 0.00640258
v 0.02388786 -0.00042128 0.00649151
v 0.02443796 -0.00100077 0.00653802
v 0.02499675 -0.00157601 0.00653816
v 0.02556949 -0.00214561 0.00648865
v 0.02615743 -0.00270697 0.00638485
v 0.02675374 -0.00325458 0.00621900
v 0.02700445 -0.00359262 0.00615025
v 0.02811141 -0.00283025 0.00488306
v 0.02837002 -0.00307274 0.00472836
v 0.02877413 -0.00314912 0.00416759
v 0.02861540 -0.00331541 0.00455974
v 0.02898726 -0.00340110 0.00399943
v 0.02884676 -0.00355796 0.00437596
v 0.02918609 -0.00365274 0.00381621
v 0.02906337 -0.00380015 0.00417573
v 0.02936956 -0.00390356 0.00361736
v 0.02926398 -0.00404148 0.00395842
v 0.02953605 -0.00415279 0.00340313
v 0.02944671 -0.00428110 0.00372432
v 0.02968379 -0.00439945 0.00317406
v 0.02960942 -0.00451790 0.00347408
v 0.02981095 -0.00464232 0.00293057
v 0.02974995 -0.00475046 0.00320824
v 0.02991630 -0.00488106 0.00267283
v 0.02986682 -0.00497839 0.00292693
v 0.03000028 -0.00511797 0.00240105
v 0.02996057 -0.00520421 0.00263010
v 0.03006431 -0.00535402 0.00211725
v 0.03003280 -0.00542911 0.00231983
v 0.03010985 -0.00558892 0.00182438
v 0.03008526 -0.00565288 0.00199937
v 0.03013835 -0.00582233 0.00152535
v 0.03011961 -0.00587524 0.00167193
v 0.03015121 -0.00605390 0.00122306
v 0.03013749 -0.00609590 0.00134071
v 0.03012962 -0.00634940 0.00108628
v 0.03010638 -0.00619746 0.00153425
v 0.03012244 -0.00614404 0.00144509
v 0.03007769 -0.00600286 0.00191276
v 0.03009924 -0.00593578 0.00180186
v 0.03003099 -0.00580660 0.00228641
v 0.03005878 -0.00572590 0.00215433
v 0.02996417 -0.00560883 0.00265142
v 0.02999916 -0.00551462 0.00249899
v 0.02987511 -0.00540964 0.00300400
v 0.02991850 -0.00530212 0.00283233
v 0.02976160 -0.00520910 0.00334035
v 0.02981481 -0.00508855 0.00315082
v 0.02962160 -0.00500584 0.00365850
v 0.02968626 -0.00487259 0.00345239
v 0.02945443 -0.00479719 0.00395931
v 0.02953226 -0.00465156 0.00373747
v 0.02926200 -0.00458376 0.00424273
v 0.02935451 -0.00442595 0.00400595
v 0.02904712 -0.00436719 0.00450795
v 0.02915550 -0.00419732 0.00425715
v 0.02881260 -0.00414886 0.00475410
v 0.02893771 -0.00396692 0.00449033
v 0.02856083 -0.00392971 0.00498082
v 0.02870329 -0.00373565 0.00470515
v 0.02829340 -0.00371024 0.00518881
v 0.02845367 -0.00350403 0.00490229
v 0.02801121 -0.00349069 0.00537955
v 0.02818967 -0.00327228 0.00508315
v 0.02771530 -0.00327138 0.00555442
v 0.02791220 -0.00304074 0.00524902
v 0.03010651 -0.00643294 0.00120864
v 0.03007194 -0.00631970 0.00166489
v 0.03008950 -0.00625604 0.00160744
v 0.03003221 -0.00615593 0.00207491
v 0.03005526 -0.00607628 0.00200370
v 0.02997327 -0.00599007 0.00247896
v 0.03000236 -0.00589471 0.00239452
v 0.02989265 -0.00582206 0.00287281
v 0.02992847 -0.00571138 0.00277590
v 0.02978785 -0.00565181 0.00325223
v 0.02983129 -0.00552629 0.00314380
v 0.02965628 -0.00547917 0.00361299
v 0.02970839 -0.00533941 0.00349419
v 0.02949546 -0.00530292 0.00395342
v 0.02955752 -0.00514941 0.00382522
v 0.02930438 -0.00512099 0.00427543
v 0.02937787 -0.00495383 0.00413828
v 0.02908525 -0.00493416 0.00457904
v 0.02917152 -0.00475336 0.00443335
v 0.02884147 -0.00474421 0.00486315
v 0.02894159 -0.00454973 0.00470949
v 0.02857639 -0.00455260 0.00512662
v 0.02869117 -0.00434439 0.00496570
v 0.02829289 -0.00436033 0.00536898
v 0.02842292 -0.00413831 0.00520157
v 0.02799278 -0.00416791 0.00559100
v 0.02813852 -0.00393198 0.00541784
v 0.02767715 -0.00397559 0.00579427
v 0.02783898 -0.00372565 0.00561606
v 0.02734724 -0.00378369 0.00598023
v 0.02752545 -0.00351965 0.00579763
v 0.02562196 0.00143697 0.00227469
v 0.03010703 -0.00660621 0.00080771
v 0.03008088 -0.00653215 0.00128456
v 0.03005375 -0.00638875 0.00170786
v 0.03000859 -0.00624234 0.00212811
v 0.02994380 -0.00609355 0.00254192
v 0.02985677 -0.00594223 0.00294493
v 0.02974485 -0.00578818 0.00333275
v 0.02960531 -0.00563119 0.00370103
v 0.02943540 -0.00547018 0.00404828
v 0.02923387 -0.00530349 0.00437686
v 0.02900303 -0.00513200 0.00468678
v 0.02874650 -0.00495741 0.00497674
v 0.02846793 -0.00478122 0.00524547
v 0.02817038 -0.00460441 0.00549244
v 0.02785578 -0.00442751 0.00571842
v 0.02752532 -0.00425076 0.00592502
v 0.02718036 -0.00407451 0.00611367
v 0.02682242 -0.00389913 0.00628581
v 0.02467096 -0.00346463 0.00705032
v 0.02548543 -0.00376382 0.00681877
v 0.02627644 -0.00407346 0.00654313
v 0.02665855 -0.00423104 0.00638504
v 0.02702939 -0.00438989 0.00621142
v 0.02738725 -0.00454961 0.00602081
v 0.02773049 -0.00470980 0.00581177
v 0.02805763 -0.00487011 0.00558284
v 0.02836742 -0.00503029 0.00533240
v 0.02865780 -0.00518980 0.00505969
v 0.02892552 -0.00534764 0.00476529
v 0.02916671 -0.00550235 0.00445060
v 0.02937751 -0.00565232 0.00411708
v 0.02955553 -0.00579664 0.00376476
v 0.02970230 -0.00593655 0.00339097
v 0.02982078 -0.00607296 0.00299703
v 0.02991385 -0.00620616 0.00258739
v 0.02998428 -0.00633642 0.00216650
v 0.02213599 -0.00112237 0.00737193
v 0.02277361 -0.00166269 0.00732987
v 0.02342441 -0.00219978 0.00725392
v 0.02409108 -0.00273270 0.00714727
v 0.02384532 -0.00317959 0.00724649
v 0.02457351 -0.00367930 0.00708744
v 0.02531961 -0.00416365 0.00688376
v 0.02612955 -0.00443953 0.00660748
v 0.02652148 -0.00458012 0.00644867
v 0.02690225 -0.00472193 0.00627405
v 0.02727009 -0.00486451 0.00608212
v 0.02762325 -0.00500749 0.00587144
v 0.02796022 -0.00515051 0.00564053
v 0.02827964 -0.00529330 0.00538776
v 0.02857937 -0.00543531 0.00511239
v 0.02885603 -0.00557551 0.00481505
v 0.02910555 -0.00571256 0.00449723
v 0.02932389 -0.00584496 0.00416054
v 0.02950859 -0.00597180 0.00380504
v 0.02966146 -0.00609381 0.00342782
v 0.02978566 -0.00621170 0.00303007
v 0.02988418 -0.00632583 0.00261627
v 0.02116193 -0.00603268 0.00738697
v 0.02104484 -0.00572205 0.00749930
v 0.02095114 -0.00541404 0.00758083
v 0.02088517 -0.00509629 0.00763785
v 0.02179804 -0.00551024 0.00745773
v 0.02271715 -0.00589736 0.00722942
v 0.02363169 -0.00626734 0.00694700
v 0.02673717 -0.00543907 0.00627856
v 0.02680393 -0.00506946 0.00629708
v 0.02634743 -0.00533320 0.00645363
v 0.02641668 -0.00494531 0.00647220
v 0.02597743 -0.00502188 0.00662744
v 0.02601841 -0.00482224 0.00663138
v 0.02519639 -0.00458103 0.00690805
v 0.02525238 -0.00436975 0.00690121
v 0.02441403 -0.00412101 0.00713251
v 0.02448763 -0.00389792 0.00711508
v 0.02364640 -0.00364570 0.00731031
v 0.02373938 -0.00341062 0.00728305
v 0.02289904 -0.00315670 0.00744844
v 0.02217156 -0.00265435 0.00755331
v 0.02146307 -0.00213989 0.00763164
v 0.02132281 -0.00241340 0.00767252
v 0.02205180 -0.00291704 0.00758780
v 0.02279994 -0.00340782 0.00747505
v 0.02356723 -0.00388534 0.00732751
v 0.02435343 -0.00434943 0.00713939
v 0.02515227 -0.00479834 0.00690420
v 0.02594684 -0.00522820 0.00661281
v 0.02632756 -0.00553655 0.00642841
v 0.02670654 -0.00583132 0.00621723
v 0.02099776 -0.00325955 0.00774597
v 0.02092518 -0.00355091 0.00775216
v 0.02178901 -0.00373146 0.00763627
v 0.02173704 -0.00401392 0.00763287
v 0.02259739 -0.00419168 0.00749498
v 0.02256477 -0.00446572 0.00748124
v 0.02342099 -0.00463975 0.00731654
v 0.02340594 -0.00490462 0.00729195
v 0.02425762 -0.00507374 0.00709613
v 0.02425775 -0.00532716 0.00705954
v 0.02509903 -0.00548894 0.00682732
v 0.02511083 -0.00572948 0.00677734
v 0.02592628 -0.00587998 0.00650073
v 0.02594648 -0.00610285 0.00643673
v 0.02633778 -0.00617003 0.00627864
v 0.02636804 -0.00638052 0.00619601
v 0.02674343 -0.00643851 0.00602390
v 0.02677847 -0.00664264 0.00592075
v 0.02713536 -0.00669044 0.00573465
v 0.02108896 -0.00297328 0.00773035
v 0.02185953 -0.00345499 0.00762982
v 0.02264814 -0.00392453 0.00749851
v 0.02345362 -0.00438156 0.00733067
v 0.02427430 -0.00482553 0.00712121
v 0.02510255 -0.00525321 0.00686426
v 0.02592042 -0.00565813 0.00655057
v 0.02632177 -0.00595667 0.00634221
v 0.02671858 -0.00623739 0.00610533
v 0.02710672 -0.00649608 0.00583545
v 0.02747872 -0.00673722 0.00553120
v 0.02119765 -0.00269138 0.00770562
v 0.02194747 -0.00318377 0.00761356
v 0.02271599 -0.00366350 0.00749185
v 0.02350267 -0.00413036 0.00733431
v 0.02430659 -0.00458399 0.00713564
v 0.02512067 -0.00502251 0.00688960
v 0.02592748 -0.00544080 0.00658746
v 0.02631881 -0.00574445 0.00639173
v 0.02670669 -0.00603374 0.00616823
v 0.02708716 -0.00630453 0.00591538
v 0.02745628 -0.00655284 0.00562928
v 0.02780715 -0.00678264 0.00530910
v 0.02084592 -0.00477641 0.00768182
v 0.02173863 -0.00520562 0.00751703
v 0.02264025 -0.00561404 0.00731374
v 0.02354553 -0.00599465 0.00705949
v 0.02444397 -0.00635574 0.00674952
v 0.02532210 -0.00669068 0.00638367
v 0.02615869 -0.00699417 0.00595975
v 0.02658971 -0.00723889 0.00563464
v 0.02699815 -0.00746067 0.00528402
v 0.02087244 -0.00384804 0.00774890
v 0.02084072 -0.00415164 0.00773619
v 0.02170473 -0.00430309 0.00761961
v 0.02169341 -0.00459874 0.00759655
v 0.02255151 -0.00474639 0.00745734
v 0.02255891 -0.00503239 0.00742242
v 0.02340971 -0.00517482 0.00725605
v 0.02343315 -0.00545018 0.00720735
v 0.02427545 -0.00558563 0.00700997
v 0.02431242 -0.00584446 0.00694616
v 0.02513950 -0.00597077 0.00671309
v 0.02518624 -0.00620803 0.00662833
v 0.02598223 -0.00632249 0.00635316
v 0.02603040 -0.00654546 0.00624629
v 0.02640960 -0.00659419 0.00609085
v 0.02646135 -0.00680902 0.00596238
v 0.02682270 -0.00684789 0.00579513
v 0.02687475 -0.00705373 0.00564655
v 0.02721602 -0.00708190 0.00546778
v 0.02726565 -0.00727747 0.00530179
v 0.02758501 -0.00729420 0.00511206
v 0.02763051 -0.00747696 0.00493263
v 0.02792669 -0.00748167 0.00473274
v 0.02796679 -0.00764961 0.00454374
v 0.02083143 -0.00446148 0.00771411
v 0.02170439 -0.00489963 0.00756286
v 0.02258787 -0.00532356 0.00737499
v 0.02347805 -0.00572542 0.00714457
v 0.02436982 -0.00609833 0.00686091
v 0.02524761 -0.00644880 0.00651879
v 0.02608974 -0.00676961 0.00611531
v 0.02652181 -0.00702438 0.00581012
v 0.02693343 -0.00725893 0.00547558
v 0.02732063 -0.00746987 0.00511601
v 0.02768029 -0.00765447 0.00473583
v 0.02801033 -0.00781043 0.00433967
v 0.02810861 -0.00666254 0.00515828
v 0.02810367 -0.00650086 0.00523161
v 0.02778110 -0.00643662 0.00547998
v 0.02778057 -0.00626322 0.00553917
v 0.02743771 -0.00618739 0.00576812
v 0.02744277 -0.00600509 0.00581544
v 0.02708177 -0.00591833 0.00602562
v 0.02747677 -0.00565175 0.00587481
v 0.02711421 -0.00554539 0.00608610
v 0.02753812 -0.00531936 0.00589306
v 0.02717834 -0.00519428 0.00610452
v 0.02810648 -0.00633791 0.00528892
v 0.02811599 -0.00617642 0.00533357
v 0.02778796 -0.00609123 0.00558529
v 0.02815224 -0.00586326 0.00538974
v 0.02782324 -0.00575781 0.00564323
v 0.02820765 -0.00556897 0.00540741
v 0.02788168 -0.00544435 0.00566123
v 0.02874766 -0.00606959 0.00481562
v 0.02900631 -0.00616840 0.00449728
v 0.02923325 -0.00626287 0.00416034
v 0.02942603 -0.00635210 0.00380496
v 0.02919692 -0.00649264 0.00411476
v 0.02894451 -0.00667894 0.00436039
v 0.02868663 -0.00690629 0.00452102
v 0.02879671 -0.00581437 0.00483227
v 0.02905214 -0.00593292 0.00451319
v 0.02927591 -0.00604699 0.00417531
v 0.02946554 -0.00615567 0.00381876
v 0.02962313 -0.00625909 0.00344047
v 0.02707924 -0.00611078 0.00597734
v 0.02744183 -0.00637106 0.00570739
v 0.02779066 -0.00660844 0.00540406
v 0.02811945 -0.00682636 0.00506689
v 0.02841366 -0.00686782 0.00480398
v 0.02840810 -0.00671456 0.00489133
v 0.02840746 -0.00656321 0.00496164
v 0.02842467 -0.00626008 0.00505960
v 0.02846155 -0.00596750 0.00511365
v 0.02851382 -0.00569264 0.00513087
v 0.02815635 -0.00715607 0.00482760
v 0.02843747 -0.00717614 0.00457602
v 0.02869845 -0.00719295 0.00430546
v 0.02717223 -0.00688586 0.00561224
v 0.02750843 -0.00692256 0.00541243
v 0.02782996 -0.00695769 0.00519441
v 0.02813570 -0.00699091 0.00495678
v 0.02842375 -0.00702170 0.00469898
v 0.02893453 -0.00694114 0.00421942
v 0.02916956 -0.00673094 0.00403228
v 0.02939080 -0.00656109 0.00376287
v 0.02958695 -0.00643564 0.00342803
v 0.02975201 -0.00635770 0.00304150
v 0.02857683 -0.00803180 0.00351784
v 0.02878960 -0.00798920 0.00330910
v 0.02875070 -0.00774771 0.00369052
v 0.02896102 -0.00771861 0.00344253
v 0.02894468 -0.00746940 0.00375542
v 0.02914426 -0.00745676 0.00346992
v 0.02914593 -0.00721519 0.00371267
v 0.02932708 -0.00721964 0.00339203
v 0.02934127 -0.00699807 0.00356508
v 0.02950099 -0.00701701 0.00320996
v 0.02952440 -0.00681852 0.00332036
v 0.02966033 -0.00685208 0.00293460
v 0.02968851 -0.00667954 0.00299654
v 0.02979877 -0.00672999 0.00258739
v 0.02982665 -0.00658666 0.00261688
v 0.02991131 -0.00665509 0.00219159
v 0.02993563 -0.00654216 0.00219949
v 0.02999611 -0.00662882 0.00176551
v 0.03001553 -0.00654415 0.00175858
v 0.03005278 -0.00664851 0.00132290
v 0.02931368 -0.00783271 0.00260270
v 0.02945001 -0.00776694 0.00234065
v 0.02945608 -0.00760028 0.00261229
v 0.02958152 -0.00754411 0.00230650
v 0.02959649 -0.00737945 0.00251855
v 0.02970751 -0.00733632 0.00217304
v 0.02972716 -0.00718510 0.00232750
v 0.02982116 -0.00715796 0.00194831
v 0.02984169 -0.00702904 0.00204963
v 0.02991731 -0.00702014 0.00164475
v 0.02993647 -0.00691662 0.00170252
v 0.02999203 -0.00692831 0.00128053
v 0.02999860 -0.00709285 0.00073340
v 0.03000914 -0.00704088 0.00078578
v 0.02988162 -0.00722667 0.00145927
v 0.02996159 -0.00708480 0.00117561
v 0.03005383 -0.00693996 0.00042919
v 0.03001994 -0.00698833 0.00082683
v 0.02957085 -0.00769134 0.00206618
v 0.02967744 -0.00760636 0.00178209
v 0.02969065 -0.00747888 0.00198973
v 0.02978494 -0.00740514 0.00166514
v 0.02980195 -0.00728518 0.00181877
v 0.02989903 -0.00712406 0.00156331
v 0.02997659 -0.00700638 0.00123695
v 0.03003090 -0.00693604 0.00085606
v 0.03006493 -0.00689043 0.00044368
v 0.02898455 -0.00794191 0.00308660
v 0.02915950 -0.00788999 0.00285109
v 0.02914872 -0.00768526 0.00318028
v 0.02931271 -0.00764689 0.00290394
v 0.02931735 -0.00743933 0.00316927
v 0.02946709 -0.00741397 0.00285178
v 0.02948233 -0.00721653 0.00305314
v 0.02961493 -0.00720483 0.00269705
v 0.02963595 -0.00702809 0.00283633
v 0.02974870 -0.00703190 0.00244819
v 0.02977256 -0.00687924 0.00253351
v 0.02986372 -0.00690057 0.00212138
v 0.02988710 -0.00677527 0.00216679
v 0.02995626 -0.00681592 0.00173917
v 0.02997631 -0.00671943 0.00175915
v 0.03002313 -0.00678005 0.00132333
v 0.03003482 -0.00646399 0.00173885
v 0.02995986 -0.00643654 0.00219093
v 0.02985521 -0.00645192 0.00262633
v 0.02971948 -0.00651367 0.00303053
v 0.02955349 -0.00662342 0.00338982
v 0.02936197 -0.00677802 0.00368657
v 0.02915343 -0.00697201 0.00390071
v 0.02893581 -0.00720602 0.00401722
v 0.02872004 -0.00747803 0.00402556
v 0.02852049 -0.00777250 0.00392328
v 0.03009068 -0.00667204 0.00085874
v 0.03009179 -0.00677545 0.00040479
v 0.03007231 -0.00674939 0.00088451
v 0.03008396 -0.00680816 0.00043052
v 0.03005240 -0.00683704 0.00088482
v 0.03007495 -0.00684667 0.00044352
v 0.02944352 -0.00815906 0.00138946
v 0.02932631 -0.00827080 0.00154527
v 0.02919890 -0.00837310 0.00169268
v 0.02905968 -0.00846800 0.00183177
v 0.02887189 -0.00838999 0.00243484
v 0.02903644 -0.00831360 0.00227183
v 0.02918652 -0.00823130 0.00209883
v 0.02932195 -0.00814237 0.00191581
v 0.02944487 -0.00804431 0.00172257
v 0.02955669 -0.00793614 0.00152027
v 0.02998008 -0.00718619 0.00060124
v 0.02997249 -0.00722526 0.00052437
v 0.02985244 -0.00741027 0.00119636
v 0.02984110 -0.00748665 0.00104338
v 0.02966708 -0.00771822 0.00155438
v 0.02944311 -0.00825427 0.00104761
v 0.02964463 -0.00797780 0.00079735
v 0.02965048 -0.00790548 0.00105750
v 0.02981557 -0.00766343 0.00053535
v 0.02965799 -0.00781823 0.00131103
v 0.02982252 -0.00761418 0.00070995
v 0.02995991 -0.00729046 0.00035690
v 0.02981049 -0.00770041 0.00035790
v 0.02964060 -0.00803210 0.00053297
v 0.02944346 -0.00832585 0.00070018
v 0.02980736 -0.00772367 0.00017901
v 0.02979938 -0.00772871 0.00000009
v 0.02988306 -0.00753928 0.00000012
v 0.02968017 -0.00799857 0.00000005
v 0.02963825 -0.00806625 0.00026649
v 0.02963242 -0.00807499 0.00000003
v 0.02944406 -0.00837093 0.00035001
v 0.02943956 -0.00838363 -0.00000006
v 0.02939721 -0.00845141 -0.00000008
v 0.02922234 -0.00864942 -0.00000010
v 0.02977093 -0.00751249 0.00149121
v 0.02986585 -0.00732350 0.00133595
v 0.02998877 -0.00714201 0.00067139
v 0.02883227 -0.00820022 0.00288838
v 0.02901159 -0.00813747 0.00269426
v 0.02917364 -0.00806954 0.00248857
v 0.02931798 -0.00799571 0.00227138
v 0.02944722 -0.00791309 0.00204226
v 0.02956329 -0.00782046 0.00180244
v 0.01935071 -0.00557287 0.00770277
v 0.01751973 -0.00510521 0.00793203
v 0.01924304 -0.00524434 0.00778042
v 0.01743281 -0.00474419 0.00797797
v 0.01916547 -0.00490316 0.00783221
v 0.01737671 -0.00437740 0.00801294
v 0.01911708 -0.00455812 0.00787192
v 0.01734953 -0.00401434 0.00803851
v 0.01909593 -0.00421754 0.00790102
v 0.01910094 -0.00388153 0.00792090
v 0.01330345 0.00648248 0.00000000
v 0.01299419 0.00653471 -0.00000000
v 0.01212062 0.00663960 -0.00000000
v 0.01114056 0.00675727 -0.00000001
v 0.01444206 0.00629063 0.00043811
v 0.01556425 0.00605994 0.00000003
v 0.01476657 0.00623539 0.00000002
v 0.01445186 0.00628854 0.00000001
v 0.01329414 0.00648424 0.00044058
v 0.01326384 0.00647112 0.00088120
v 0.01321481 0.00644929 0.00132162
v 0.01314821 0.00641876 0.00176161
v 0.01306546 0.00637966 0.00220115
v 0.01296773 0.00633204 0.00263999
v 0.01285596 0.00627580 0.00307754
v 0.01273103 0.00621083 0.00351321
v 0.01301767 0.00535825 0.00544570
v 0.01320298 0.00554720 0.00507765
v 0.01337969 0.00570900 0.00469616
v 0.01354674 0.00584321 0.00430340
v 0.01370301 0.00594919 0.00390177
v 0.01384744 0.00602640 0.00349350
v 0.01397942 0.00608935 0.00306044
v 0.01409750 0.00614375 0.00262536
v 0.01420071 0.00618976 0.00218893
v 0.01428809 0.00622750 0.00175180
v 0.01435839 0.00625696 0.00131425
v 0.01441013 0.00627800 0.00087627
v 0.01555530 0.00606650 0.00043541
v 0.01664366 0.00581297 0.00000005
v 0.01646713 0.00586135 0.00000005
v 0.01767496 0.00553206 0.00042929
v 0.01868882 0.00521795 0.00000010
v 0.01809027 0.00541657 0.00000008
v 0.01552198 0.00605442 0.00087089
v 0.01546795 0.00603427 0.00130620
v 0.01539450 0.00600603 0.00174109
v 0.01530316 0.00596981 0.00217558
v 0.01519526 0.00592562 0.00260938
v 0.01507180 0.00587329 0.00304176
v 0.01493378 0.00581264 0.00347198
v 0.01478284 0.00573817 0.00387820
v 0.01461952 0.00563570 0.00427784
v 0.01444494 0.00550572 0.00466871
v 0.01426027 0.00534880 0.00504845
v 0.01406660 0.00516535 0.00541491
v 0.01386520 0.00495625 0.00576629
v 0.01365745 0.00472286 0.00610075
v 0.01344473 0.00446649 0.00641645
v 0.01376930 0.00340232 0.00719366
v 0.01399648 0.00370933 0.00694506
v 0.01422281 0.00399863 0.00667295
v 0.01444689 0.00426848 0.00637874
v 0.01466728 0.00451722 0.00606409
v 0.01488251 0.00474350 0.00573096
v 0.01509114 0.00494603 0.00538116
v 0.01529175 0.00512354 0.00501649
v 0.01548304 0.00527517 0.00463871
v 0.01566386 0.00540058 0.00424993
v 0.01583303 0.00549924 0.00385247
v 0.01598937 0.00557071 0.00344851
v 0.01613240 0.00562885 0.00302139
v 0.01626034 0.00567890 0.00259196
v 0.01637213 0.00572109 0.00216103
v 0.01646673 0.00575564 0.00172942
v 0.01654278 0.00578255 0.00129744
v 0.01659871 0.00580172 0.00086503
v 0.01663315 0.00581319 0.00043247
v 0.01768465 0.00552772 0.00000007
v 0.01403997 0.00222897 0.00774297
v 0.01426772 0.00256764 0.00757224
v 0.01449885 0.00289447 0.00737443
v 0.01473190 0.00320759 0.00715054
v 0.01496547 0.00350508 0.00690214
v 0.01519814 0.00378526 0.00663059
v 0.01542849 0.00404645 0.00633728
v 0.01565501 0.00428703 0.00602387
v 0.01587620 0.00450571 0.00569227
v 0.01609060 0.00470124 0.00534425
v 0.01629674 0.00487239 0.00498158
v 0.01649329 0.00501839 0.00460598
v 0.01667908 0.00513892 0.00421951
v 0.01685289 0.00523352 0.00382448
v 0.01701352 0.00530180 0.00342300
v 0.01716054 0.00535723 0.00299922
v 0.01729203 0.00540484 0.00257299
v 0.01740691 0.00544488 0.00214520
v 0.01750410 0.00547763 0.00171673
v 0.01758221 0.00550311 0.00128791
v 0.01763963 0.00552123 0.00085866
v 0.01963012 0.00490561 0.00000013
v 0.01868004 0.00522443 0.00042583
v 0.01864406 0.00521429 0.00085176
v 0.01858555 0.00519728 0.00127757
v 0.01850592 0.00517331 0.00170296
v 0.01840682 0.00514245 0.00212802
v 0.01828964 0.00510466 0.00255241
v 0.01815552 0.00505964 0.00297516
v 0.01800554 0.00500707 0.00339531
v 0.01784174 0.00494215 0.00379407
v 0.01766449 0.00485182 0.00418645
v 0.01747501 0.00473641 0.00457035
v 0.01727456 0.00459635 0.00494353
v 0.01706430 0.00443189 0.00530397
v 0.01684561 0.00424374 0.00564998
v 0.01661997 0.00403310 0.00597984
v 0.01638886 0.00380114 0.00629181
v 0.01615383 0.00354912 0.00658403
v 0.01591639 0.00327859 0.00685486
v 0.01567801 0.00299119 0.00710293
v 0.01544014 0.00268853 0.00732689
v 0.01520422 0.00237246 0.00752517
v 0.01497172 0.00204478 0.00769682
v 0.01474418 0.00170704 0.00784134
v 0.01452312 0.00136084 0.00795821
v 0.01481788 0.00013298 0.00810599
v 0.01501422 0.00049383 0.00806560
v 0.01522020 0.00083948 0.00800151
v 0.01543618 0.00118061 0.00791010
v 0.01566036 0.00151508 0.00779136
v 0.01589107 0.00184111 0.00764552
v 0.01612676 0.00215724 0.00747304
v 0.01636590 0.00246199 0.00727439
v 0.01660699 0.00275366 0.00705050
v 0.01684858 0.00303047 0.00680292
v 0.01708918 0.00329087 0.00653299
v 0.01732733 0.00353329 0.00624206
v 0.01756147 0.00375622 0.00593174
v 0.01779004 0.00395847 0.00560386
v 0.01801156 0.00413890 0.00526011
v 0.01822450 0.00429640 0.00490216
v 0.01842752 0.00443028 0.00453166
v 0.01861939 0.00454036 0.00415058
v 0.01879887 0.00462626 0.00376112
v 0.01896473 0.00468772 0.00336535
v 0.01911664 0.00473729 0.00294911
v 0.01925249 0.00477964 0.00253012
v 0.01937115 0.00481509 0.00210943
v 0.01947150 0.00484397 0.00168805
v 0.01955210 0.00486638 0.00126638
v 0.01961131 0.00488223 0.00084428
v 0.01964771 0.00489167 0.00042209
v 0.02058587 0.00452879 0.00000014
v 0.01965956 0.00489400 0.00000013
v 0.02057729 0.00453513 0.00041805
v 0.02147651 0.00415059 0.00000015
v 0.02108069 0.00433369 0.00000015
v 0.02231946 0.00375621 0.00040900
v 0.02313760 0.00332905 0.00000011
v 0.02243650 0.00370653 0.00000015
v 0.02313071 0.00333657 0.00040395
v 0.02390953 0.00289481 0.00000006
v 0.02369174 0.00303070 0.00000008
v 0.02463023 0.00244391 0.00039254
v 0.02532209 0.00196613 -0.00000008
v 0.02484157 0.00231327 -0.00000002
v 0.02531723 0.00197372 0.00038609
v 0.02597108 0.00148905 -0.00000016
v 0.02588193 0.00156168 -0.00000015
v 0.02528425 0.00196916 0.00077266
v 0.02459606 0.00243874 0.00078546
v 0.02523090 0.00196120 0.00115921
v 0.02454069 0.00242979 0.00117837
v 0.02515841 0.00194956 0.00154534
v 0.02446542 0.00241678 0.00157085
v 0.02506815 0.00193422 0.00193122
v 0.02437169 0.00239972 0.00196310
v 0.02496137 0.00191498 0.00231636
v 0.02426082 0.00237841 0.00235462
v 0.02470243 0.00186260 0.00307872
v 0.01520157 -0.00112834 0.00815343
v 0.01535673 -0.00075869 0.00812801
v 0.01552878 -0.00039209 0.00809750
v 0.01571588 -0.00002864 0.00806127
v 0.01591400 0.00031987 0.00801726
v 0.01612161 0.00065342 0.00795014
v 0.01633924 0.00098231 0.00785632
v 0.01656505 0.00130449 0.00773578
v 0.01679738 0.00161830 0.00758869
v 0.01703470 0.00192236 0.00741549
v 0.01727546 0.00221530 0.00721660
v 0.01751817 0.00249552 0.00699294
v 0.01776136 0.00276132 0.00674603
v 0.01800354 0.00301119 0.00647720
v 0.01824321 0.00324363 0.00618779
v 0.01847883 0.00345720 0.00587937
v 0.01870882 0.00365075 0.00555372
v 0.01893167 0.00382321 0.00521248
v 0.01914589 0.00397351 0.00485729
v 0.01935010 0.00410103 0.00448974
v 0.01954309 0.00420563 0.00411177
v 0.01972360 0.00428700 0.00372551
v 0.01989040 0.00434491 0.00333301
v 0.02004322 0.00439143 0.00292096
v 0.02017987 0.00443102 0.00250604
v 0.02029922 0.00446407 0.00208934
v 0.02040014 0.00449094 0.00167196
v 0.02048118 0.00451174 0.00125429
v 0.02054070 0.00452642 0.00083621
v 0.02233028 0.00375566 0.00000015
v 0.02146810 0.00415619 0.00041369
v 0.02228317 0.00374897 0.00081817
v 0.02143155 0.00414822 0.00082752
v 0.02222416 0.00373666 0.00122728
v 0.02137210 0.00413472 0.00124127
v 0.02214383 0.00371908 0.00163599
v 0.02129115 0.00411554 0.00165462
v 0.02204379 0.00369626 0.00204444
v 0.02119033 0.00409070 0.00206770
v 0.02192544 0.00366806 0.00245220
v 0.02107109 0.00406007 0.00248009
v 0.02178992 0.00363401 0.00285805
v 0.02093454 0.00402326 0.00289064
v 0.02163837 0.00359369 0.00326075
v 0.02078184 0.00397984 0.00329817
v 0.02147304 0.00354294 0.00364582
v 0.02061522 0.00392552 0.00368712
v 0.02129408 0.00347079 0.00402476
v 0.02043488 0.00384874 0.00406987
v 0.02110271 0.00337737 0.00439562
v 0.02024206 0.00374971 0.00444445
v 0.02090019 0.00326290 0.00475636
v 0.02003802 0.00362868 0.00480874
v 0.02068771 0.00312742 0.00510515
v 0.01982396 0.00348574 0.00516089
v 0.02046661 0.00297144 0.00544050
v 0.01960124 0.00332145 0.00549933
v 0.02023839 0.00279592 0.00576087
v 0.01937136 0.00313683 0.00582248
v 0.02000452 0.00260181 0.00606471
v 0.01913584 0.00293289 0.00612876
v 0.01976657 0.00239016 0.00635036
v 0.01889623 0.00271073 0.00641642
v 0.01952607 0.00216228 0.00661630
v 0.01865409 0.00247172 0.00668392
v 0.01928453 0.00191955 0.00686124
v 0.01841091 0.00221731 0.00692996
v 0.01904341 0.00166333 0.00708387
v 0.01816818 0.00194893 0.00715320
v 0.01880420 0.00139517 0.00728273
v 0.01792739 0.00166821 0.00735217
v 0.01856838 0.00111650 0.00745696
v 0.01769003 0.00137665 0.00752596
v 0.01833743 0.00082847 0.00760620
v 0.01745761 0.00107553 0.00767419
v 0.01811286 0.00053226 0.00773011
v 0.01723167 0.00076613 0.00779647
v 0.01789630 0.00022932 0.00782855
v 0.01701385 0.00044999 0.00789264
v 0.01768955 -0.00007853 0.00790164
v 0.01680597 0.00012906 0.00796277
v 0.01749183 -0.00040077 0.00795284
v 0.01660739 -0.00020657 0.00801038
v 0.01730458 -0.00073760 0.00799569
v 0.01641959 -0.00055697 0.00804993
v 0.01713198 -0.00107837 0.00803182
v 0.01624669 -0.00091093 0.00808326
v 0.01697585 -0.00142299 0.00806193
v 0.01609053 -0.00126834 0.00811103
v 0.01683801 -0.00177074 0.00808637
v 0.01595293 -0.00162854 0.00813357
v 0.01671991 -0.00212125 0.00810467
v 0.01583532 -0.00199116 0.00815045
v 0.01440108 -0.00220095 0.00821587
v 0.01735016 -0.00365514 0.00805597
v 0.01822666 -0.00376286 0.00799383
v 0.01737722 -0.00330068 0.00806605
v 0.01825519 -0.00342008 0.00800461
v 0.01742914 -0.00295114 0.00806865
v 0.01830786 -0.00308268 0.00800738
v 0.01750445 -0.00260602 0.00806374
v 0.01838329 -0.00275010 0.00800213
v 0.01760170 -0.00226481 0.00805131
v 0.01848003 -0.00242178 0.00798884
v 0.01771953 -0.00192697 0.00803162
v 0.01859680 -0.00209716 0.00796779
v 0.01785670 -0.00159219 0.00800531
v 0.01873238 -0.00177586 0.00793965
v 0.01801177 -0.00126088 0.00797287
v 0.01888535 -0.00145834 0.00790495
v 0.01818292 -0.00093379 0.00793397
v 0.01905389 -0.00114540 0.00786334
v 0.01836836 -0.00061101 0.00788788
v 0.01923626 -0.00083710 0.00781409
v 0.01856388 -0.00030261 0.00783315
v 0.01942825 -0.00054293 0.00775594
v 0.01876812 -0.00000825 0.00775718
v 0.01962861 -0.00026243 0.00767722
v 0.01898197 0.00028110 0.00765656
v 0.01983830 0.00001299 0.00757457
v 0.01920366 0.00056374 0.00753116
v 0.02005561 0.00028175 0.00744784
v 0.01943159 0.00083833 0.00738106
v 0.02027898 0.00054263 0.00729709
v 0.01966430 0.00110381 0.00720658
v 0.02050700 0.00079465 0.00712259
v 0.01990033 0.00135911 0.00700803
v 0.02073826 0.00103686 0.00692460
v 0.02013823 0.00160291 0.00678623
v 0.02097135 0.00126804 0.00670393
v 0.02037654 0.00183373 0.00654265
v 0.02120481 0.00148677 0.00646201
v 0.02061378 0.00205027 0.00627855
v 0.02143721 0.00169183 0.00620007
v 0.02084849 0.00225124 0.00599520
v 0.02166710 0.00188199 0.00591936
v 0.02107914 0.00243536 0.00569408
v 0.02189299 0.00205605 0.00562133
v 0.02130420 0.00260167 0.00537682
v 0.02211337 0.00221307 0.00530753
v 0.02152221 0.00274925 0.00504489
v 0.02232681 0.00235222 0.00497940
v 0.02173169 0.00287721 0.00469979
v 0.02253189 0.00247266 0.00463838
v 0.02193134 0.00298508 0.00434295
v 0.02272731 0.00257396 0.00428585
v 0.02211997 0.00307289 0.00397615
v 0.02291194 0.00265620 0.00392352
v 0.02229636 0.00314045 0.00360138
v 0.02308456 0.00271923 0.00355331
v 0.02245929 0.00318767 0.00322053
v 0.02324400 0.00276300 0.00317708
v 0.02260867 0.00322493 0.00282300
v 0.02339018 0.00279728 0.00278513
v 0.02274225 0.00325624 0.00242221
v 0.02352091 0.00282593 0.00238979
v 0.02285890 0.00328207 0.00201943
v 0.02363508 0.00284945 0.00199241
v 0.02295752 0.00330290 0.00161596
v 0.02373159 0.00286835 0.00159432
v 0.02303670 0.00331890 0.00121224
v 0.02380908 0.00288281 0.00119599
v 0.02309488 0.00333004 0.00080811
v 0.02386606 0.00289283 0.00079724
v 0.02390118 0.00289866 0.00039847
v 0.02463846 0.00244000 -0.00000001
v 0.02032601 -0.00596513 0.00749615
v 0.02020035 -0.00564419 0.00760767
v 0.02009930 -0.00532542 0.00768736
v 0.02002726 -0.00499550 0.00774186
v 0.01998328 -0.00466260 0.00778376
v 0.01996540 -0.00433444 0.00781451
v 0.01997257 -0.00401114 0.00783553
v 0.01913073 -0.00355111 0.00793236
v 0.02000344 -0.00369379 0.00784764
v 0.01918382 -0.00322649 0.00793530
v 0.02005656 -0.00338260 0.00785074
v 0.01925883 -0.00290706 0.00792972
v 0.02013063 -0.00307691 0.00784485
v 0.01935442 -0.00259221 0.00791561
v 0.02022437 -0.00277608 0.00782995
v 0.01946932 -0.00228131 0.00789325
v 0.02033658 -0.00247944 0.00780636
v 0.01960238 -0.00197400 0.00786335
v 0.02046617 -0.00218658 0.00777480
v 0.01975218 -0.00167073 0.00782646
v 0.02061173 -0.00189800 0.00773585
v 0.01991695 -0.00137235 0.00778226
v 0.02077154 -0.00161458 0.00768918
v 0.02009497 -0.00107893 0.00772998
v 0.02094393 -0.00133639 0.00763405
v 0.02028210 -0.00079934 0.00766857
v 0.02112486 -0.00107169 0.00756959
v 0.02047718 -0.00053303 0.00758726
v 0.02131328 -0.00081982 0.00748593
v 0.02068127 -0.00027182 0.00748279
v 0.02151031 -0.00057305 0.00737989
v 0.02089270 -0.00001718 0.00735497
v 0.02171435 -0.00033274 0.00725126
v 0.02110997 0.00022976 0.00720382
v 0.02192399 -0.00009989 0.00710003
v 0.02133174 0.00046814 0.00702958
v 0.02213793 0.00012473 0.00692639
v 0.02155664 0.00069711 0.00683248
v 0.02235489 0.00034035 0.00673052
v 0.02178331 0.00091553 0.00661326
v 0.02257353 0.00054595 0.00651316
v 0.02201032 0.00112207 0.00637335
v 0.02279250 0.00074026 0.00627566
v 0.02223629 0.00131557 0.00611395
v 0.02301043 0.00092220 0.00601923
v 0.02245978 0.00149487 0.00583628
v 0.02322595 0.00109065 0.00574505
v 0.02267935 0.00165883 0.00554174
v 0.02343765 0.00124456 0.00545447
v 0.02289354 0.00180657 0.00523184
v 0.02364413 0.00138309 0.00514895
v 0.02310096 0.00193732 0.00490795
v 0.02384405 0.00150552 0.00482979
v 0.02330021 0.00205028 0.00457146
v 0.02403609 0.00161112 0.00449833
v 0.02349007 0.00214510 0.00422368
v 0.02421902 0.00169956 0.00415582
v 0.02366942 0.00222185 0.00386628
v 0.02439181 0.00177098 0.00380386
v 0.02383708 0.00228046 0.00350110
v 0.02455332 0.00182532 0.00344424
v 0.02399191 0.00232090 0.00312996
v 0.02413387 0.00235231 0.00274404
v 0.02994363 -0.00734914 0.00000009
v 0.02285643 0.00328220 -0.00201931
v 0.02273930 0.00325638 -0.00242214
v 0.02192121 0.00366833 -0.00245206
v 0.02204024 0.00369651 -0.00204425
v 0.02106605 0.00406044 -0.00247992
v 0.02118611 0.00409101 -0.00206749
v 0.02017453 0.00443143 -0.00250586
v 0.02029474 0.00446441 -0.00208913
v 0.01924727 0.00478003 -0.00252996
v 0.01936677 0.00481542 -0.00210924
v 0.01828487 0.00510502 -0.00255229
v 0.01840280 0.00514276 -0.00212788
v 0.01728796 0.00540513 -0.00257290
v 0.01740349 0.00544514 -0.00214509
v 0.01625714 0.00567913 -0.00259189
v 0.01636944 0.00572129 -0.00216096
v 0.01519303 0.00592579 -0.00260935
v 0.01530127 0.00596995 -0.00217554
v 0.01409623 0.00614385 -0.00262535
v 0.01419962 0.00618984 -0.00218891
v 0.01296735 0.00633209 -0.00263999
v 0.01946953 -0.00228141 -0.00789342
v 0.01935461 -0.00259230 -0.00791578
v 0.01847392 -0.00242142 -0.00798950
v 0.03013318 -0.00650671 -0.00061375
v 0.03012110 -0.00655092 -0.00072545
v 0.03014738 -0.00646050 -0.00032756
v 0.03014207 -0.00647635 -0.00047907
v 0.03016684 -0.00546243 -0.00120428
v 0.03017937 -0.00544256 -0.00097419
v 0.03016896 -0.00574326 -0.00119080
v 0.03013688 -0.00609563 -0.00134064
v 0.03015066 -0.00605364 -0.00122296
v 0.03012908 -0.00634928 -0.00108613
v 0.03008384 -0.00680815 -0.00043012
v 0.03007483 -0.00684665 -0.00044309
v 0.03009167 -0.00677547 -0.00040443
v 0.03006482 -0.00689040 -0.00044325
v 0.02762705 -0.00138428 -0.00413445
v 0.02774530 -0.00131747 -0.00385022
v 0.02799416 -0.00157876 -0.00377089
v 0.02523745 0.00135420 -0.00338231
v 0.02537924 0.00138859 -0.00302305
v 0.02601441 0.00090148 -0.00296160
v 0.02456212 0.00105679 -0.00474395
v 0.02474508 0.00115523 -0.00441817
v 0.02541599 0.00068558 -0.00432948
v 0.02727622 -0.00210913 -0.00527310
v 0.02756797 -0.00234866 -0.00515329
v 0.02733175 -0.00258133 -0.00553833
v 0.02293439 -0.00023615 -0.00681086
v 0.02314153 -0.00003392 -0.00661674
v 0.02390025 -0.00042293 -0.00648982
v 0.02252987 -0.00066555 -0.00713432
v 0.02273010 -0.00044692 -0.00698343
v 0.02351105 -0.00080877 -0.00685279
v 0.02262378 -0.00189853 -0.00739711
v 0.02278807 -0.00166432 -0.00732746
v 0.02359562 -0.00198318 -0.00717874
v 0.02998850 -0.00714186 -0.00067109
v 0.02997985 -0.00718604 -0.00060095
v 0.03005372 -0.00693991 -0.00042877
v 0.03001959 -0.00698821 -0.00082649
v 0.03000882 -0.00704075 -0.00078544
v 0.02999830 -0.00709271 -0.00073308
v 0.02429409 -0.00558871 -0.00700462
v 0.02433077 -0.00584753 -0.00694092
v 0.02349662 -0.00572836 -0.00713975
v 0.02997229 -0.00722512 -0.00052410
v 0.02957079 -0.00769183 -0.00206499
v 0.02945040 -0.00776753 -0.00233881
v 0.02945657 -0.00760086 -0.00261003
v 0.02931455 -0.00783337 -0.00260031
v 0.02916075 -0.00789071 -0.00284844
v 0.02915013 -0.00768605 -0.00317706
v 0.02981528 -0.00766346 -0.00053518
v 0.02982214 -0.00761422 -0.00070980
v 0.02995977 -0.00729035 -0.00035667
v 0.02963816 -0.00806635 -0.00026642
v 0.02922668 -0.00863590 -0.00042624
v 0.02921082 -0.00849130 -0.00127551
v 0.02633189 -0.00743924 -0.00557532
v 0.02375201 -0.00654340 -0.00680190
v 0.02294638 -0.00647314 -0.00697058
v 0.02131025 -0.00634375 -0.00724169
v 0.01409958 -0.00137257 -0.00820891
v 0.01415568 -0.00138512 -0.00820949
v 0.01413764 -0.00147714 -0.00821035
v 0.01363379 -0.00009283 -0.00817656
v 0.01371503 -0.00010858 -0.00817558
v 0.01367775 -0.00021362 -0.00818025
v 0.01301232 0.00161465 -0.00802557
v 0.01358742 0.00152355 -0.00800169
v 0.01337869 0.00115968 -0.00808828
v 0.01300995 0.00162116 -0.00802447
v 0.01286342 0.00202374 -0.00793002
v 0.01286979 0.00203465 -0.00792650
v 0.01211003 0.00409365 -0.00697077
v 0.01208338 0.00416689 -0.00691573
v 0.01221281 0.00435457 -0.00674633
v 0.01197569 0.00657852 -0.00177058
v 0.01115913 0.00670623 -0.00133547
v 0.01203794 0.00660997 -0.00132837
v 0.01114983 0.00673180 -0.00088887
v 0.01208379 0.00663249 -0.00088572
v 0.01114521 0.00674447 -0.00066735
v 0.01211209 0.00664602 -0.00044286
v 0.01114366 0.00674875 -0.00044451
v 0.01123769 0.00649039 -0.00306291
v 0.01121419 0.00655496 -0.00266635
v 0.01180699 0.00648928 -0.00265336
v 0.01119260 0.00661429 -0.00221830
v 0.01189833 0.00653827 -0.00221232
v 0.01118223 0.00664277 -0.00200322
v 0.01117437 0.00666436 -0.00177600
v 0.01126292 0.00642107 -0.00343613
v 0.01158575 0.00636478 -0.00353122
v 0.01127094 0.00639905 -0.00353543
v 0.01134600 0.00619281 -0.00426867
v 0.01132968 0.00623765 -0.00414801
v 0.01145779 0.00628297 -0.00394306
v 0.01130787 0.00629757 -0.00394480
v 0.01129214 0.00634080 -0.00379817
v 0.01141681 0.00599827 -0.00473850
v 0.01137603 0.00611032 -0.00449061
v 0.01228743 0.00588406 -0.00472123
v 0.01244569 0.00602208 -0.00432677
v 0.01212000 0.00571783 -0.00510429
v 0.01145051 0.00590566 -0.00493046
v 0.01143111 0.00595897 -0.00482544
v 0.01194442 0.00552391 -0.00547375
v 0.01151900 0.00571750 -0.00526215
v 0.01148907 0.00579974 -0.00511718
v 0.01176185 0.00530329 -0.00582774
v 0.01159572 0.00550673 -0.00557941
v 0.01157204 0.00557177 -0.00548151
v 0.01169907 0.00522277 -0.00594051
v 0.01168056 0.00527363 -0.00588281
v 0.01166559 0.00531474 -0.00582929
v 0.01177332 0.00501876 -0.00617197
v 0.01262345 0.00490334 -0.00613414
v 0.01241981 0.00463995 -0.00645075
v 0.01200415 0.00438456 -0.00675214
v 0.01199193 0.00441813 -0.00672691
v 0.01188037 0.00472464 -0.00646290
v 0.01278485 0.00357522 -0.00723281
v 0.01223429 0.00375225 -0.00719418
v 0.01300429 0.00389111 -0.00698411
v 0.01213370 0.00402864 -0.00701331
v 0.01322293 0.00418891 -0.00671157
v 0.01256596 0.00324306 -0.00745626
v 0.01236433 0.00339498 -0.00739658
v 0.01226980 0.00365468 -0.00724945
v 0.01247306 0.00309625 -0.00754056
v 0.01242864 0.00321829 -0.00748598
v 0.01241104 0.00326665 -0.00746151
v 0.01256915 0.00283224 -0.00765864
v 0.01330847 0.00274293 -0.00761497
v 0.01308673 0.00239393 -0.00778476
v 0.01271315 0.00243659 -0.00780595
v 0.01270687 0.00245386 -0.00779952
v 0.01286020 0.00203258 -0.00792794
v 0.01285885 0.00203629 -0.00792682
v 0.01380421 0.00188088 -0.00788666
v 0.01325847 0.00093835 -0.00812343
v 0.01316615 0.00119198 -0.00809690
v 0.01347585 0.00034110 -0.00816124
v 0.01332060 0.00076765 -0.00814128
v 0.01389729 0.00027920 -0.00814589
v 0.01409086 0.00065178 -0.00810906
v 0.01352224 0.00021366 -0.00816721
v 0.01431507 -0.00196463 -0.00821704
v 0.01571969 -0.00235528 -0.00816229
v 0.01440020 -0.00219854 -0.00821459
v 0.01564601 -0.00272368 -0.00816650
v 0.01454768 -0.00260374 -0.00821035
v 0.01462694 -0.00282150 -0.00820806
v 0.01559660 -0.00309560 -0.00816427
v 0.01469382 -0.00300525 -0.00820111
v 0.01557297 -0.00347145 -0.00815564
v 0.01483876 -0.00340348 -0.00818603
v 0.01493085 -0.00365649 -0.00817645
v 0.01557672 -0.00385106 -0.00814070
v 0.01498428 -0.00380327 -0.00816716
v 0.01560922 -0.00423365 -0.00811879
v 0.01512879 -0.00420030 -0.00814201
v 0.01514663 -0.00424933 -0.00813891
v 0.01567159 -0.00461913 -0.00808879
v 0.01527454 -0.00460076 -0.00810936
v 0.01539502 -0.00493177 -0.00807523
v 0.01576557 -0.00499682 -0.00804897
v 0.01541193 -0.00497822 -0.00806741
v 0.01562551 -0.00556504 -0.00794165
v 0.01589175 -0.00535550 -0.00798075
v 0.01554318 -0.00533884 -0.00799911
v 0.01551088 -0.00525010 -0.00802165
v 0.01777290 -0.00579544 -0.00775209
v 0.01948424 -0.00590312 -0.00759248
v 0.02047931 -0.00628526 -0.00735164
v 0.02033184 -0.00596577 -0.00749563
v 0.02465201 -0.00687484 -0.00644092
v 0.02542302 -0.00693535 -0.00621817
v 0.02551824 -0.00717565 -0.00603183
v 0.02624774 -0.00721992 -0.00577671
v 0.02667419 -0.00745162 -0.00543486
v 0.02707617 -0.00765810 -0.00507112
v 0.02700643 -0.00746247 -0.00528138
v 0.02738688 -0.00765821 -0.00490986
v 0.02745067 -0.00783680 -0.00468959
v 0.02779555 -0.00798574 -0.00429450
v 0.02773875 -0.00782574 -0.00452130
v 0.02810911 -0.00810508 -0.00388960
v 0.02806048 -0.00796325 -0.00412014
v 0.02835086 -0.00807098 -0.00371027
v 0.02843047 -0.00831124 -0.00323832
v 0.02863913 -0.00825859 -0.00306882
v 0.02869553 -0.00846125 -0.00258640
v 0.02887323 -0.00839061 -0.00243352
v 0.02890973 -0.00855672 -0.00196177
v 0.02922022 -0.00857999 -0.00085253
v 0.02944408 -0.00837107 -0.00035008
v 0.02981029 -0.00770044 -0.00035771
v 0.02995143 -0.00733456 -0.00017977
v 0.02980726 -0.00772369 -0.00017880
v 0.02906062 -0.00846844 -0.00183083
v 0.02919964 -0.00837353 -0.00169172
v 0.02932677 -0.00827125 -0.00154442
v 0.02944352 -0.00832611 -0.00070009
v 0.02944322 -0.00825464 -0.00104727
v 0.02944368 -0.00815952 -0.00138880
v 0.02852279 -0.00777358 -0.00392085
v 0.02857889 -0.00803277 -0.00351582
v 0.02898607 -0.00794270 -0.00308400
v 0.02896271 -0.00771951 -0.00343939
v 0.02903758 -0.00831416 -0.00227036
v 0.02918743 -0.00823183 -0.00209734
v 0.02932254 -0.00814291 -0.00191448
v 0.02944509 -0.00804484 -0.00172155
v 0.02955658 -0.00793661 -0.00151960
v 0.02964042 -0.00803229 -0.00053286
v 0.02964438 -0.00797806 -0.00079718
v 0.02965016 -0.00790580 -0.00105724
v 0.02965762 -0.00781858 -0.00131067
v 0.02966667 -0.00771858 -0.00155391
v 0.02956319 -0.00782096 -0.00180151
v 0.02944751 -0.00791367 -0.00204083
v 0.02931870 -0.00799633 -0.00226953
v 0.02917472 -0.00807017 -0.00248650
v 0.02901293 -0.00813815 -0.00269223
v 0.02883382 -0.00820097 -0.00288654
v 0.02983061 -0.00755482 -0.00087998
v 0.02931372 -0.00764757 -0.00290103
v 0.02213253 -0.00640648 -0.00711592
v 0.02200557 -0.00610760 -0.00725917
v 0.02283117 -0.00618642 -0.00711278
v 0.02273419 -0.00589988 -0.00722561
v 0.02364955 -0.00627020 -0.00694244
v 0.02356377 -0.00599757 -0.00705479
v 0.02438784 -0.00610137 -0.00685580
v 0.02446158 -0.00635872 -0.00674458
v 0.02455029 -0.00661695 -0.00660642
v 0.02085215 -0.00415291 -0.00773457
v 0.02088391 -0.00384929 -0.00774728
v 0.02175252 -0.00401580 -0.00763000
v 0.02180451 -0.00373331 -0.00763341
v 0.02266634 -0.00392693 -0.00749443
v 0.02273418 -0.00366586 -0.00748781
v 0.02358671 -0.00388811 -0.00732252
v 0.02366582 -0.00364843 -0.00730537
v 0.02450681 -0.00390083 -0.00710971
v 0.02459256 -0.00368216 -0.00708215
v 0.02089631 -0.00509761 -0.00763627
v 0.02085718 -0.00477772 -0.00768022
v 0.02171957 -0.00490159 -0.00756002
v 0.02170872 -0.00460068 -0.00759370
v 0.02256950 -0.00474891 -0.00745327
v 0.02258287 -0.00446820 -0.00747715
v 0.02344039 -0.00464264 -0.00731148
v 0.02347309 -0.00438442 -0.00732561
v 0.02432586 -0.00458702 -0.00713013
v 0.02437271 -0.00435242 -0.00713390
v 0.02521387 -0.00458389 -0.00690277
v 0.02526983 -0.00437258 -0.00689598
v 0.02533761 -0.00669343 -0.00637913
v 0.02526353 -0.00645161 -0.00651406
v 0.02520254 -0.00621089 -0.00662344
v 0.02515613 -0.00597366 -0.00670807
v 0.02512773 -0.00573239 -0.00677220
v 0.02511615 -0.00549185 -0.00682210
v 0.02617097 -0.00699649 -0.00595606
v 0.02610242 -0.00677199 -0.00611143
v 0.02604343 -0.00654789 -0.00624225
v 0.02599558 -0.00632496 -0.00634898
v 0.02596010 -0.00610534 -0.00643243
v 0.02594013 -0.00588247 -0.00649633
v 0.02593446 -0.00566063 -0.00654611
v 0.02594166 -0.00544329 -0.00658294
v 0.02659998 -0.00724095 -0.00563150
v 0.02653246 -0.00702649 -0.00580679
v 0.02647235 -0.00681119 -0.00595889
v 0.02642092 -0.00659639 -0.00608722
v 0.02637963 -0.00638274 -0.00619225
v 0.02634962 -0.00617226 -0.00627478
v 0.02633382 -0.00595890 -0.00633826
v 0.02633103 -0.00574667 -0.00638772
v 0.02633990 -0.00553876 -0.00642435
v 0.02694207 -0.00726079 -0.00547277
v 0.02688371 -0.00705564 -0.00564358
v 0.02683197 -0.00684984 -0.00579201
v 0.02678801 -0.00664461 -0.00591751
v 0.02675322 -0.00644049 -0.00602055
v 0.02672858 -0.00623937 -0.00610189
v 0.02671686 -0.00603571 -0.00616471
v 0.02671685 -0.00583327 -0.00621366
v 0.02672731 -0.00563494 -0.00624995
v 0.02732738 -0.00747150 -0.00511362
v 0.02727269 -0.00727915 -0.00529925
v 0.02722333 -0.00708361 -0.00546510
v 0.02717979 -0.00688759 -0.00560944
v 0.02714315 -0.00669219 -0.00573173
v 0.02711471 -0.00649783 -0.00583244
v 0.02709534 -0.00630626 -0.00591229
v 0.02708757 -0.00611249 -0.00597418
v 0.02709022 -0.00592001 -0.00602241
v 0.02712283 -0.00554699 -0.00608286
v 0.02084279 -0.00446278 -0.00771249
v 0.02172014 -0.00430501 -0.00761674
v 0.02261556 -0.00419412 -0.00749089
v 0.02352217 -0.00413318 -0.00732928
v 0.02443329 -0.00412397 -0.00712707
v 0.02533698 -0.00416644 -0.00687859
v 0.02117253 -0.00603396 -0.00738550
v 0.02105565 -0.00572335 -0.00749779
v 0.02189822 -0.00580842 -0.00737194
v 0.02181282 -0.00551222 -0.00745499
v 0.02265760 -0.00561659 -0.00730984
v 0.02260548 -0.00532612 -0.00737102
v 0.02345201 -0.00545313 -0.00720244
v 0.02342880 -0.00517776 -0.00725107
v 0.02427662 -0.00533025 -0.00705411
v 0.02427668 -0.00507681 -0.00709065
v 0.02511983 -0.00525613 -0.00685898
v 0.02513807 -0.00502541 -0.00688431
v 0.02596112 -0.00523067 -0.00660827
v 0.02599177 -0.00502434 -0.00662290
v 0.02635985 -0.00533539 -0.00644955
v 0.02642917 -0.00494745 -0.00646815
v 0.02831235 -0.00793722 -0.00393014
v 0.02827583 -0.00779443 -0.00413773
v 0.02847604 -0.00748384 -0.00427635
v 0.02824209 -0.00764302 -0.00433233
v 0.02821136 -0.00748496 -0.00451265
v 0.02844018 -0.00717734 -0.00457290
v 0.02818386 -0.00732237 -0.00467731
v 0.02870076 -0.00719405 -0.00430182
v 0.02894655 -0.00747036 -0.00375178
v 0.02872217 -0.00747910 -0.00402229
v 0.02875265 -0.00774870 -0.00368769
v 0.02879135 -0.00799008 -0.00330675
v 0.02869348 -0.00705047 -0.00441784
v 0.02893672 -0.00694211 -0.00421498
v 0.02893784 -0.00720701 -0.00401314
v 0.02868911 -0.00690737 -0.00451709
v 0.02868844 -0.00676476 -0.00459980
v 0.02894685 -0.00667983 -0.00435570
v 0.02815975 -0.00715736 -0.00482491
v 0.02813922 -0.00699220 -0.00495399
v 0.02842657 -0.00702290 -0.00469574
v 0.02812309 -0.00682763 -0.00506401
v 0.02841658 -0.00686900 -0.00480064
v 0.02811236 -0.00666378 -0.00515532
v 0.02841111 -0.00671570 -0.00488789
v 0.02810753 -0.00650204 -0.00522858
v 0.02841055 -0.00656429 -0.00495812
v 0.02811042 -0.00633903 -0.00528583
v 0.02842791 -0.00626102 -0.00505597
v 0.02988089 -0.00722663 -0.00145927
v 0.02989825 -0.00712400 -0.00156333
v 0.02996099 -0.00708468 -0.00117550
v 0.02991649 -0.00702006 -0.00164479
v 0.02997596 -0.00700626 -0.00123684
v 0.02993563 -0.00691652 -0.00170257
v 0.02999137 -0.00692819 -0.00128043
v 0.02995539 -0.00681579 -0.00173923
v 0.03002245 -0.00677991 -0.00132324
v 0.02997544 -0.00671927 -0.00175921
v 0.02999525 -0.00662863 -0.00176557
v 0.03005210 -0.00664835 -0.00132280
v 0.02110042 -0.00297447 -0.00772877
v 0.02120906 -0.00269254 -0.00770406
v 0.02206717 -0.00291879 -0.00758505
v 0.02218681 -0.00265606 -0.00755060
v 0.02303029 -0.00291189 -0.00740892
v 0.02196639 -0.00136072 -0.00745630
v 0.02179317 -0.00161026 -0.00752351
v 0.02162783 -0.00187291 -0.00758124
v 0.02093668 -0.00355214 -0.00775054
v 0.02187502 -0.00345681 -0.00762699
v 0.02281806 -0.00341014 -0.00747106
v 0.02375867 -0.00341329 -0.00727820
v 0.02468985 -0.00346744 -0.00704514
v 0.02100925 -0.00326076 -0.00774437
v 0.02196291 -0.00318555 -0.00761076
v 0.02291707 -0.00315897 -0.00744451
v 0.02386446 -0.00318221 -0.00724173
v 0.02410976 -0.00273523 -0.00714276
v 0.02491422 -0.00305303 -0.00694466
v 0.02453643 -0.00212472 -0.00691704
v 0.02375545 -0.00177566 -0.00709014
v 0.02295876 -0.00144192 -0.00724009
v 0.02214658 -0.00112352 -0.00737062
v 0.02544164 -0.00231608 -0.00661015
v 0.02469044 -0.00193681 -0.00680885
v 0.02392234 -0.00157301 -0.00698169
v 0.02313707 -0.00122450 -0.00713198
v 0.02233492 -0.00089139 -0.00726336
v 0.02370431 -0.00061183 -0.00668173
v 0.02568904 -0.00094482 -0.00575720
v 0.02551875 -0.00109113 -0.00597896
v 0.02482063 -0.00065974 -0.00613778
v 0.02570368 -0.00338504 -0.00671290
v 0.02550252 -0.00376652 -0.00681380
v 0.02592976 -0.00303093 -0.00657456
v 0.02581471 -0.00320286 -0.00664845
v 0.02503872 -0.00285453 -0.00688039
v 0.02646676 -0.00372722 -0.00643886
v 0.02666337 -0.00340481 -0.00630204
v 0.02676652 -0.00325655 -0.00621546
v 0.02133413 -0.00241455 -0.00767099
v 0.02147429 -0.00214103 -0.00763014
v 0.02232054 -0.00239794 -0.00750806
v 0.02246669 -0.00214541 -0.00745714
v 0.02329406 -0.00243281 -0.00731233
v 0.02344162 -0.00220190 -0.00725037
v 0.02424647 -0.00252046 -0.00707936
v 0.02438885 -0.00231731 -0.00700628
v 0.02516807 -0.00266701 -0.00680652
v 0.02530198 -0.00248932 -0.00671733
v 0.02604870 -0.00286805 -0.00648622
v 0.02617268 -0.00270932 -0.00638087
v 0.02687395 -0.00311212 -0.00611292
v 0.02698487 -0.00297209 -0.00599412
v 0.02629045 -0.00407573 -0.00653889
v 0.02614381 -0.00444188 -0.00660306
v 0.02603276 -0.00482466 -0.00662686
v 0.02516973 -0.00480122 -0.00689890
v 0.02429349 -0.00482859 -0.00711570
v 0.02342521 -0.00490754 -0.00728691
v 0.02257673 -0.00503493 -0.00741839
v 0.02175363 -0.00520760 -0.00751424
v 0.02096212 -0.00541536 -0.00757928
v 0.02653388 -0.00458218 -0.00644471
v 0.02667074 -0.00423301 -0.00638124
v 0.02683428 -0.00390099 -0.00628223
v 0.02701585 -0.00359435 -0.00614694
v 0.02721000 -0.00331597 -0.00596091
v 0.02630073 -0.00255540 -0.00625824
v 0.02558597 -0.00214806 -0.00648469
v 0.02484967 -0.00175447 -0.00668145
v 0.02409495 -0.00137621 -0.00685313
v 0.02332159 -0.00101318 -0.00700291
v 0.02445285 -0.00100279 -0.00653540
v 0.02427213 -0.00118598 -0.00670434
v 0.02517970 -0.00140872 -0.00636861
v 0.02501307 -0.00157831 -0.00653470
v 0.02588498 -0.00182954 -0.00617839
v 0.02573403 -0.00198577 -0.00634078
v 0.02656590 -0.00226359 -0.00596040
v 0.02643205 -0.00240674 -0.00611811
v 0.02619207 -0.00153682 -0.00579856
v 0.02697473 -0.00187119 -0.00538387
v 0.02683812 -0.00199509 -0.00559248
v 0.02702135 -0.00235292 -0.00566657
v 0.02634626 -0.00140189 -0.00558281
v 0.02649954 -0.00127568 -0.00535125
v 0.02711049 -0.00175521 -0.00516017
v 0.02724449 -0.00164788 -0.00492234
v 0.02752773 -0.00189545 -0.00482082
v 0.02463605 -0.00082712 -0.00634635
v 0.02534859 -0.00124609 -0.00618318
v 0.02603796 -0.00167968 -0.00599748
v 0.02670153 -0.00212618 -0.00578504
v 0.02721441 -0.00270651 -0.00570694
v 0.02709857 -0.00283683 -0.00585883
v 0.02741695 -0.00305417 -0.00571208
v 0.02763169 -0.00281106 -0.00539890
v 0.02780092 -0.00214452 -0.00471107
v 0.02620545 0.00027309 -0.00390780
v 0.02558048 0.00076192 -0.00399948
v 0.02491930 0.00123754 -0.00408158
v 0.02692672 -0.00017542 -0.00348192
v 0.02635020 0.00032986 -0.00357636
v 0.02573572 0.00082333 -0.00366040
v 0.02508378 0.00130386 -0.00373572
v 0.02757672 -0.00065456 -0.00305573
v 0.02705082 -0.00013572 -0.00315203
v 0.02648533 0.00037279 -0.00323764
v 0.02588069 0.00086983 -0.00331390
v 0.02417472 0.00081302 -0.00535825
v 0.02437158 0.00094249 -0.00505773
v 0.02506322 0.00048783 -0.00495672
v 0.02524322 0.00059414 -0.00464894
v 0.02589078 0.00011772 -0.00454265
v 0.02605201 0.00020244 -0.00423035
v 0.02665263 -0.00029319 -0.00411879
v 0.02679370 -0.00022789 -0.00380468
v 0.02734487 -0.00074003 -0.00368851
v 0.02746485 -0.00069144 -0.00337560
v 0.02771924 -0.00095302 -0.00331736
v 0.02528487 0.00196905 -0.00077282
v 0.02596203 0.00148944 -0.00037939
v 0.02593107 0.00148533 -0.00075903
v 0.02656314 0.00099264 -0.00037185
v 0.02698932 0.00046726 -0.00145350
v 0.02682564 0.00044174 -0.00217804
v 0.02624620 0.00094501 -0.00222908
v 0.02581210 0.00146767 -0.00151784
v 0.02588071 0.00147817 -0.00113865
v 0.02648673 0.00098261 -0.00111586
v 0.02653408 0.00098899 -0.00074387
v 0.02709330 0.00048148 -0.00072699
v 0.02712025 0.00048473 -0.00036344
v 0.02763274 -0.00003281 -0.00035400
v 0.02751293 -0.00004873 -0.00141548
v 0.02736297 -0.00007207 -0.00212078
v 0.02799242 -0.00057337 -0.00137274
v 0.02785764 -0.00059512 -0.00205640
v 0.02660990 0.00040198 -0.00289320
v 0.02716517 -0.00010867 -0.00281650
v 0.02767972 -0.00062928 -0.00273030
v 0.02355926 0.00034095 -0.00616723
v 0.02376721 0.00051136 -0.00591435
v 0.02449199 0.00008606 -0.00579790
v 0.02468637 0.00023312 -0.00553245
v 0.02537080 -0.00021732 -0.00540697
v 0.02554905 -0.00009274 -0.00513209
v 0.02618983 -0.00056623 -0.00499721
v 0.02634973 -0.00046271 -0.00471609
v 0.02694393 -0.00095698 -0.00457213
v 0.02708362 -0.00087277 -0.00428787
v 0.02335026 0.00015885 -0.00640175
v 0.02409768 -0.00024293 -0.00627770
v 0.02429534 -0.00007294 -0.00604669
v 0.02500539 -0.00050172 -0.00591097
v 0.02518917 -0.00035394 -0.00566700
v 0.02585838 -0.00080801 -0.00551894
v 0.02602569 -0.00068153 -0.00526522
v 0.02665093 -0.00115897 -0.00510487
v 0.02679938 -0.00105255 -0.00484479
v 0.02737582 -0.00154994 -0.00467144
v 0.02750362 -0.00146192 -0.00440850
v 0.02776917 -0.00171732 -0.00431755
v 0.02802435 -0.00197415 -0.00421926
v 0.02397282 0.00066906 -0.00564425
v 0.02487720 0.00036728 -0.00525162
v 0.02572275 0.00001914 -0.00484361
v 0.02650433 -0.00037152 -0.00442293
v 0.02721755 -0.00080040 -0.00399302
v 0.02748628 -0.00105789 -0.00392405
v 0.02841969 -0.00174808 -0.00311572
v 0.02823236 -0.00184141 -0.00368516
v 0.02819701 -0.00148165 -0.00318807
v 0.02796340 -0.00121653 -0.00325503
v 0.02883079 -0.00228380 -0.00295162
v 0.02867484 -0.00236968 -0.00349072
v 0.02845940 -0.00210514 -0.00359206
v 0.02850116 -0.00249091 -0.00399634
v 0.02826853 -0.00223211 -0.00411252
v 0.02831415 -0.00264589 -0.00446213
v 0.02806329 -0.00239477 -0.00459188
v 0.02811873 -0.00283111 -0.00488138
v 0.02784909 -0.00258944 -0.00502312
v 0.02792018 -0.00304173 -0.00524700
v 0.02772390 -0.00327252 -0.00555207
v 0.02753461 -0.00352092 -0.00579497
v 0.02735689 -0.00378510 -0.00597729
v 0.02719040 -0.00407604 -0.00611049
v 0.02703972 -0.00439153 -0.00620804
v 0.02691276 -0.00472366 -0.00627053
v 0.02681450 -0.00507129 -0.00629348
v 0.02674768 -0.00544097 -0.00627493
v 0.02815257 -0.00115824 -0.00263271
v 0.02858180 -0.00169330 -0.00252008
v 0.02896532 -0.00223241 -0.00238749
v 0.02930122 -0.00277370 -0.00222992
v 0.02842717 -0.00110513 -0.00132432
v 0.02830887 -0.00112584 -0.00198346
v 0.02756786 -0.00004097 -0.00106203
v 0.02807790 -0.00056128 -0.00068675
v 0.02850217 -0.00109356 -0.00066263
v 0.02562523 0.00143640 -0.00227490
v 0.02572654 0.00145382 -0.00189676
v 0.02642218 0.00097319 -0.00148739
v 0.02704932 0.00047575 -0.00109049
v 0.02760810 -0.00003576 -0.00070805
v 0.02810001 -0.00055853 -0.00034338
v 0.02881634 -0.00164230 -0.00126840
v 0.02871534 -0.00166228 -0.00189924
v 0.02915911 -0.00218320 -0.00120244
v 0.02907572 -0.00220261 -0.00179997
v 0.02888035 -0.00163106 -0.00063475
v 0.02921197 -0.00217219 -0.00060186
v 0.02938875 -0.00274509 -0.00168182
v 0.02945475 -0.00272622 -0.00112385
v 0.02949659 -0.00271542 -0.00056264
v 0.02718701 -0.00519579 -0.00610129
v 0.02727872 -0.00486592 -0.00607897
v 0.02739575 -0.00455091 -0.00601779
v 0.02753358 -0.00425195 -0.00592217
v 0.02768510 -0.00397666 -0.00579164
v 0.02784654 -0.00372659 -0.00561368
v 0.02801831 -0.00349151 -0.00537744
v 0.02819626 -0.00327299 -0.00508133
v 0.02837606 -0.00307333 -0.00472685
v 0.02855279 -0.00289753 -0.00432069
v 0.02872167 -0.00275023 -0.00386969
v 0.02887824 -0.00263475 -0.00338022
v 0.02919401 -0.00282166 -0.00275658
v 0.02906915 -0.00290008 -0.00325968
v 0.02892950 -0.00300978 -0.00373155
v 0.02877855 -0.00314940 -0.00416645
v 0.02862028 -0.00331576 -0.00455831
v 0.02845899 -0.00350446 -0.00490058
v 0.02829912 -0.00371077 -0.00518683
v 0.02814459 -0.00393261 -0.00541563
v 0.02799916 -0.00416866 -0.00558856
v 0.02786240 -0.00442837 -0.00571579
v 0.02773728 -0.00471077 -0.00580898
v 0.02763014 -0.00500859 -0.00586853
v 0.02754503 -0.00532057 -0.00589008
v 0.02748362 -0.00565308 -0.00587181
v 0.02744947 -0.00600651 -0.00581248
v 0.02744431 -0.00618886 -0.00576520
v 0.02744830 -0.00637257 -0.00570453
v 0.02746260 -0.00655438 -0.00562649
v 0.02748487 -0.00673878 -0.00552849
v 0.02751439 -0.00692411 -0.00540981
v 0.02754995 -0.00711008 -0.00527004
v 0.02759055 -0.00729572 -0.00510968
v 0.02763583 -0.00747844 -0.00493040
v 0.02768536 -0.00765590 -0.00473375
v 0.03001468 -0.00654393 -0.00175863
v 0.03003398 -0.00646374 -0.00173889
v 0.03008023 -0.00653198 -0.00128444
v 0.03005294 -0.00638848 -0.00170789
v 0.03007117 -0.00631942 -0.00166490
v 0.03010591 -0.00643278 -0.00120850
v 0.03008875 -0.00625575 -0.00160743
v 0.03010568 -0.00619718 -0.00153421
v 0.03012179 -0.00614376 -0.00144503
v 0.03003053 -0.00693594 -0.00085570
v 0.03005201 -0.00683695 -0.00088446
v 0.03007192 -0.00674930 -0.00088416
v 0.03009030 -0.00667196 -0.00085839
v 0.03010667 -0.00660616 -0.00080739
v 0.02941196 -0.00343063 -0.00298480
v 0.02947152 -0.00378730 -0.00323827
v 0.02930511 -0.00352867 -0.00341664
v 0.02937194 -0.00390362 -0.00361573
v 0.02918895 -0.00365280 -0.00381485
v 0.02926660 -0.00404154 -0.00395644
v 0.02906651 -0.00380023 -0.00417407
v 0.02915833 -0.00419737 -0.00425483
v 0.02894111 -0.00396702 -0.00448837
v 0.02905014 -0.00436724 -0.00450532
v 0.02881624 -0.00414899 -0.00475188
v 0.02894477 -0.00454981 -0.00470660
v 0.02869502 -0.00434457 -0.00496325
v 0.02884477 -0.00474434 -0.00486003
v 0.02858040 -0.00455285 -0.00512396
v 0.02874990 -0.00495763 -0.00497342
v 0.02847206 -0.00478157 -0.00524263
v 0.02866124 -0.00519013 -0.00505620
v 0.02837162 -0.00503076 -0.00532941
v 0.02858282 -0.00543577 -0.00510878
v 0.02828386 -0.00529390 -0.00538466
v 0.02851723 -0.00569326 -0.00512720
v 0.02821185 -0.00556972 -0.00540425
v 0.02846489 -0.00596828 -0.00510996
v 0.02815637 -0.00586416 -0.00538657
v 0.02812000 -0.00617747 -0.00533044
v 0.02935687 -0.00309080 -0.00264554
v 0.02924719 -0.00316545 -0.00312820
v 0.02912414 -0.00326934 -0.00358090
v 0.02899079 -0.00340123 -0.00399824
v 0.02885065 -0.00355814 -0.00437449
v 0.02870753 -0.00373588 -0.00470341
v 0.02856537 -0.00393000 -0.00497883
v 0.02842773 -0.00413868 -0.00519936
v 0.02829793 -0.00436080 -0.00536656
v 0.02817559 -0.00460498 -0.00548984
v 0.02806296 -0.00487080 -0.00558009
v 0.02796560 -0.00515133 -0.00563767
v 0.02788706 -0.00544530 -0.00565831
v 0.02782856 -0.00575890 -0.00564028
v 0.02779315 -0.00609244 -0.00558238
v 0.02778567 -0.00626448 -0.00553630
v 0.02778609 -0.00643794 -0.00547717
v 0.02779553 -0.00660981 -0.00540132
v 0.02781188 -0.00678403 -0.00530643
v 0.02783455 -0.00695909 -0.00519183
v 0.02786242 -0.00713477 -0.00505712
v 0.02789458 -0.00731022 -0.00490283
v 0.02793077 -0.00748302 -0.00473051
v 0.02797069 -0.00765092 -0.00454166
v 0.02801403 -0.00781170 -0.00433774
v 0.02869173 -0.00662382 -0.00466658
v 0.02871330 -0.00634214 -0.00475977
v 0.02897182 -0.00641985 -0.00444368
v 0.02875052 -0.00607029 -0.00481127
v 0.02900885 -0.00616903 -0.00449233
v 0.02879964 -0.00581492 -0.00482792
v 0.02905474 -0.00593341 -0.00450825
v 0.02885899 -0.00557591 -0.00481078
v 0.02910817 -0.00571291 -0.00449239
v 0.02892848 -0.00534790 -0.00476115
v 0.02916932 -0.00550259 -0.00444592
v 0.02900595 -0.00513216 -0.00468284
v 0.02923644 -0.00530365 -0.00437241
v 0.02908811 -0.00493426 -0.00457534
v 0.02930688 -0.00512108 -0.00427125
v 0.02917426 -0.00475341 -0.00442993
v 0.02938027 -0.00495388 -0.00413443
v 0.02926460 -0.00458379 -0.00423963
v 0.02945670 -0.00479724 -0.00395584
v 0.02935695 -0.00442599 -0.00400321
v 0.02953438 -0.00465161 -0.00373441
v 0.02944896 -0.00428117 -0.00372198
v 0.02961137 -0.00451796 -0.00347147
v 0.02953811 -0.00415286 -0.00340119
v 0.02968556 -0.00439952 -0.00317189
v 0.02962199 -0.00404449 -0.00304605
v 0.02975500 -0.00429940 -0.00284052
v 0.02969846 -0.00395845 -0.00266119
v 0.02981791 -0.00421976 -0.00248159
v 0.02976567 -0.00389562 -0.00225099
v 0.02987281 -0.00416136 -0.00209913
v 0.02914584 -0.00745759 -0.00346618
v 0.02914767 -0.00721603 -0.00370845
v 0.02915530 -0.00697283 -0.00389610
v 0.02917157 -0.00673169 -0.00402738
v 0.02919903 -0.00649329 -0.00410967
v 0.02923543 -0.00626341 -0.00415516
v 0.02927813 -0.00604742 -0.00417015
v 0.02932613 -0.00584528 -0.00415548
v 0.02937974 -0.00565254 -0.00411220
v 0.02943758 -0.00547032 -0.00404365
v 0.02949757 -0.00530301 -0.00394909
v 0.02955953 -0.00514945 -0.00382125
v 0.02962349 -0.00500586 -0.00365493
v 0.02968802 -0.00487260 -0.00344926
v 0.02975157 -0.00475047 -0.00320556
v 0.02981242 -0.00464232 -0.00292836
v 0.02986900 -0.00455094 -0.00262208
v 0.02991989 -0.00447824 -0.00229058
v 0.02996392 -0.00442483 -0.00193751
v 0.02931851 -0.00744002 -0.00316586
v 0.02932837 -0.00722033 -0.00338817
v 0.02934269 -0.00699872 -0.00356084
v 0.02936349 -0.00677860 -0.00368204
v 0.02939240 -0.00656160 -0.00375815
v 0.02942768 -0.00635252 -0.00380016
v 0.02946723 -0.00615600 -0.00381397
v 0.02951029 -0.00597204 -0.00380035
v 0.02955722 -0.00579680 -0.00376025
v 0.02960695 -0.00563128 -0.00369676
v 0.02965787 -0.00547919 -0.00360902
v 0.02970989 -0.00533939 -0.00349057
v 0.02976301 -0.00520904 -0.00333711
v 0.02981611 -0.00508845 -0.00314798
v 0.02986802 -0.00497827 -0.00292451
v 0.02991737 -0.00488092 -0.00267083
v 0.02996293 -0.00479885 -0.00239095
v 0.03000356 -0.00473369 -0.00208834
v 0.03003839 -0.00468587 -0.00176627
v 0.02946769 -0.00741453 -0.00284912
v 0.02948302 -0.00721706 -0.00305012
v 0.02950178 -0.00701749 -0.00320663
v 0.02952527 -0.00681894 -0.00331678
v 0.02955441 -0.00662375 -0.00338609
v 0.02958791 -0.00643590 -0.00342423
v 0.02962411 -0.00625928 -0.00343669
v 0.02966245 -0.00609393 -0.00342412
v 0.02970329 -0.00593659 -0.00338742
v 0.02974582 -0.00578816 -0.00332939
v 0.02978878 -0.00565172 -0.00324912
v 0.02983217 -0.00552614 -0.00314098
v 0.02987593 -0.00540944 -0.00300147
v 0.02991926 -0.00530187 -0.00283012
v 0.02996126 -0.00520393 -0.00262822
v 0.03000091 -0.00511767 -0.00239949
v 0.03003721 -0.00504515 -0.00214750
v 0.03006929 -0.00498776 -0.00187535
v 0.03009650 -0.00494576 -0.00158593
v 0.02973385 -0.00325924 -0.00051583
v 0.02992328 -0.00380214 -0.00046051
v 0.02970260 -0.00326982 -0.00103008
v 0.02990175 -0.00381229 -0.00091934
v 0.02965331 -0.00328811 -0.00154098
v 0.02964339 -0.00362826 -0.00239287
v 0.02958775 -0.00331541 -0.00204235
v 0.02971180 -0.00358578 -0.00193604
v 0.02986776 -0.00382969 -0.00137481
v 0.02998257 -0.00408261 -0.00085769
v 0.03005062 -0.00435208 -0.00079193
v 0.02958151 -0.00754457 -0.00230504
v 0.02959653 -0.00737987 -0.00251682
v 0.02961502 -0.00720520 -0.00269508
v 0.02963608 -0.00702840 -0.00283415
v 0.02966051 -0.00685232 -0.00293225
v 0.02968872 -0.00667971 -0.00299410
v 0.02971972 -0.00651377 -0.00302804
v 0.02975226 -0.00635774 -0.00303902
v 0.02978593 -0.00621167 -0.00302765
v 0.02982105 -0.00607287 -0.00299471
v 0.02985704 -0.00594208 -0.00294273
v 0.02989291 -0.00582185 -0.00287078
v 0.02992872 -0.00571110 -0.00277405
v 0.02996440 -0.00560850 -0.00264976
v 0.02999937 -0.00551424 -0.00249753
v 0.03003299 -0.00542871 -0.00231859
v 0.03006447 -0.00535360 -0.00211621
v 0.03009305 -0.00529065 -0.00189354
v 0.03011807 -0.00524100 -0.00165329
v 0.03013905 -0.00520478 -0.00139797
v 0.03015096 -0.00549298 -0.00142437
v 0.03013178 -0.00553501 -0.00163161
v 0.03010963 -0.00558846 -0.00182382
v 0.03008502 -0.00565242 -0.00199872
v 0.03005852 -0.00572546 -0.00215359
v 0.03003072 -0.00580620 -0.00228558
v 0.03000207 -0.00589435 -0.00239360
v 0.02997297 -0.00598976 -0.00247796
v 0.02994347 -0.00609330 -0.00254084
v 0.02991351 -0.00620596 -0.00258625
v 0.02988382 -0.00632568 -0.00261509
v 0.02985484 -0.00645183 -0.00262512
v 0.02982626 -0.00658663 -0.00261567
v 0.02979838 -0.00673002 -0.00258620
v 0.02977215 -0.00687934 -0.00253237
v 0.02974829 -0.00703206 -0.00244713
v 0.02972673 -0.00718531 -0.00232654
v 0.02970707 -0.00733659 -0.00217220
v 0.02969022 -0.00747919 -0.00198901
v 0.02967701 -0.00760671 -0.00178150
v 0.03011857 -0.00491834 -0.00128313
v 0.02984055 -0.00748667 -0.00104330
v 0.02985183 -0.00741028 -0.00119631
v 0.02986517 -0.00732348 -0.00133592
v 0.03017307 -0.00599136 -0.00095472
v 0.03018764 -0.00595872 -0.00065282
v 0.02977030 -0.00751267 -0.00149104
v 0.02978426 -0.00740529 -0.00166497
v 0.02980124 -0.00728530 -0.00181858
v 0.02982041 -0.00715803 -0.00194810
v 0.02984092 -0.00702906 -0.00204940
v 0.02986294 -0.00690054 -0.00212113
v 0.02988631 -0.00677520 -0.00216653
v 0.02991052 -0.00665497 -0.00219132
v 0.02993485 -0.00654198 -0.00219922
v 0.02995910 -0.00643632 -0.00219066
v 0.02998354 -0.00633616 -0.00216624
v 0.03000787 -0.00624204 -0.00212785
v 0.03003153 -0.00615559 -0.00207466
v 0.03005461 -0.00607591 -0.00200346
v 0.03007708 -0.00600247 -0.00191253
v 0.03009867 -0.00593537 -0.00180164
v 0.03011908 -0.00587482 -0.00167171
v 0.03013787 -0.00582192 -0.00152514
v 0.02982234 -0.00385526 -0.00182136
v 0.02991876 -0.00412347 -0.00169856
v 0.03000044 -0.00438995 -0.00156779
v 0.03006696 -0.00465461 -0.00142916
v 0.03019570 -0.00542144 -0.00049238
v 0.03014815 -0.00488875 -0.00064843
v 0.03019557 -0.00594521 -0.00032998
v 0.03010577 -0.00462070 -0.00072209
v 0.02945076 -0.00304460 -0.00214020
v 0.02950685 -0.00335980 -0.00252443
v 0.02956275 -0.00369518 -0.00282907
v 0.01425146 -0.00178988 -0.00821464
v 0.01581609 -0.00199000 -0.00815162
v 0.01593382 -0.00162739 -0.00813471
v 0.01429031 -0.00100180 -0.00819073
v 0.01395403 -0.00097270 -0.00820342
v 0.01135654 0.00616384 -0.00434659
v 0.01259375 0.00613122 -0.00392335
v 0.01273058 0.00621089 -0.00351321
v 0.01285554 0.00627586 -0.00307754
v 0.01176906 0.00503047 -0.00615868
v 0.01282237 0.00514330 -0.00579851
v 0.01301522 0.00535843 -0.00544573
v 0.01320069 0.00554737 -0.00507767
v 0.01337756 0.00570916 -0.00469617
v 0.01354477 0.00584336 -0.00430341
v 0.01370121 0.00594932 -0.00390177
v 0.01384581 0.00602652 -0.00349349
v 0.01397797 0.00608946 -0.00306043
v 0.01343944 0.00446684 -0.00641659
v 0.01365242 0.00472319 -0.00610086
v 0.01386045 0.00495658 -0.00576638
v 0.01406214 0.00516565 -0.00541498
v 0.01425610 0.00534909 -0.00504850
v 0.01444108 0.00550598 -0.00466874
v 0.01461597 0.00563595 -0.00427785
v 0.01477961 0.00573840 -0.00387819
v 0.01493088 0.00581284 -0.00347196
v 0.01506923 0.00587348 -0.00304173
v 0.01326360 0.00647116 -0.00088120
v 0.01329393 0.00648427 -0.00044058
v 0.01444172 0.00629067 -0.00043808
v 0.01255733 0.00286472 -0.00764412
v 0.01353353 0.00307990 -0.00741770
v 0.01376051 0.00340287 -0.00719397
v 0.01398804 0.00370986 -0.00694533
v 0.01421473 0.00399915 -0.00667319
v 0.01443919 0.00426899 -0.00637894
v 0.01465998 0.00451771 -0.00606426
v 0.01487561 0.00474397 -0.00573110
v 0.01508467 0.00494648 -0.00538126
v 0.01528572 0.00512396 -0.00501656
v 0.01547745 0.00527556 -0.00463875
v 0.01565873 0.00540094 -0.00424994
v 0.01582837 0.00549957 -0.00385246
v 0.01598519 0.00557100 -0.00344848
v 0.01612871 0.00562911 -0.00302134
v 0.01402743 0.00222971 -0.00774350
v 0.01425556 0.00256837 -0.00757272
v 0.01448709 0.00289520 -0.00737488
v 0.01472057 0.00320830 -0.00715095
v 0.01495460 0.00350578 -0.00690250
v 0.01518775 0.00378595 -0.00663090
v 0.01541859 0.00404711 -0.00633755
v 0.01564563 0.00428767 -0.00602409
v 0.01586735 0.00450632 -0.00569245
v 0.01608230 0.00470182 -0.00534439
v 0.01628901 0.00487294 -0.00498167
v 0.01648614 0.00501890 -0.00460603
v 0.01667252 0.00513939 -0.00421953
v 0.01684694 0.00523395 -0.00382446
v 0.01700819 0.00530218 -0.00342295
v 0.01715583 0.00535757 -0.00299915
v 0.01331924 0.00077138 -0.00814089
v 0.01429416 0.00100894 -0.00804795
v 0.01450745 0.00136175 -0.00795894
v 0.01472890 0.00170795 -0.00784202
v 0.01495688 0.00204567 -0.00769746
v 0.01518983 0.00237335 -0.00752576
v 0.01542624 0.00268941 -0.00732743
v 0.01566462 0.00299205 -0.00710343
v 0.01590354 0.00327943 -0.00685530
v 0.01614155 0.00354994 -0.00658441
v 0.01637717 0.00380194 -0.00629214
v 0.01660889 0.00403387 -0.00598011
v 0.01683517 0.00424448 -0.00565020
v 0.01705452 0.00443258 -0.00530413
v 0.01726544 0.00459701 -0.00494364
v 0.01746659 0.00473702 -0.00457041
v 0.01765677 0.00485238 -0.00418646
v 0.01783473 0.00494266 -0.00379404
v 0.01799927 0.00500753 -0.00339524
v 0.01814999 0.00506004 -0.00297506
v 0.01314789 0.00641880 -0.00176160
v 0.01321452 0.00644933 -0.00132161
v 0.01435767 0.00625702 -0.00131423
v 0.01440960 0.00627805 -0.00087624
v 0.01552113 0.00605450 -0.00087083
v 0.01555480 0.00606655 -0.00043535
v 0.01663250 0.00581326 -0.00043238
v 0.01306510 0.00637970 -0.00220115
v 0.01428719 0.00622758 -0.00175178
v 0.01539295 0.00600615 -0.00174104
v 0.01546675 0.00603437 -0.00130615
v 0.01654110 0.00578268 -0.00129735
v 0.01659754 0.00580182 -0.00086493
v 0.01763817 0.00552135 -0.00085852
v 0.01767417 0.00553214 -0.00042914
v 0.01867914 0.00522452 -0.00042563
v 0.01911059 0.00473775 -0.00294898
v 0.01895786 0.00468822 -0.00336527
v 0.01879120 0.00462683 -0.00376108
v 0.01861092 0.00454098 -0.00415059
v 0.01841827 0.00443095 -0.00453173
v 0.01821450 0.00429712 -0.00490229
v 0.01800081 0.00413967 -0.00526030
v 0.01777858 0.00395928 -0.00560412
v 0.01754929 0.00375707 -0.00593206
v 0.01731448 0.00353417 -0.00624244
v 0.01707567 0.00329178 -0.00653343
v 0.01683444 0.00303141 -0.00680342
v 0.01659225 0.00275461 -0.00705107
v 0.01635058 0.00246297 -0.00727501
v 0.01611090 0.00215823 -0.00747372
v 0.01587470 0.00184212 -0.00764625
v 0.01564351 0.00151610 -0.00779214
v 0.01541888 0.00118164 -0.00791092
v 0.01520249 0.00084052 -0.00800237
v 0.01499614 0.00049488 -0.00806650
v 0.01479946 0.00013405 -0.00810693
v 0.01461401 -0.00024187 -0.00813989
v 0.01444368 -0.00062052 -0.00816762
v 0.01379089 -0.00052446 -0.00818974
v 0.01394843 -0.00095731 -0.00820295
v 0.02245541 0.00318783 -0.00322056
v 0.02324221 0.00276294 -0.00317719
v 0.02229201 0.00314062 -0.00360147
v 0.02308255 0.00271915 -0.00355346
v 0.02211516 0.00307308 -0.00397630
v 0.02290971 0.00265611 -0.00392370
v 0.02192607 0.00298529 -0.00434315
v 0.02272486 0.00257387 -0.00428607
v 0.02172597 0.00287742 -0.00470004
v 0.02252921 0.00247256 -0.00463864
v 0.02151604 0.00274948 -0.00504519
v 0.02232391 0.00235212 -0.00497969
v 0.02129759 0.00260191 -0.00537717
v 0.02211024 0.00221297 -0.00530785
v 0.02107210 0.00243563 -0.00569449
v 0.02188964 0.00205595 -0.00562167
v 0.02084103 0.00225152 -0.00599566
v 0.02166353 0.00188191 -0.00591973
v 0.02060590 0.00205058 -0.00627905
v 0.02143341 0.00169177 -0.00620046
v 0.02036826 0.00183406 -0.00654319
v 0.02120080 0.00148673 -0.00646242
v 0.02012956 0.00160327 -0.00678681
v 0.02096713 0.00126802 -0.00670437
v 0.01989128 0.00135950 -0.00700864
v 0.02073384 0.00103687 -0.00692506
v 0.01965489 0.00110424 -0.00720723
v 0.02050237 0.00079469 -0.00712305
v 0.01942183 0.00083880 -0.00738174
v 0.02027414 0.00054271 -0.00729757
v 0.01919358 0.00056424 -0.00753188
v 0.02005058 0.00028187 -0.00744834
v 0.01897158 0.00028164 -0.00765731
v 0.01983309 0.00001315 -0.00757509
v 0.01875744 -0.00000767 -0.00775797
v 0.01962322 -0.00026223 -0.00767776
v 0.01855292 -0.00030199 -0.00783397
v 0.01942270 -0.00054268 -0.00775650
v 0.01835717 -0.00061037 -0.00788872
v 0.01923057 -0.00083683 -0.00781467
v 0.01817152 -0.00093312 -0.00793484
v 0.01904808 -0.00114510 -0.00786394
v 0.01800020 -0.00126019 -0.00797377
v 0.01887944 -0.00145802 -0.00790556
v 0.01784498 -0.00159148 -0.00800623
v 0.01872639 -0.00177553 -0.00794029
v 0.01770770 -0.00192624 -0.00803256
v 0.01859074 -0.00209681 -0.00796844
v 0.01758978 -0.00226407 -0.00805227
v 0.02399235 0.00232059 -0.00313012
v 0.02383756 0.00228011 -0.00350128
v 0.02366993 0.00222146 -0.00386646
v 0.02349062 0.00214468 -0.00422388
v 0.02330079 0.00204984 -0.00457166
v 0.02310154 0.00193686 -0.00490816
v 0.02289414 0.00180610 -0.00523204
v 0.02267995 0.00165835 -0.00554194
v 0.02246039 0.00149439 -0.00583647
v 0.02223688 0.00131510 -0.00611414
v 0.02201091 0.00112161 -0.00637353
v 0.02178388 0.00091509 -0.00661343
v 0.02155719 0.00069669 -0.00683264
v 0.02133225 0.00046776 -0.00702973
v 0.02111046 0.00022942 -0.00720397
v 0.02089314 -0.00001748 -0.00735511
v 0.02068167 -0.00027208 -0.00748293
v 0.02047754 -0.00053325 -0.00758740
v 0.02028241 -0.00079952 -0.00766871
v 0.02009525 -0.00107909 -0.00773012
v 0.01991720 -0.00137249 -0.00778241
v 0.01975242 -0.00167085 -0.00782662
v 0.01960260 -0.00197411 -0.00786351
v 0.02163279 0.00359404 -0.00326072
v 0.02146680 0.00354333 -0.00364585
v 0.02128718 0.00347121 -0.00402485
v 0.02109518 0.00337782 -0.00439577
v 0.02089202 0.00326338 -0.00475657
v 0.02067892 0.00312793 -0.00510543
v 0.02045721 0.00297199 -0.00544084
v 0.02022838 0.00279649 -0.00576127
v 0.01999393 0.00260241 -0.00606518
v 0.01975541 0.00239079 -0.00635089
v 0.01951437 0.00216294 -0.00661688
v 0.01927230 0.00192023 -0.00686187
v 0.01903068 0.00166404 -0.00708456
v 0.01879098 0.00139592 -0.00728347
v 0.01855470 0.00111727 -0.00745774
v 0.01832332 0.00082928 -0.00760703
v 0.01809834 0.00053310 -0.00773098
v 0.01788141 0.00023019 -0.00782946
v 0.01767431 -0.00007763 -0.00790259
v 0.01747628 -0.00039984 -0.00795383
v 0.01728877 -0.00073665 -0.00799670
v 0.01711594 -0.00107740 -0.00803286
v 0.01695962 -0.00142200 -0.00806301
v 0.01682162 -0.00176975 -0.00808746
v 0.01670340 -0.00212024 -0.00810578
v 0.02003703 0.00439189 -0.00292083
v 0.01988337 0.00434542 -0.00333292
v 0.01971575 0.00428758 -0.00372547
v 0.01953442 0.00420627 -0.00411179
v 0.01934063 0.00410171 -0.00448983
v 0.01913564 0.00397424 -0.00485744
v 0.01892066 0.00382399 -0.00521269
v 0.01869706 0.00365157 -0.00555400
v 0.01846634 0.00345806 -0.00587972
v 0.01823002 0.00324452 -0.00618821
v 0.01798967 0.00301211 -0.00647769
v 0.01774683 0.00276227 -0.00674659
v 0.01750302 0.00249650 -0.00699356
v 0.01725971 0.00221631 -0.00721728
v 0.01701837 0.00192338 -0.00741622
v 0.01678052 0.00161934 -0.00758948
v 0.01654769 0.00130555 -0.00773662
v 0.01632140 0.00098338 -0.00785721
v 0.01610335 0.00065451 -0.00795107
v 0.01589534 0.00032098 -0.00801823
v 0.01569687 -0.00002751 -0.00806227
v 0.01550946 -0.00039095 -0.00809854
v 0.01533714 -0.00075754 -0.00812909
v 0.01518176 -0.00112717 -0.00815453
v 0.02092870 0.00402368 -0.00289051
v 0.02077521 0.00398031 -0.00329810
v 0.02060781 0.00392604 -0.00368710
v 0.02042670 0.00384932 -0.00406992
v 0.02023312 0.00375033 -0.00444456
v 0.02002832 0.00362934 -0.00480892
v 0.01981353 0.00348644 -0.00516113
v 0.01959010 0.00332219 -0.00549965
v 0.01935953 0.00313761 -0.00582287
v 0.01912333 0.00293370 -0.00612921
v 0.01888307 0.00271157 -0.00641694
v 0.01864030 0.00247259 -0.00668450
v 0.01839651 0.00221821 -0.00693060
v 0.01815321 0.00194986 -0.00715391
v 0.01791187 0.00166916 -0.00735293
v 0.01767398 0.00137762 -0.00752677
v 0.01744108 0.00107653 -0.00767505
v 0.01721467 0.00076715 -0.00779738
v 0.01699643 0.00045103 -0.00789359
v 0.01678817 0.00013012 -0.00796376
v 0.01658924 -0.00020548 -0.00801141
v 0.01640114 -0.00055587 -0.00805100
v 0.01622798 -0.00090981 -0.00808435
v 0.01607160 -0.00126720 -0.00811215
v 0.02178501 0.00363433 -0.00285796
v 0.02260525 0.00322508 -0.00282298
v 0.01646454 0.00575581 -0.00172934
v 0.01750133 0.00547785 -0.00171661
v 0.01758009 0.00550328 -0.00128777
v 0.01858308 0.00519748 -0.00127738
v 0.01864237 0.00521443 -0.00085156
v 0.01960948 0.00488239 -0.00084404
v 0.01964674 0.00489177 -0.00042184
v 0.02057631 0.00453523 -0.00041776
v 0.01850268 0.00517356 -0.00170279
v 0.01946796 0.00484425 -0.00168785
v 0.01954941 0.00486660 -0.00126615
v 0.02047844 0.00451197 -0.00125403
v 0.02053884 0.00452659 -0.00083593
v 0.02142980 0.00414837 -0.00082722
v 0.02146718 0.00415629 -0.00041339
v 0.02231868 0.00375629 -0.00040871
v 0.02351955 0.00282589 -0.00238981
v 0.02363393 0.00284943 -0.00199239
v 0.02373066 0.00286834 -0.00159426
v 0.02338861 0.00279723 -0.00278519
v 0.02413425 0.00235204 -0.00274417
v 0.02470499 0.00186205 -0.00307889
v 0.02455616 0.00182471 -0.00344440
v 0.02439494 0.00177031 -0.00380399
v 0.02422243 0.00169885 -0.00415593
v 0.02403975 0.00161036 -0.00449840
v 0.02384797 0.00150472 -0.00482983
v 0.02364829 0.00138226 -0.00514894
v 0.02344204 0.00124371 -0.00545442
v 0.02323055 0.00108979 -0.00574495
v 0.02301522 0.00092133 -0.00601908
v 0.02279749 0.00073940 -0.00627547
v 0.02257869 0.00054510 -0.00651292
v 0.02236021 0.00033952 -0.00673024
v 0.02214340 0.00012392 -0.00692606
v 0.02192959 -0.00010067 -0.00709966
v 0.02172006 -0.00033348 -0.00725085
v 0.02151612 -0.00057376 -0.00737945
v 0.02131918 -0.00082050 -0.00748547
v 0.02113083 -0.00107234 -0.00756910
v 0.02094997 -0.00133701 -0.00763355
v 0.02077765 -0.00161519 -0.00768867
v 0.02061791 -0.00189860 -0.00773532
v 0.02426115 0.00237818 -0.00235473
v 0.02437196 0.00239954 -0.00196318
v 0.02446563 0.00241665 -0.00157091
v 0.02454084 0.00242970 -0.00117840
v 0.02039653 0.00449123 -0.00167172
v 0.02128774 0.00411581 -0.00165437
v 0.02136951 0.00413494 -0.00124100
v 0.02222199 0.00373683 -0.00122703
v 0.02228169 0.00374909 -0.00081789
v 0.02309385 0.00333012 -0.00080790
v 0.02313015 0.00333663 -0.00040372
v 0.02390089 0.00289869 -0.00039835
v 0.02496331 0.00191457 -0.00231654
v 0.02506976 0.00193388 -0.00193140
v 0.02515969 0.00194930 -0.00154551
v 0.02523186 0.00196101 -0.00115937
v 0.02214097 0.00371929 -0.00163577
v 0.02295553 0.00330301 -0.00161580
v 0.02303518 0.00331899 -0.00121205
v 0.02380837 0.00288282 -0.00119590
v 0.02386556 0.00289285 -0.00079713
v 0.02459614 0.00243869 -0.00078548
v 0.02463024 0.00244391 -0.00039255
v 0.02531751 0.00197368 -0.00038625
v 0.01935092 -0.00557294 -0.00770293
v 0.01762701 -0.00544970 -0.00785985
v 0.01924324 -0.00524443 -0.00778059
v 0.01750831 -0.00510444 -0.00793297
v 0.01916565 -0.00490325 -0.00783238
v 0.01742121 -0.00474342 -0.00797893
v 0.01911725 -0.00455822 -0.00787209
v 0.01736496 -0.00437663 -0.00801391
v 0.01909609 -0.00421764 -0.00790119
v 0.01733766 -0.00401357 -0.00803949
v 0.01822052 -0.00376248 -0.00799451
v 0.01733821 -0.00365437 -0.00805696
v 0.01824902 -0.00341970 -0.00800529
v 0.01736523 -0.00329991 -0.00806703
v 0.01830169 -0.00308230 -0.00800806
v 0.01741714 -0.00295038 -0.00806963
v 0.01837713 -0.00274973 -0.00800280
v 0.01749247 -0.00260527 -0.00806471
v 0.01997161 -0.00433511 -0.00781394
v 0.01998945 -0.00466327 -0.00778320
v 0.02003337 -0.00499617 -0.00774130
v 0.02010532 -0.00532609 -0.00768681
v 0.02020629 -0.00564484 -0.00760713
v 0.01997882 -0.00401180 -0.00783496
v 0.01910110 -0.00388163 -0.00792108
v 0.02000972 -0.00369443 -0.00784706
v 0.01913090 -0.00355121 -0.00793254
v 0.02006285 -0.00338323 -0.00785017
v 0.01918399 -0.00322658 -0.00793548
v 0.02013692 -0.00307753 -0.00784428
v 0.01925901 -0.00290715 -0.00792990
v 0.02023065 -0.00277670 -0.00782939
v 0.02034284 -0.00248005 -0.00780581
v 0.02047239 -0.00218719 -0.00777426
f 1 2 3
f 3 2 4
f 3 4 5
f 5 6 3
f 3 6 7
f 3 7 8
f 8 7 9
f 9 7 10
f 9 10 11
f 11 10 12
f 11 12 13
f 14 13 12
f 15 16 17
f 17 18 15
f 15 18 19
f 15 19 20
f 21 22 23
f 23 22 24
f 25 26 21
f 21 26 27
f 21 27 22
f 28 20 22
f 22 20 29
f 22 29 24
f 28 30 20
f 20 30 31
f 20 31 32
f 32 33 20
f 20 33 34
f 20 34 15
f 35 36 37
f 16 15 37
f 37 15 38
f 37 38 35
f 39 40 35
f 35 40 41
f 35 41 36
f 12 42 14
f 14 42 43
f 14 43 44
f 44 43 45
f 44 45 46
f 46 45 40
f 46 40 47
f 47 40 39
f 48 49 50
f 51 52 53
f 54 55 56
f 57 58 59
f 60 61 62
f 63 64 65
f 66 67 48
f 68 69 70
f 71 72 73
f 73 72 69
f 69 72 74
f 69 74 70
f 75 76 77
f 77 76 78
f 77 78 79
f 79 78 80
f 79 80 81
f 81 80 82
f 83 84 85
f 85 84 86
f 85 86 75
f 87 88 83
f 83 88 89
f 83 89 84
f 90 91 92
f 92 91 93
f 92 93 94
f 94 93 95
f 96 97 98
f 98 97 99
f 98 99 100
f 101 102 103
f 103 102 104
f 103 104 105
f 67 106 48
f 48 106 107
f 48 107 49
f 49 107 108
f 49 108 101
f 61 109 65
f 109 110 65
f 65 110 111
f 65 111 63
f 59 58 62
f 62 58 112
f 62 112 60
f 113 114 115
f 115 114 116
f 115 116 59
f 59 116 117
f 59 117 57
f 56 55 118
f 53 52 56
f 56 52 119
f 56 119 54
f 120 121 53
f 53 121 122
f 53 122 51
f 123 124 120
f 120 124 125
f 120 125 121
f 126 127 128
f 128 127 129
f 129 130 128
f 128 130 131
f 128 131 132
f 133 65 134
f 134 65 64
f 134 64 135
f 55 113 118
f 118 113 115
f 118 115 136
f 136 115 59
f 136 59 137
f 137 59 62
f 133 138 139
f 61 65 62
f 62 65 133
f 62 133 137
f 137 133 139
f 137 139 140
f 141 142 143
f 143 142 144
f 143 144 145
f 73 126 71
f 71 126 128
f 71 128 146
f 146 128 132
f 146 132 147
f 147 132 148
f 141 149 142
f 142 149 150
f 142 150 151
f 151 150 152
f 151 152 132
f 132 152 153
f 132 153 148
f 131 123 132
f 132 123 120
f 132 120 151
f 151 120 53
f 151 53 142
f 142 53 56
f 142 56 144
f 144 56 118
f 140 154 137
f 137 154 155
f 137 155 136
f 136 155 156
f 136 156 118
f 118 156 157
f 118 157 144
f 144 157 158
f 144 158 145
f 75 77 85
f 85 77 159
f 85 159 160
f 160 161 85
f 85 161 91
f 85 91 83
f 83 91 90
f 83 90 87
f 162 163 164
f 164 163 165
f 165 166 164
f 164 166 103
f 164 103 98
f 98 103 105
f 98 105 96
f 167 168 50
f 50 168 135
f 50 135 48
f 48 135 64
f 48 64 66
f 66 64 63
f 165 169 166
f 166 169 170
f 166 170 171
f 101 103 49
f 49 103 166
f 49 166 50
f 50 166 171
f 50 171 167
f 161 172 91
f 91 172 173
f 91 173 93
f 93 173 174
f 93 174 175
f 175 162 93
f 93 162 164
f 93 164 95
f 95 164 98
f 95 98 176
f 176 98 100
f 168 177 135
f 135 177 178
f 135 178 134
f 134 178 179
f 134 179 133
f 133 179 138
f 180 181 182
f 183 184 185
f 186 187 188
f 189 190 191
f 191 190 192
f 193 194 195
f 189 191 196
f 196 191 197
f 196 197 198
f 81 82 199
f 81 199 200
f 200 199 201
f 200 201 193
f 193 201 202
f 193 202 194
f 68 70 203
f 203 70 204
f 203 204 205
f 205 204 206
f 205 206 207
f 208 209 206
f 206 209 210
f 206 210 207
f 211 212 186
f 186 188 211
f 211 188 213
f 211 213 214
f 214 213 215
f 215 213 216
f 215 216 217
f 217 216 218
f 218 216 219
f 218 219 220
f 220 219 221
f 220 221 222
f 222 221 223
f 223 221 224
f 223 224 225
f 225 224 226
f 225 226 227
f 227 226 228
f 228 226 229
f 228 229 230
f 184 183 229
f 229 183 231
f 229 231 230
f 232 233 185
f 185 233 234
f 185 234 183
f 185 235 232
f 232 235 236
f 232 236 237
f 181 180 236
f 236 180 238
f 236 238 237
f 239 240 241
f 241 240 242
f 241 242 243
f 243 242 244
f 243 244 182
f 182 244 245
f 182 245 180
f 246 247 248
f 248 247 249
f 248 249 239
f 239 249 250
f 239 250 240
f 197 251 246
f 246 251 252
f 246 252 247
f 192 253 191
f 191 253 254
f 191 254 197
f 197 254 255
f 197 255 251
f 172 161 256
f 256 161 257
f 161 160 257
f 257 160 159
f 257 159 258
f 258 159 77
f 258 77 200
f 200 77 79
f 200 79 81
f 259 163 162
f 259 162 260
f 171 261 167
f 167 261 262
f 167 262 168
f 168 262 177
f 171 170 261
f 261 170 169
f 261 169 259
f 259 169 165
f 259 165 163
f 162 175 260
f 260 175 174
f 260 174 256
f 256 174 173
f 256 173 172
f 140 139 263
f 263 139 138
f 263 138 264
f 158 157 265
f 265 157 156
f 265 156 266
f 266 156 155
f 266 155 263
f 263 155 154
f 263 154 140
f 267 150 268
f 268 150 149
f 146 147 269
f 269 147 270
f 147 148 270
f 270 148 153
f 270 153 267
f 267 153 152
f 267 152 150
f 70 74 204
f 204 74 72
f 204 72 269
f 269 72 71
f 269 71 146
f 149 141 268
f 268 141 143
f 268 143 265
f 265 143 145
f 265 145 158
f 138 179 264
f 264 179 262
f 262 179 178
f 262 178 177
f 187 271 188
f 188 271 208
f 188 208 213
f 213 208 206
f 213 206 216
f 216 206 204
f 216 204 219
f 219 204 269
f 219 269 221
f 221 269 270
f 221 270 224
f 224 270 267
f 224 267 226
f 226 267 268
f 226 268 229
f 229 268 265
f 229 265 184
f 184 265 266
f 184 266 185
f 185 266 263
f 185 263 235
f 235 263 264
f 235 264 236
f 236 264 262
f 236 262 181
f 181 262 261
f 181 261 182
f 182 261 259
f 182 259 243
f 243 259 260
f 243 260 241
f 241 260 256
f 241 256 239
f 239 256 257
f 239 257 248
f 248 257 258
f 248 258 246
f 246 258 200
f 246 200 197
f 197 200 193
f 197 193 198
f 198 193 195
f 272 273 274
f 275 276 2
f 2 276 277
f 278 279 2
f 2 279 280
f 281 2 282
f 282 2 283
f 284 285 2
f 2 285 286
f 2 286 274
f 287 288 274
f 2 1 289
f 290 291 2
f 2 291 292
f 2 292 278
f 280 293 2
f 2 293 294
f 2 294 295
f 2 296 297
f 297 298 2
f 2 298 299
f 2 299 300
f 281 301 2
f 2 301 302
f 2 302 303
f 273 304 274
f 274 304 305
f 274 305 306
f 300 307 2
f 2 307 308
f 2 308 283
f 303 309 2
f 2 309 310
f 2 310 311
f 311 312 2
f 2 312 313
f 2 313 284
f 314 315 274
f 274 315 316
f 274 316 272
f 306 317 274
f 274 317 318
f 274 318 319
f 289 320 2
f 2 320 321
f 2 321 322
f 322 323 2
f 2 323 324
f 2 324 275
f 325 326 327
f 328 274 329
f 329 274 330
f 277 331 2
f 2 331 332
f 2 332 290
f 295 333 2
f 2 333 334
f 2 334 335
f 335 336 2
f 2 336 337
f 2 337 338
f 338 339 2
f 2 339 340
f 2 340 296
f 314 274 341
f 341 274 342
f 341 342 343
f 326 344 327
f 327 344 345
f 327 345 346
f 347 348 341
f 341 348 327
f 341 327 349
f 349 327 346
f 319 350 274
f 274 350 351
f 274 351 287
f 288 352 274
f 274 352 353
f 274 353 330
f 328 354 274
f 274 354 355
f 274 355 356
f 356 357 274
f 274 357 358
f 274 358 2
f 343 359 341
f 341 359 360
f 341 360 347
f 361 362 363
f 364 365 327
f 327 365 366
f 327 366 325
f 364 327 363
f 363 327 367
f 363 367 361
f 368 369 370
f 370 369 371
f 370 371 372
f 362 373 363
f 363 373 370
f 363 370 374
f 374 370 372
f 304 273 375
f 376 377 378
f 379 380 381
f 382 383 384
f 384 383 385
f 384 385 386
f 386 385 387
f 387 385 388
f 387 388 389
f 389 388 379
f 379 388 390
f 379 390 380
f 391 392 381
f 381 392 393
f 381 393 379
f 394 395 396
f 396 395 397
f 396 397 398
f 398 397 399
f 398 399 391
f 391 399 400
f 391 400 392
f 273 401 375
f 375 401 402
f 375 402 394
f 394 402 403
f 394 403 395
f 404 401 405
f 376 378 406
f 407 408 409
f 409 408 406
f 409 406 410
f 410 406 378
f 407 411 412
f 412 411 413
f 412 413 414
f 414 413 415
f 415 413 416
f 415 416 417
f 417 416 418
f 417 418 419
f 420 421 422
f 422 421 423
f 422 423 424
f 425 426 427
f 427 426 428
f 427 428 429
f 429 428 430
f 429 430 431
f 431 430 432
f 431 432 424
f 367 327 433
f 433 327 348
f 433 348 434
f 359 435 360
f 360 435 434
f 360 434 347
f 347 434 348
f 435 436 434
f 434 436 437
f 434 437 438
f 438 437 439
f 433 425 367
f 367 425 427
f 367 427 361
f 361 427 362
f 362 427 373
f 373 427 429
f 373 429 370
f 370 429 368
f 368 429 431
f 368 431 369
f 424 423 431
f 431 423 371
f 431 371 369
f 364 363 421
f 421 363 374
f 421 374 423
f 423 374 372
f 423 372 371
f 420 419 421
f 421 419 418
f 421 418 364
f 364 418 416
f 364 416 365
f 365 416 366
f 366 416 325
f 325 416 413
f 325 413 326
f 326 413 344
f 344 413 411
f 344 411 345
f 407 409 411
f 411 409 346
f 411 346 345
f 440 341 441
f 441 341 349
f 273 272 401
f 401 272 316
f 401 316 405
f 405 316 315
f 405 315 440
f 440 315 314
f 440 314 341
f 398 318 396
f 396 318 317
f 396 317 394
f 394 317 306
f 394 306 375
f 375 306 305
f 375 305 304
f 287 351 391
f 391 351 350
f 391 350 398
f 398 350 319
f 398 319 318
f 288 442 352
f 352 442 443
f 352 443 353
f 353 443 444
f 353 444 330
f 330 444 445
f 330 445 329
f 329 445 446
f 329 446 328
f 328 446 447
f 328 447 354
f 354 447 355
f 355 447 448
f 355 448 356
f 356 448 357
f 357 448 449
f 357 449 358
f 450 451 449
f 449 451 452
f 449 452 358
f 358 452 453
f 358 453 2
f 450 449 454
f 454 449 448
f 454 448 455
f 382 455 383
f 383 455 448
f 383 448 385
f 385 448 447
f 385 447 388
f 388 447 446
f 388 446 390
f 390 446 445
f 390 445 380
f 380 445 444
f 380 444 381
f 381 444 443
f 381 443 391
f 391 443 442
f 391 442 287
f 287 442 288
f 377 404 378
f 378 404 405
f 378 405 410
f 410 405 440
f 410 440 409
f 409 440 441
f 409 441 346
f 346 441 349
f 456 457 458
f 308 459 283
f 278 292 460
f 1 461 289
f 289 461 320
f 462 323 463
f 463 323 322
f 463 322 464
f 464 322 321
f 464 321 465
f 465 321 320
f 276 275 462
f 462 275 324
f 462 324 323
f 462 466 276
f 276 466 467
f 276 467 277
f 290 332 467
f 467 332 331
f 467 331 277
f 292 291 460
f 460 291 290
f 460 290 468
f 468 290 467
f 293 280 469
f 469 280 279
f 469 279 470
f 295 471 333
f 333 471 472
f 333 472 334
f 334 472 335
f 335 472 473
f 335 473 336
f 474 338 473
f 473 338 337
f 473 337 336
f 297 296 475
f 475 296 340
f 475 340 474
f 474 340 339
f 474 339 338
f 476 477 298
f 308 307 478
f 478 307 300
f 478 300 477
f 477 300 299
f 477 299 298
f 283 459 282
f 282 459 479
f 282 479 281
f 302 301 480
f 480 301 281
f 480 281 481
f 481 281 479
f 482 483 311
f 311 310 482
f 482 310 309
f 482 309 480
f 480 309 303
f 480 303 302
f 285 284 484
f 484 284 313
f 484 313 483
f 483 313 312
f 483 312 311
f 274 485 486
f 439 437 487
f 487 437 436
f 487 436 435
f 274 486 342
f 342 486 487
f 342 487 343
f 343 487 435
f 343 435 359
f 274 286 485
f 485 286 285
f 485 285 488
f 488 285 484
f 488 484 489
f 489 484 483
f 489 483 490
f 490 483 482
f 490 482 491
f 491 482 492
f 492 482 480
f 492 480 493
f 493 480 481
f 493 481 494
f 308 478 459
f 459 478 495
f 459 495 479
f 479 495 496
f 479 496 481
f 481 496 497
f 481 497 494
f 476 498 477
f 477 498 499
f 477 499 478
f 478 499 500
f 478 500 495
f 501 502 503
f 503 502 504
f 503 504 476
f 476 504 505
f 476 505 498
f 506 507 501
f 501 507 508
f 501 508 502
f 509 510 469
f 469 510 511
f 469 511 293
f 293 511 471
f 293 471 294
f 294 471 295
f 509 469 512
f 512 469 470
f 512 470 513
f 513 470 514
f 513 514 515
f 515 514 516
f 515 516 517
f 517 516 518
f 517 518 519
f 519 518 520
f 519 520 521
f 521 520 522
f 521 522 523
f 523 522 458
f 523 458 524
f 524 458 457
f 524 457 525
f 320 461 465
f 465 461 526
f 465 526 527
f 527 528 465
f 465 528 456
f 465 456 464
f 464 456 458
f 464 458 463
f 463 458 522
f 463 522 462
f 462 522 520
f 462 520 466
f 466 520 518
f 466 518 467
f 467 518 516
f 467 516 468
f 468 516 514
f 468 514 460
f 460 514 470
f 460 470 278
f 278 470 279
f 298 297 476
f 476 297 475
f 476 475 503
f 503 475 474
f 503 474 501
f 501 474 473
f 501 473 506
f 506 473 472
f 506 472 529
f 529 472 471
f 529 471 530
f 530 471 511
f 530 511 531
f 531 511 510
f 16 37 532
f 532 37 533
f 37 36 533
f 533 36 41
f 533 41 534
f 94 95 533
f 533 95 176
f 533 176 532
f 532 176 100
f 532 100 99
f 84 89 535
f 535 89 88
f 535 88 534
f 88 87 534
f 534 87 90
f 534 90 533
f 533 90 92
f 533 92 94
f 41 40 534
f 534 40 45
f 534 45 535
f 535 45 43
f 535 43 536
f 536 43 42
f 536 42 12
f 106 67 537
f 537 67 66
f 537 66 63
f 108 21 101
f 101 21 23
f 101 23 24
f 108 107 21
f 21 107 106
f 21 106 25
f 25 106 537
f 25 537 26
f 86 84 538
f 538 84 535
f 538 535 539
f 539 535 536
f 19 18 532
f 532 18 17
f 532 17 16
f 99 97 532
f 532 97 20
f 532 20 19
f 97 96 20
f 20 96 105
f 20 105 29
f 29 105 104
f 29 104 24
f 24 104 102
f 24 102 101
f 190 189 540
f 10 7 541
f 198 195 542
f 543 453 544
f 544 453 452
f 544 452 451
f 6 5 545
f 545 5 4
f 545 4 543
f 543 4 2
f 543 2 453
f 546 547 548
f 536 548 539
f 539 548 547
f 539 547 538
f 538 547 75
f 538 75 86
f 198 542 196
f 194 202 549
f 540 544 550
f 550 544 551
f 10 541 12
f 195 194 542
f 542 194 549
f 542 549 552
f 552 549 546
f 552 546 553
f 553 546 548
f 553 548 541
f 541 548 536
f 541 536 12
f 192 190 554
f 554 190 540
f 554 540 555
f 555 540 550
f 202 201 549
f 549 201 199
f 549 199 546
f 546 199 82
f 82 80 546
f 546 80 78
f 546 78 547
f 547 78 76
f 547 76 75
f 451 450 544
f 544 450 454
f 544 454 551
f 551 454 455
f 551 455 556
f 556 455 382
f 7 6 541
f 541 6 545
f 541 545 553
f 553 545 543
f 553 543 552
f 552 543 544
f 552 544 542
f 542 544 540
f 542 540 196
f 196 540 189
f 210 209 557
f 186 212 558
f 526 461 559
f 559 461 1
f 456 528 560
f 560 528 527
f 560 527 526
f 208 271 561
f 561 271 187
f 561 187 186
f 1 562 559
f 559 562 563
f 559 563 557
f 526 559 560
f 560 559 557
f 560 557 561
f 561 557 209
f 561 209 208
f 127 126 564
f 564 126 562
f 562 126 73
f 562 73 69
f 565 525 457
f 186 558 561
f 561 558 565
f 561 565 560
f 560 565 457
f 560 457 456
f 566 130 564
f 564 130 129
f 564 129 127
f 69 68 562
f 562 68 203
f 562 203 563
f 563 203 205
f 563 205 557
f 557 205 207
f 557 207 210
f 1 3 562
f 562 3 8
f 562 8 564
f 564 8 9
f 564 9 566
f 566 9 11
f 566 11 13
f 567 566 13
f 27 26 537
f 33 32 568
f 568 32 31
f 568 31 569
f 117 116 568
f 568 116 570
f 568 570 33
f 33 570 34
f 60 112 569
f 569 112 58
f 569 58 568
f 568 58 57
f 568 57 117
f 31 30 569
f 569 30 28
f 569 28 571
f 571 28 22
f 571 22 27
f 572 47 39
f 572 39 573
f 13 14 567
f 567 14 44
f 567 44 572
f 572 44 46
f 572 46 47
f 130 566 131
f 131 566 567
f 131 567 123
f 123 567 124
f 51 572 52
f 52 572 573
f 52 573 119
f 119 573 54
f 51 122 572
f 572 122 121
f 572 121 567
f 567 121 125
f 567 125 124
f 39 35 573
f 573 35 38
f 573 38 570
f 570 38 15
f 570 15 34
f 27 537 571
f 571 537 63
f 571 63 111
f 111 110 571
f 571 110 109
f 571 109 569
f 569 109 61
f 569 61 60
f 116 114 570
f 570 114 113
f 570 113 573
f 573 113 55
f 573 55 54
f 574 525 575
f 575 525 565
f 212 576 558
f 558 576 577
f 558 577 565
f 565 577 578
f 565 578 575
f 579 580 218
f 218 580 581
f 218 581 217
f 217 581 582
f 217 582 215
f 215 582 583
f 215 583 214
f 214 583 584
f 214 584 211
f 211 584 576
f 211 576 212
f 585 586 223
f 223 586 587
f 223 587 222
f 222 587 579
f 222 579 220
f 220 579 218
f 238 180 588
f 588 180 245
f 588 245 589
f 223 225 585
f 585 225 227
f 585 227 590
f 590 227 228
f 590 228 591
f 591 228 230
f 591 230 592
f 592 230 231
f 592 231 593
f 593 231 183
f 593 183 594
f 594 183 234
f 594 234 595
f 595 234 233
f 595 233 596
f 596 233 232
f 596 232 597
f 597 232 237
f 597 237 598
f 598 237 238
f 598 238 599
f 599 238 588
f 240 600 242
f 242 600 589
f 242 589 244
f 244 589 245
f 601 602 249
f 249 602 603
f 249 603 250
f 250 603 604
f 250 604 240
f 240 604 605
f 240 605 600
f 249 247 601
f 601 247 252
f 601 252 606
f 606 252 251
f 606 251 607
f 607 251 255
f 607 255 608
f 608 255 609
f 192 610 253
f 253 610 609
f 253 609 254
f 254 609 255
f 382 611 612
f 610 192 554
f 610 554 613
f 613 554 555
f 613 555 614
f 614 555 550
f 614 550 615
f 615 550 551
f 615 551 612
f 612 551 556
f 612 556 382
f 616 617 407
f 618 619 402
f 620 621 622
f 622 400 620
f 620 400 399
f 620 399 623
f 399 397 623
f 623 397 395
f 623 395 619
f 619 395 403
f 619 403 402
f 402 401 618
f 618 401 404
f 618 404 624
f 404 377 624
f 624 377 376
f 624 376 625
f 625 376 406
f 625 406 617
f 617 406 408
f 617 408 407
f 407 412 616
f 616 412 414
f 616 414 626
f 626 414 415
f 626 415 627
f 627 415 628
f 628 415 417
f 628 417 419
f 419 420 628
f 628 420 422
f 628 422 629
f 422 424 629
f 629 424 432
f 629 432 630
f 630 432 430
f 630 430 631
f 434 632 633
f 430 428 631
f 631 428 426
f 631 426 634
f 634 426 425
f 634 425 633
f 633 425 433
f 633 433 434
f 434 438 632
f 632 438 439
f 632 439 635
f 636 379 637
f 637 379 393
f 637 393 622
f 622 393 392
f 622 392 400
f 382 384 611
f 611 384 386
f 611 386 638
f 638 386 387
f 638 387 636
f 636 387 389
f 636 389 379
f 635 439 639
f 639 439 487
f 639 487 640
f 640 487 486
f 491 492 641
f 641 492 642
f 486 485 640
f 640 485 488
f 640 488 643
f 643 488 489
f 643 489 641
f 641 489 490
f 641 490 491
f 494 497 644
f 644 497 645
f 642 492 644
f 644 492 493
f 644 493 494
f 645 497 646
f 646 497 496
f 646 496 495
f 495 500 646
f 646 500 499
f 646 499 647
f 647 499 498
f 647 498 648
f 498 505 648
f 648 505 504
f 648 504 649
f 649 504 502
f 649 502 650
f 502 508 650
f 650 508 507
f 650 507 651
f 651 507 506
f 651 506 652
f 652 506 529
f 529 530 652
f 652 530 531
f 652 531 510
f 512 653 509
f 509 653 654
f 509 654 510
f 510 654 655
f 510 655 652
f 521 656 519
f 519 656 657
f 519 657 517
f 517 657 658
f 517 658 515
f 515 658 653
f 515 653 513
f 513 653 512
f 525 574 524
f 524 574 656
f 524 656 523
f 523 656 521
f 581 580 578
f 600 605 609
f 597 598 611
f 613 614 589
f 579 574 580
f 580 574 575
f 580 575 578
f 579 587 574
f 574 587 586
f 574 586 585
f 574 595 596
f 614 615 589
f 589 615 612
f 589 612 611
f 621 654 622
f 622 654 653
f 622 653 637
f 637 653 658
f 637 658 636
f 585 590 574
f 574 590 591
f 574 591 592
f 598 599 611
f 611 599 588
f 611 588 589
f 605 604 609
f 609 604 603
f 609 603 602
f 602 601 609
f 609 601 606
f 609 606 608
f 608 606 607
f 600 609 589
f 589 609 610
f 589 610 613
f 576 584 577
f 577 584 583
f 577 583 578
f 578 583 582
f 578 582 581
f 592 593 574
f 574 593 594
f 574 594 595
f 658 657 636
f 636 657 656
f 636 656 638
f 638 656 574
f 638 574 611
f 611 574 596
f 611 596 597
f 655 654 634
f 621 620 654
f 654 620 623
f 654 623 619
f 619 618 654
f 654 618 624
f 654 624 625
f 633 651 634
f 634 651 652
f 634 652 655
f 633 632 651
f 651 632 635
f 651 635 650
f 650 635 649
f 625 617 654
f 654 617 616
f 654 616 626
f 649 635 648
f 648 635 639
f 648 639 647
f 647 639 640
f 647 640 646
f 626 627 654
f 654 627 628
f 654 628 629
f 629 630 654
f 654 630 631
f 654 631 634
f 641 642 643
f 643 642 644
f 643 644 640
f 640 644 645
f 640 645 646
f 659 660 661
f 662 659 663
f 663 659 661
f 664 660 662
f 662 660 659
f 661 660 663
f 663 660 664
f 663 664 662
f 665 666 667
f 667 668 665
f 665 668 669
f 669 670 665
f 665 670 666
f 666 670 667
f 667 670 668
f 668 670 669
f 671 672 673
f 673 672 674
f 673 674 675
f 675 674 676
f 675 676 677
f 678 679 680
f 680 679 681
f 680 681 682
f 682 683 680
f 680 683 684
f 680 684 685
f 686 687 688
f 689 688 690
f 690 688 691
f 673 692 671
f 671 692 693
f 671 693 694
f 694 693 695
f 694 695 696
f 696 695 688
f 688 695 697
f 688 697 686
f 687 698 688
f 688 698 699
f 688 699 691
f 685 700 680
f 680 700 701
f 680 701 702
f 702 701 688
f 702 688 703
f 703 688 689
f 704 705 706
f 705 707 706
f 706 707 708
f 706 708 709
f 709 710 706
f 706 710 711
f 706 711 712
f 712 713 706
f 706 713 714
f 706 714 715
f 716 717 718
f 717 719 718
f 718 719 720
f 718 720 721
f 721 722 718
f 718 722 723
f 718 723 724
f 716 718 725
f 725 718 726
f 725 726 727
f 715 728 706
f 706 728 725
f 706 725 729
f 729 725 727
f 730 731 732
f 732 731 733
f 732 733 706
f 706 733 734
f 706 734 704
f 731 735 733
f 733 735 736
f 733 736 737
f 737 738 733
f 733 738 739
f 733 739 740
f 740 741 733
f 733 741 742
f 733 742 743
f 744 745 746
f 746 745 747
f 747 748 746
f 746 748 749
f 746 749 750
f 750 751 746
f 746 751 752
f 746 752 753
f 754 746 755
f 743 756 733
f 733 756 757
f 733 757 755
f 755 757 758
f 755 758 754
f 753 759 746
f 746 759 760
f 746 760 755
f 755 760 761
f 755 761 733
f 744 746 762
f 762 746 763
f 762 763 764
f 764 765 762
f 762 765 766
f 762 766 767
f 767 768 762
f 762 768 769
f 762 769 770
f 771 772 773
f 772 774 773
f 773 774 775
f 773 775 776
f 776 777 773
f 773 777 778
f 773 778 779
f 770 780 762
f 762 780 781
f 762 781 779
f 779 781 782
f 779 782 773
f 771 773 783
f 783 773 784
f 783 784 785
f 785 786 783
f 783 786 787
f 783 787 788
f 789 790 791
f 791 790 792
f 789 793 790
f 790 793 794
f 790 794 795
f 796 797 795
f 795 797 790
f 788 798 783
f 783 798 799
f 783 799 800
f 800 799 801
f 800 801 795
f 795 801 802
f 795 802 796
f 803 804 805
f 805 804 806
f 678 807 679
f 679 807 804
f 679 804 808
f 808 804 803
f 806 804 809
f 809 804 810
f 809 810 790
f 790 810 811
f 790 811 792
f 812 813 814
f 815 816 817
f 818 819 820
f 821 822 823
f 824 825 826
f 827 828 829
f 830 813 831
f 832 833 834
f 834 833 835
f 836 813 837
f 838 839 840
f 841 842 843
f 788 787 844
f 844 787 786
f 764 763 845
f 743 742 846
f 739 738 847
f 730 732 848
f 726 718 849
f 849 718 724
f 850 727 726
f 729 851 706
f 706 851 732
f 736 735 848
f 848 735 731
f 848 731 730
f 742 741 846
f 846 741 740
f 846 740 852
f 746 754 853
f 853 754 758
f 758 757 853
f 853 757 756
f 853 756 854
f 845 763 855
f 766 765 856
f 769 768 857
f 857 768 767
f 857 767 766
f 766 856 857
f 857 856 858
f 857 858 769
f 782 781 859
f 859 781 780
f 859 780 770
f 773 860 784
f 784 860 785
f 802 801 861
f 861 801 799
f 798 788 862
f 862 788 844
f 862 844 860
f 860 844 786
f 860 786 785
f 790 797 825
f 825 797 826
f 826 797 796
f 803 805 863
f 863 805 806
f 864 679 863
f 863 679 808
f 863 808 803
f 865 683 866
f 866 683 682
f 866 682 864
f 864 682 681
f 864 681 679
f 700 685 865
f 865 685 684
f 865 684 683
f 867 694 696
f 868 674 869
f 869 674 672
f 869 672 671
f 870 871 676
f 676 871 677
f 872 873 874
f 874 873 875
f 874 875 870
f 870 875 876
f 870 876 871
f 877 878 879
f 879 878 880
f 879 880 872
f 872 880 881
f 872 881 873
f 882 883 877
f 877 883 884
f 877 884 878
f 885 886 887
f 887 886 888
f 887 888 882
f 882 888 889
f 882 889 883
f 890 891 885
f 885 891 892
f 885 892 886
f 893 894 895
f 895 894 896
f 897 898 899
f 899 898 900
f 899 900 901
f 901 900 902
f 901 902 903
f 903 902 904
f 904 902 905
f 904 905 906
f 907 908 909
f 909 908 910
f 911 912 910
f 910 912 913
f 910 913 909
f 914 915 911
f 911 915 916
f 911 916 912
f 917 918 919
f 918 917 920
f 920 917 921
f 920 921 922
f 922 921 923
f 923 921 924
f 923 924 925
f 926 927 928
f 928 927 929
f 928 929 930
f 930 929 931
f 931 929 932
f 931 932 933
f 933 932 934
f 934 932 935
f 934 935 936
f 937 938 939
f 939 938 940
f 939 940 941
f 941 940 942
f 942 940 943
f 942 943 944
f 944 943 945
f 945 943 946
f 945 946 947
f 948 949 950
f 950 949 951
f 950 951 952
f 952 951 953
f 953 951 954
f 954 951 955
f 954 955 956
f 956 955 957
f 957 955 958
f 957 958 959
f 960 961 962
f 961 960 963
f 963 960 964
f 963 964 965
f 965 964 966
f 966 964 967
f 966 967 968
f 968 967 969
f 969 967 970
f 969 970 971
f 971 970 972
f 972 970 973
f 972 973 974
f 974 973 975
f 975 973 976
f 975 976 977
f 978 979 980
f 979 978 981
f 981 978 982
f 981 982 983
f 983 982 984
f 984 982 985
f 984 985 986
f 986 985 987
f 987 985 988
f 987 988 989
f 989 988 990
f 990 988 991
f 990 991 992
f 992 991 993
f 992 993 994
f 994 993 995
f 995 993 996
f 995 996 997
f 997 996 998
f 998 996 999
f 998 999 1000
f 1001 1002 1003
f 1004 1002 1005
f 1004 1006 1007
f 1007 1006 1008
f 1008 1009 1010
f 1010 1009 1011
f 1012 1013 1014
f 1014 1013 1015
f 1014 1015 1016
f 1017 1018 1019
f 1019 1018 1009
f 1019 1009 1006
f 1006 1009 1008
f 1004 1005 1006
f 1006 1005 1020
f 1006 1020 1019
f 1019 1020 1021
f 1019 1021 1017
f 1022 1023 1024
f 1024 1023 1025
f 1024 1025 1026
f 1026 1025 1011
f 1027 1028 1029
f 1027 1029 1022
f 1030 1028 1031
f 1022 1024 1027
f 1027 1024 1032
f 1027 1032 1033
f 1033 1032 1034
f 1033 1034 1035
f 1035 1034 1036
f 1035 1036 1037
f 1038 1037 1039
f 1039 1037 1036
f 1039 1036 1040
f 1040 1036 1034
f 1040 1034 1041
f 1041 1034 1032
f 1041 1032 1017
f 1017 1032 1024
f 1017 1024 1018
f 1018 1024 1026
f 1018 1026 1009
f 1009 1026 1011
f 1042 1016 1043
f 1043 1016 1015
f 1043 1015 1044
f 1044 1015 1013
f 1044 1013 1045
f 1045 1013 1046
f 1045 1046 1047
f 1047 1046 1048
f 1047 1048 1049
f 1049 1048 1050
f 1049 1050 1051
f 1051 1050 1052
f 1051 1052 1053
f 1053 1052 1054
f 1053 1054 1055
f 1055 1054 1056
f 1055 1056 1057
f 1057 1056 1058
f 1057 1058 1059
f 1060 1061 1062
f 1062 1061 1063
f 1062 1063 1064
f 1064 1063 1065
f 1064 1065 1066
f 1066 1065 1067
f 1066 1067 1068
f 1068 1067 1069
f 1068 1069 1070
f 1070 1069 1071
f 1070 1071 1072
f 1072 1071 1073
f 1072 1073 841
f 841 1073 1074
f 841 1074 842
f 1061 1075 1063
f 1063 1075 1076
f 1063 1076 1065
f 1065 1076 1077
f 1065 1077 1067
f 1067 1077 1078
f 1067 1078 1069
f 1069 1078 1079
f 1069 1079 1071
f 1071 1079 1080
f 1071 1080 1073
f 1073 1080 1081
f 1073 1081 1074
f 1002 1001 1005
f 1005 1001 1082
f 1005 1082 1020
f 1020 1082 1083
f 1020 1083 1021
f 1021 1083 1084
f 1021 1084 1017
f 1017 1084 1085
f 1017 1085 1041
f 1041 1085 1086
f 1041 1086 1040
f 1040 1086 1087
f 1040 1087 1039
f 1039 1087 1088
f 1039 1088 1038
f 1038 1088 1089
f 1038 1089 1090
f 1090 1089 1091
f 1090 1091 1092
f 1028 1027 1031
f 1031 1027 1033
f 1031 1033 1093
f 1093 1033 1035
f 1093 1035 1094
f 1094 1035 1037
f 1094 1037 1095
f 1095 1037 1038
f 1095 1038 1096
f 1096 1038 1090
f 1096 1090 838
f 838 1090 1092
f 838 1092 839
f 1097 1030 1098
f 1099 1100 1101
f 1101 1100 1102
f 1101 1102 1098
f 1098 1102 1097
f 1099 1101 1103
f 1099 1103 1104
f 1104 1103 1105
f 1104 1105 1106
f 1107 1108 1109
f 1107 1109 1110
f 1111 1107 1112
f 1112 1107 1110
f 1112 1110 1113
f 1113 1110 1114
f 1113 1114 1115
f 1109 1116 1110
f 1110 1116 1117
f 1110 1117 1114
f 1114 1117 1118
f 1114 1118 1115
f 1119 1120 1121
f 1121 1120 1122
f 1122 1120 1106
f 1106 1120 1123
f 1106 1123 1104
f 1124 1125 1119
f 1126 1127 1128
f 1129 1130 1131
f 1131 1130 813
f 837 813 1130
f 1132 1121 1133
f 1133 1121 1122
f 1133 1122 1134
f 1134 1122 1106
f 1134 1106 1115
f 1115 1106 1105
f 1115 1105 1113
f 1113 1105 1103
f 1113 1103 1112
f 1112 1103 1101
f 1112 1101 1111
f 1111 1101 1098
f 1108 1135 1109
f 1109 1135 1136
f 1109 1136 1116
f 1116 1136 1137
f 1116 1137 1117
f 1117 1137 1138
f 1117 1138 1118
f 1118 1138 1139
f 1118 1139 1115
f 1115 1139 1140
f 1115 1140 1134
f 1134 1140 1141
f 1134 1141 1133
f 1133 1141 1142
f 1133 1142 1132
f 1132 1142 1143
f 1132 1143 1144
f 1119 1121 1124
f 1124 1121 1132
f 1124 1132 1145
f 1145 1132 1144
f 1145 1144 1146
f 1147 1146 1148
f 1148 1146 1144
f 1148 1144 1149
f 1149 1144 1143
f 1149 1143 1150
f 1150 1143 1142
f 1150 1142 1151
f 1151 1142 1141
f 1151 1141 1152
f 1152 1141 1140
f 1152 1140 1153
f 1153 1140 1139
f 1153 1139 1154
f 1154 1139 1138
f 1154 1138 1155
f 1155 1138 1137
f 1155 1137 840
f 840 1137 1136
f 840 1136 838
f 838 1136 1135
f 838 1135 1096
f 1096 1135 1108
f 1096 1108 1095
f 1095 1108 1107
f 1095 1107 1094
f 1094 1107 1111
f 1094 1111 1093
f 1093 1111 1098
f 1093 1098 1031
f 1031 1098 1030
f 1156 836 1157
f 1157 836 837
f 1157 837 1158
f 1158 837 1130
f 1158 1130 1126
f 1126 1130 1129
f 1126 1129 1127
f 1001 1042 1082
f 1082 1042 1043
f 1082 1043 1083
f 1083 1043 1044
f 1083 1044 1084
f 1084 1044 1045
f 1084 1045 1085
f 1085 1045 1047
f 1085 1047 1086
f 1086 1047 1049
f 1086 1049 1087
f 1087 1049 1051
f 1087 1051 1088
f 1088 1051 1053
f 1088 1053 1089
f 1089 1053 1055
f 1089 1055 1091
f 1091 1055 1057
f 1091 1057 1092
f 1092 1057 1059
f 1092 1059 839
f 839 1059 1159
f 839 1159 840
f 840 1159 1160
f 840 1160 1155
f 1155 1160 1161
f 1155 1161 1154
f 1154 1161 1162
f 1154 1162 1153
f 1153 1162 1163
f 1153 1163 1152
f 1152 1163 1164
f 1152 1164 1151
f 1151 1164 1165
f 1151 1165 1150
f 1150 1165 1166
f 1150 1166 1149
f 1149 1166 1167
f 1149 1167 1148
f 1148 1167 1168
f 1148 1168 1147
f 1147 1168 1169
f 1147 1169 1170
f 1170 1156 1147
f 1147 1156 1157
f 1147 1157 1146
f 1146 1157 1158
f 1146 1158 1145
f 1145 1158 1126
f 1145 1126 1124
f 1124 1126 1128
f 1124 1128 1125
f 1170 1171 1156
f 1156 1171 831
f 1156 831 836
f 836 831 813
f 1172 1173 1174
f 1174 1173 1175
f 1174 1175 1176
f 1176 1175 1177
f 1176 1177 1178
f 1178 1177 1179
f 1178 1179 1180
f 1180 1179 1181
f 1180 1181 1182
f 1182 1181 1183
f 1182 1183 1184
f 1184 1183 1185
f 1184 1185 1186
f 1187 1188 1189
f 1189 1188 1190
f 1189 1190 1191
f 1191 1190 1192
f 1191 1192 1193
f 1193 1192 1194
f 1193 1194 1195
f 1195 1194 1196
f 1195 1196 1197
f 1197 1196 1198
f 1197 1198 1199
f 1199 1198 1200
f 1199 1200 1201
f 1202 1203 1204
f 1204 1203 1205
f 1204 1205 1206
f 1206 1205 1207
f 1206 1207 1208
f 1208 1207 1209
f 1208 1209 1210
f 1210 1209 1211
f 1210 1211 1212
f 1212 1211 1213
f 1212 1213 1214
f 1214 1213 1215
f 1214 1215 1216
f 1217 1218 1219
f 1219 1218 1220
f 1219 1220 1221
f 1221 1220 1222
f 1221 1222 1223
f 1223 1222 1224
f 1223 1224 1225
f 1225 1224 1226
f 1225 1226 1227
f 1227 1226 1228
f 1227 1228 1229
f 1229 1228 1230
f 1229 1230 1231
f 1232 835 1233
f 1233 835 833
f 1233 833 1234
f 1234 833 832
f 1234 832 1235
f 1236 1237 1238
f 1238 1237 1239
f 1238 1239 1240
f 1240 1239 1241
f 1240 1241 1242
f 1242 1241 1243
f 1242 1243 1244
f 1244 1243 1245
f 1244 1245 1246
f 1247 1248 1249
f 1249 1248 1250
f 1249 1250 1251
f 1251 1250 1252
f 1251 1252 1253
f 1253 1252 1254
f 1253 1254 1255
f 1255 1254 1256
f 1255 1256 1257
f 1257 1256 1258
f 1257 1258 1259
f 1260 1236 1261
f 1261 1236 1238
f 1261 1238 1262
f 1262 1238 1240
f 1262 1240 1263
f 1263 1240 1242
f 1263 1242 1264
f 1264 1242 1244
f 1264 1244 1265
f 1265 1244 1246
f 1265 1246 1266
f 1267 1247 1268
f 1268 1247 1249
f 1268 1249 1269
f 1269 1249 1251
f 1269 1251 1270
f 1270 1251 1253
f 1270 1253 1271
f 1271 1253 1255
f 1271 1255 1272
f 1272 1255 1257
f 1272 1257 1273
f 1273 1257 1259
f 1273 1259 1274
f 1075 1172 1076
f 1076 1172 1174
f 1076 1174 1077
f 1077 1174 1176
f 1077 1176 1078
f 1078 1176 1178
f 1078 1178 1079
f 1079 1178 1180
f 1079 1180 1080
f 1080 1180 1182
f 1080 1182 1081
f 1081 1182 1184
f 1081 1184 1074
f 1074 1184 1186
f 1074 1186 842
f 842 1186 1275
f 842 1275 843
f 843 1275 1276
f 843 1276 1277
f 1277 1276 1278
f 1277 1278 1279
f 1279 1278 1280
f 1279 1280 1281
f 1281 1280 1282
f 1281 1282 1283
f 1283 1282 1284
f 1283 1284 1285
f 1285 1284 1286
f 1285 1286 1287
f 1287 1286 1288
f 1287 1288 1289
f 1289 1288 1290
f 1289 1290 1291
f 1291 1290 1292
f 1291 1292 1293
f 1293 1292 1294
f 1293 1294 1295
f 1295 1294 1296
f 1295 1296 1297
f 1297 1296 1298
f 1297 1298 1299
f 1299 1298 1300
f 1299 1300 1301
f 1301 1300 1302
f 1301 1302 1303
f 1304 1305 1306
f 1306 1305 1307
f 1306 1307 1308
f 1308 1307 1309
f 1308 1309 1310
f 1310 1309 1311
f 1310 1311 1312
f 1312 1311 1313
f 1312 1313 1314
f 1314 1313 1315
f 1314 1315 1316
f 1316 1315 1317
f 1316 1317 1318
f 1318 1317 1319
f 1318 1319 1320
f 1320 1319 1321
f 1320 1321 1322
f 1322 1321 1323
f 1322 1323 1324
f 1324 1323 1325
f 1324 1325 1326
f 1326 1325 1327
f 1326 1327 1328
f 1328 1327 1329
f 1328 1329 1330
f 1330 1329 1331
f 1330 1331 1332
f 1332 1331 1333
f 1332 1333 1216
f 1216 1333 1201
f 1216 1201 1214
f 1214 1201 1200
f 1214 1200 1212
f 1212 1200 1198
f 1212 1198 1210
f 1210 1198 1196
f 1210 1196 1208
f 1208 1196 1194
f 1208 1194 1206
f 1206 1194 1192
f 1206 1192 1204
f 1204 1192 1190
f 1204 1190 1202
f 1202 1190 1188
f 1173 1187 1175
f 1175 1187 1189
f 1175 1189 1177
f 1177 1189 1191
f 1177 1191 1179
f 1179 1191 1193
f 1179 1193 1181
f 1181 1193 1195
f 1181 1195 1183
f 1183 1195 1197
f 1183 1197 1185
f 1185 1197 1199
f 1185 1199 1186
f 1186 1199 1201
f 1186 1201 1275
f 1275 1201 1333
f 1275 1333 1276
f 1276 1333 1331
f 1276 1331 1278
f 1278 1331 1329
f 1278 1329 1280
f 1280 1329 1327
f 1280 1327 1282
f 1282 1327 1325
f 1282 1325 1284
f 1284 1325 1323
f 1284 1323 1286
f 1286 1323 1321
f 1286 1321 1288
f 1288 1321 1319
f 1288 1319 1290
f 1290 1319 1317
f 1290 1317 1292
f 1292 1317 1315
f 1292 1315 1294
f 1294 1315 1313
f 1294 1313 1296
f 1296 1313 1311
f 1296 1311 1298
f 1298 1311 1309
f 1298 1309 1300
f 1300 1309 1307
f 1300 1307 1302
f 1302 1307 1305
f 1302 1305 1303
f 1303 1305 1304
f 1303 1304 1334
f 1335 1336 1337
f 1337 1336 1338
f 1337 1338 1339
f 1339 1338 1340
f 1339 1340 1341
f 1341 1340 1342
f 1341 1342 1343
f 1343 1342 1344
f 1343 1344 1345
f 1345 1344 1346
f 1345 1346 1347
f 1347 1346 1348
f 1347 1348 1349
f 1349 1348 1350
f 1349 1350 1351
f 1351 1350 1352
f 1351 1352 1353
f 1353 1352 1354
f 1353 1354 1355
f 1355 1354 1356
f 1355 1356 1357
f 1357 1356 1358
f 1357 1358 1359
f 1359 1358 1360
f 1359 1360 1361
f 1361 1360 1362
f 1361 1362 1363
f 1363 1362 1364
f 1363 1364 1274
f 1274 1364 1231
f 1274 1231 1273
f 1273 1231 1230
f 1273 1230 1272
f 1272 1230 1228
f 1272 1228 1271
f 1271 1228 1226
f 1271 1226 1270
f 1270 1226 1224
f 1270 1224 1269
f 1269 1224 1222
f 1269 1222 1268
f 1268 1222 1220
f 1268 1220 1267
f 1267 1220 1218
f 1012 1365 1013
f 1013 1365 1060
f 1013 1060 1046
f 1046 1060 1062
f 1046 1062 1048
f 1048 1062 1064
f 1048 1064 1050
f 1050 1064 1066
f 1050 1066 1052
f 1052 1066 1068
f 1052 1068 1054
f 1054 1068 1070
f 1054 1070 1056
f 1056 1070 1072
f 1056 1072 1058
f 1058 1072 841
f 1058 841 1059
f 1059 841 843
f 1059 843 1159
f 1159 843 1277
f 1159 1277 1160
f 1160 1277 1279
f 1160 1279 1161
f 1161 1279 1281
f 1161 1281 1162
f 1162 1281 1283
f 1162 1283 1163
f 1163 1283 1285
f 1163 1285 1164
f 1164 1285 1287
f 1164 1287 1165
f 1165 1287 1289
f 1165 1289 1166
f 1166 1289 1291
f 1166 1291 1167
f 1167 1291 1293
f 1167 1293 1168
f 1168 1293 1295
f 1168 1295 1169
f 1169 1295 1297
f 1169 1297 1170
f 1170 1297 1299
f 1170 1299 1171
f 1171 1299 1301
f 1171 1301 831
f 831 1301 1303
f 831 1303 830
f 830 1303 1334
f 830 1334 1366
f 1366 1334 1367
f 1368 1335 1369
f 1369 1335 1337
f 1369 1337 1370
f 1370 1337 1339
f 1370 1339 1371
f 1371 1339 1341
f 1371 1341 1372
f 1372 1341 1343
f 1372 1343 1373
f 1373 1343 1345
f 1373 1345 1374
f 1374 1345 1347
f 1374 1347 1375
f 1375 1347 1349
f 1375 1349 1376
f 1376 1349 1351
f 1376 1351 1377
f 1377 1351 1353
f 1377 1353 1378
f 1378 1353 1355
f 1378 1355 1379
f 1379 1355 1357
f 1379 1357 1380
f 1380 1357 1359
f 1380 1359 1381
f 1381 1359 1361
f 1381 1361 1382
f 1382 1361 1363
f 1382 1363 1383
f 1383 1363 1274
f 1383 1274 1266
f 1266 1274 1259
f 1266 1259 1265
f 1265 1259 1258
f 1265 1258 1264
f 1264 1258 1256
f 1264 1256 1263
f 1263 1256 1254
f 1263 1254 1262
f 1262 1254 1252
f 1262 1252 1261
f 1261 1252 1250
f 1261 1250 1260
f 1260 1250 1248
f 1245 1384 1246
f 1246 1384 1385
f 1246 1385 1266
f 1266 1385 1386
f 1266 1386 1383
f 1383 1386 1387
f 1383 1387 1382
f 1382 1387 1388
f 1382 1388 1381
f 1381 1388 1389
f 1381 1389 1380
f 1380 1389 1390
f 1380 1390 1379
f 1379 1390 1391
f 1379 1391 1378
f 1378 1391 1392
f 1378 1392 1377
f 1377 1392 1393
f 1377 1393 1376
f 1376 1393 1394
f 1376 1394 1375
f 1375 1394 1395
f 1375 1395 1374
f 1374 1395 1396
f 1374 1396 1373
f 1373 1396 1397
f 1373 1397 1372
f 1372 1397 1398
f 1372 1398 1371
f 1371 1398 1399
f 1371 1399 1370
f 1370 1399 1400
f 1370 1400 1369
f 1369 1400 1401
f 1369 1401 1368
f 1237 1402 1239
f 1239 1402 1403
f 1239 1403 1241
f 1241 1403 1404
f 1241 1404 1243
f 1243 1404 1405
f 1243 1405 1245
f 1245 1405 1406
f 1245 1406 1384
f 1384 1406 1407
f 1384 1407 1385
f 1385 1407 1408
f 1385 1408 1386
f 1386 1408 1409
f 1386 1409 1387
f 1387 1409 1410
f 1387 1410 1388
f 1388 1410 1411
f 1388 1411 1389
f 1389 1411 1412
f 1389 1412 1390
f 1390 1412 1413
f 1390 1413 1391
f 1391 1413 1414
f 1391 1414 1392
f 1392 1414 1415
f 1392 1415 1393
f 1393 1415 1416
f 1393 1416 1394
f 1394 1416 1417
f 1394 1417 1395
f 1395 1417 1418
f 1395 1418 1396
f 1396 1418 1419
f 1396 1419 1397
f 1397 1419 1420
f 1397 1420 1398
f 1398 1420 1421
f 1398 1421 1399
f 1399 1421 1422
f 1399 1422 1400
f 1400 1422 1423
f 1400 1423 1401
f 1424 828 1425
f 1425 828 827
f 1425 827 1426
f 863 829 864
f 864 829 828
f 864 828 866
f 866 828 1424
f 866 1424 865
f 865 1424 701
f 865 701 700
f 1427 1426 1428
f 1428 1426 827
f 1428 827 1429
f 1429 827 829
f 1429 829 1430
f 1430 829 863
f 1430 863 824
f 824 863 806
f 824 806 825
f 825 806 809
f 825 809 790
f 1431 1432 1433
f 1433 1432 1434
f 1433 1434 1435
f 1435 1434 1436
f 1435 1436 1437
f 1437 1436 1438
f 1437 1438 1439
f 1439 1438 1440
f 1439 1440 1441
f 1441 1440 1442
f 1441 1442 1443
f 1443 1442 1235
f 1443 1235 1444
f 1444 1235 832
f 1444 832 1445
f 1445 832 834
f 1445 1446 1444
f 1444 1446 1447
f 1444 1447 1443
f 1443 1447 1448
f 1443 1448 1441
f 1441 1448 1449
f 1441 1449 1439
f 1439 1449 1450
f 1439 1450 1437
f 1437 1450 1451
f 1437 1451 1435
f 1435 1451 1452
f 1435 1452 1433
f 1433 1452 1453
f 1433 1453 1431
f 1431 1453 1454
f 796 802 826
f 826 802 861
f 826 861 862
f 862 861 799
f 862 799 798
f 1455 1456 1457
f 1457 1456 1458
f 1457 1458 1459
f 1459 1458 1460
f 1459 1460 1461
f 1461 1460 1462
f 1461 1462 1463
f 1463 1462 1464
f 1463 1464 1465
f 1465 1464 1466
f 1465 1466 1467
f 1467 1466 1468
f 1467 1468 1469
f 1469 1468 1470
f 1469 1470 1471
f 1471 1470 1472
f 1471 1472 1473
f 1474 1455 1475
f 1475 1455 1457
f 1475 1457 1476
f 1476 1457 1459
f 1476 1459 1477
f 1477 1459 1461
f 1477 1461 1478
f 1478 1461 1463
f 1478 1463 1479
f 1479 1463 1465
f 1479 1465 1480
f 1480 1465 1467
f 1480 1467 1481
f 1481 1467 1469
f 1481 1469 1482
f 1482 1469 1471
f 1482 1471 1483
f 1483 1471 1473
f 1483 1473 1484
f 1485 1474 1486
f 1486 1474 1475
f 1486 1475 1487
f 1487 1475 1476
f 1487 1476 1488
f 1488 1476 1477
f 1488 1477 1489
f 1489 1477 1478
f 1489 1478 1490
f 1490 1478 1479
f 1490 1479 1491
f 1491 1479 1480
f 1491 1480 1492
f 1492 1480 1481
f 1492 1481 1493
f 1493 1481 1482
f 1493 1482 1494
f 1494 1482 1483
f 1494 1483 1495
f 1495 1483 1484
f 1495 1484 1496
f 1497 1427 1498
f 1498 1427 1428
f 1498 1428 1499
f 1499 1428 1429
f 1499 1429 1500
f 1500 1429 1430
f 1500 1430 1501
f 1501 1430 824
f 1501 824 1502
f 1502 824 826
f 1502 826 1503
f 1503 826 862
f 1503 862 1504
f 1504 862 860
f 1504 860 1505
f 1505 860 773
f 773 782 1505
f 1505 782 859
f 1505 859 858
f 858 859 770
f 858 770 769
f 1506 1507 1508
f 1508 1507 1509
f 1508 1509 1510
f 1510 1509 1511
f 1510 1511 1512
f 1512 1511 1513
f 1512 1513 1514
f 1514 1513 1515
f 1514 1515 1516
f 1516 1515 1517
f 1516 1517 1518
f 1518 1517 1519
f 1518 1519 1520
f 1520 1519 1521
f 1520 1521 1522
f 1522 1521 1523
f 1522 1523 1524
f 1524 1523 1525
f 1524 1525 1526
f 1526 1525 1527
f 1526 1527 1528
f 1528 1527 1529
f 1530 1497 1531
f 1531 1497 1498
f 1531 1498 1532
f 1532 1498 1499
f 1532 1499 1533
f 1533 1499 1500
f 1533 1500 1534
f 1534 1500 1501
f 1534 1501 1535
f 1535 1501 1502
f 1535 1502 1536
f 1536 1502 1503
f 1536 1503 1537
f 1537 1503 1504
f 1537 1504 1538
f 1538 1504 1505
f 1538 1505 1539
f 1539 1505 858
f 1539 858 1540
f 1540 858 856
f 1540 856 1541
f 1542 1543 1544
f 1544 1543 1545
f 1544 1545 1546
f 1546 1545 1547
f 1546 1547 1548
f 1548 1547 1549
f 1548 1549 1550
f 1550 1549 1551
f 1550 1551 1552
f 1553 1554 1555
f 1555 1554 1556
f 1555 1556 1557
f 1557 1556 1558
f 1557 1558 1559
f 1543 1553 1545
f 1545 1553 1555
f 1545 1555 1547
f 1547 1555 1557
f 1547 1557 1549
f 1549 1557 1559
f 1549 1559 1551
f 1560 822 1561
f 1561 822 821
f 1561 821 1562
f 1563 1562 1564
f 1564 1562 821
f 1564 821 1565
f 1565 821 823
f 1565 823 1566
f 1567 1560 1568
f 1568 1560 1561
f 1568 1561 1569
f 1569 1561 1562
f 1569 1562 1570
f 1570 1562 1563
f 1570 1563 1571
f 1446 1485 1447
f 1447 1485 1486
f 1447 1486 1448
f 1448 1486 1487
f 1448 1487 1449
f 1449 1487 1488
f 1449 1488 1450
f 1450 1488 1489
f 1450 1489 1451
f 1451 1489 1490
f 1451 1490 1452
f 1452 1490 1491
f 1452 1491 1453
f 1453 1491 1492
f 1453 1492 1454
f 1454 1492 1493
f 1454 1493 1572
f 1572 1493 1494
f 1572 1494 1573
f 1573 1494 1495
f 1573 1495 1574
f 1574 1495 1496
f 1574 1496 1575
f 1575 1542 1574
f 1574 1542 1544
f 1574 1544 1573
f 1573 1544 1546
f 1573 1546 1572
f 1572 1546 1548
f 1572 1548 1454
f 1454 1548 1550
f 1454 1550 1431
f 1431 1550 1552
f 1431 1552 1432
f 1575 1576 1542
f 1542 1576 1577
f 1542 1577 1543
f 1543 1577 1578
f 1543 1578 1553
f 1553 1578 1579
f 1553 1579 1554
f 1554 1579 1580
f 1554 1580 1556
f 1556 1580 1581
f 1556 1581 1558
f 1507 1530 1509
f 1509 1530 1531
f 1509 1531 1511
f 1511 1531 1532
f 1511 1532 1513
f 1513 1532 1533
f 1513 1533 1515
f 1515 1533 1534
f 1515 1534 1517
f 1517 1534 1535
f 1517 1535 1519
f 1519 1535 1536
f 1519 1536 1521
f 1521 1536 1537
f 1521 1537 1523
f 1523 1537 1538
f 1523 1538 1525
f 1525 1538 1539
f 1525 1539 1527
f 1527 1539 1540
f 1527 1540 1529
f 1529 1540 1541
f 819 818 1582
f 1582 818 816
f 1582 816 1583
f 1583 816 815
f 1583 815 1584
f 1472 1585 1473
f 1473 1585 1586
f 1473 1586 1484
f 1484 1586 1587
f 1484 1587 1496
f 1496 1587 1588
f 1496 1588 1575
f 1575 1588 1589
f 1575 1589 1576
f 1576 1589 1566
f 1576 1566 1577
f 1577 1566 823
f 1577 823 1578
f 1578 823 822
f 1578 822 1579
f 1579 822 1560
f 1579 1560 1580
f 1580 1560 1567
f 1580 1567 1581
f 1585 820 1586
f 1586 820 819
f 1586 819 1587
f 1587 819 1582
f 1587 1582 1588
f 1588 1582 1583
f 1588 1583 1589
f 1589 1583 1584
f 1589 1584 1566
f 1566 1584 1590
f 1566 1590 1565
f 1565 1590 1591
f 1565 1591 1564
f 1564 1591 1592
f 1564 1592 1563
f 1563 1592 1593
f 1563 1593 1571
f 1571 1593 1594
f 1402 1232 1403
f 1403 1232 1233
f 1403 1233 1404
f 1404 1233 1234
f 1404 1234 1405
f 1405 1234 1235
f 1405 1235 1406
f 1406 1235 1442
f 1406 1442 1407
f 1407 1442 1440
f 1407 1440 1408
f 1408 1440 1438
f 1408 1438 1409
f 1409 1438 1436
f 1409 1436 1410
f 1410 1436 1434
f 1410 1434 1411
f 1411 1434 1432
f 1411 1432 1412
f 1412 1432 1552
f 1412 1552 1413
f 1413 1552 1551
f 1413 1551 1414
f 1414 1551 1559
f 1414 1559 1415
f 1415 1559 1558
f 1415 1558 1416
f 1416 1558 1581
f 1416 1581 1417
f 1417 1581 1567
f 1417 1567 1418
f 1418 1567 1568
f 1418 1568 1419
f 1419 1568 1569
f 1419 1569 1420
f 1420 1569 1570
f 1420 1570 1421
f 1421 1570 1571
f 1421 1571 1422
f 1422 1571 1594
f 1422 1594 1423
f 1595 1596 1597
f 1597 1596 1598
f 1597 1598 1599
f 1599 1598 1600
f 1599 1600 1601
f 1601 1600 1602
f 1601 1602 1603
f 1603 1602 1604
f 1603 1604 1605
f 1605 1604 1606
f 1605 1606 1607
f 1607 1606 1608
f 1607 1608 1609
f 1609 1608 1610
f 1609 1610 1611
f 1611 1610 1612
f 1611 1612 1613
f 1613 1612 1614
f 1615 1616 1617
f 1617 1616 1618
f 1617 1618 1619
f 1619 1618 1620
f 1619 1620 1621
f 1621 1620 1622
f 1621 1622 1623
f 1623 1622 1624
f 1623 1624 1625
f 1625 1624 1626
f 1627 1628 1629
f 1629 1628 1630
f 813 1631 1628
f 1628 1631 1632
f 1628 1632 1630
f 1633 1634 1635
f 1635 1634 1636
f 1635 1636 1637
f 1637 1636 1629
f 1637 1629 1638
f 1638 1629 1630
f 1638 1630 1639
f 1639 1630 1632
f 1639 1632 1640
f 1640 1632 1631
f 1640 1631 1641
f 1641 1631 813
f 1642 1643 1644
f 1644 1643 1645
f 1644 1645 1646
f 1646 1645 1647
f 1646 1647 1648
f 1648 1647 1649
f 1648 1649 1650
f 1650 1649 1651
f 1650 1651 1652
f 1652 1651 1653
f 1652 1653 1654
f 1654 1653 1655
f 1654 1655 1656
f 1656 1655 1657
f 1456 1506 1458
f 1458 1506 1508
f 1458 1508 1460
f 1460 1508 1510
f 1460 1510 1462
f 1462 1510 1512
f 1462 1512 1464
f 1464 1512 1514
f 1464 1514 1466
f 1466 1514 1516
f 1466 1516 1468
f 1468 1516 1518
f 1468 1518 1470
f 1470 1518 1520
f 1470 1520 1472
f 1472 1520 1522
f 1472 1522 1585
f 1585 1522 1524
f 1585 1524 820
f 820 1524 1526
f 820 1526 818
f 818 1526 1528
f 818 1528 816
f 816 1528 1529
f 816 1529 817
f 817 1529 1541
f 817 1541 855
f 855 1541 856
f 855 856 845
f 845 856 765
f 845 765 764
f 1203 1217 1205
f 1205 1217 1219
f 1205 1219 1207
f 1207 1219 1221
f 1207 1221 1209
f 1209 1221 1223
f 1209 1223 1211
f 1211 1223 1225
f 1211 1225 1213
f 1213 1225 1227
f 1213 1227 1215
f 1215 1227 1229
f 1215 1229 1216
f 1216 1229 1231
f 1216 1231 1332
f 1332 1231 1364
f 1332 1364 1330
f 1330 1364 1362
f 1330 1362 1328
f 1328 1362 1360
f 1328 1360 1326
f 1326 1360 1358
f 1326 1358 1324
f 1324 1358 1356
f 1324 1356 1322
f 1322 1356 1354
f 1322 1354 1320
f 1320 1354 1352
f 1320 1352 1318
f 1318 1352 1350
f 1318 1350 1316
f 1316 1350 1348
f 1316 1348 1314
f 1314 1348 1346
f 1314 1346 1312
f 1312 1346 1344
f 1312 1344 1310
f 1310 1344 1342
f 1310 1342 1308
f 1308 1342 1340
f 1308 1340 1306
f 1306 1340 1338
f 1306 1338 1304
f 1304 1338 1336
f 1304 1336 1334
f 1334 1336 1335
f 1334 1335 1367
f 1367 1335 1368
f 1367 1368 1658
f 1658 1368 1401
f 1658 1401 1659
f 1659 1401 1423
f 1659 1423 1660
f 1660 1423 1594
f 1660 1594 1661
f 1661 1594 1593
f 1661 1593 1662
f 1662 1593 1592
f 1662 1592 1663
f 1663 1592 1591
f 1663 1591 1664
f 1664 1591 1590
f 1664 1590 1665
f 1665 1590 1584
f 1665 1584 1666
f 1666 1584 815
f 1666 815 1667
f 1667 815 817
f 1667 817 854
f 854 817 855
f 854 855 853
f 853 855 763
f 853 763 746
f 854 1595 1667
f 1667 1595 1597
f 1667 1597 1666
f 1666 1597 1599
f 1666 1599 1665
f 1665 1599 1601
f 1665 1601 1664
f 1664 1601 1603
f 1664 1603 1663
f 1663 1603 1605
f 1663 1605 1662
f 1662 1605 1607
f 1662 1607 1661
f 1661 1607 1609
f 1661 1609 1660
f 1660 1609 1611
f 1660 1611 1659
f 1659 1611 1613
f 1659 1613 1658
f 1658 1613 1614
f 1658 1614 1367
f 1367 1614 1668
f 1367 1668 1366
f 1366 1668 1669
f 1366 1669 830
f 830 1669 813
f 1596 1642 1598
f 1598 1642 1644
f 1598 1644 1600
f 1600 1644 1646
f 1600 1646 1602
f 1602 1646 1648
f 1602 1648 1604
f 1604 1648 1650
f 1604 1650 1606
f 1606 1650 1652
f 1606 1652 1608
f 1608 1652 1654
f 1608 1654 1610
f 1610 1654 1656
f 1610 1656 1612
f 1612 1656 1657
f 1612 1657 1614
f 1614 1657 1670
f 1614 1670 1668
f 1668 1670 1671
f 1668 1671 1669
f 1669 1671 813
f 1643 1615 1645
f 1645 1615 1617
f 1645 1617 1647
f 1647 1617 1619
f 1647 1619 1649
f 1649 1619 1621
f 1649 1621 1651
f 1651 1621 1623
f 1651 1623 1653
f 1653 1623 1625
f 1653 1625 1655
f 1655 1625 1626
f 1655 1626 1657
f 1657 1626 1672
f 1657 1672 1670
f 1670 1672 1673
f 1670 1673 1671
f 1671 1673 813
f 1674 1675 851
f 851 1675 1676
f 851 1676 732
f 732 1676 1677
f 732 1677 848
f 738 737 847
f 847 737 736
f 847 736 1678
f 1678 736 848
f 1678 848 1679
f 1679 848 1677
f 1679 1677 1680
f 1680 1677 1676
f 1680 1676 1681
f 1681 1676 1675
f 1681 1675 1682
f 1682 1675 1674
f 1682 1674 1683
f 1616 1633 1618
f 1618 1633 1635
f 1618 1635 1620
f 1620 1635 1637
f 1620 1637 1622
f 1622 1637 1638
f 1622 1638 1624
f 1624 1638 1639
f 1624 1639 1626
f 1626 1639 1640
f 1626 1640 1672
f 1672 1640 1641
f 1672 1641 1673
f 1673 1641 813
f 813 1684 1685
f 1685 1684 1686
f 1685 1686 1687
f 1687 1686 1688
f 851 1689 1674
f 1674 1689 1690
f 1674 1690 1691
f 1691 1690 1692
f 1683 1674 1693
f 1693 1674 1691
f 1693 1691 1694
f 1694 1691 1692
f 1694 1692 1695
f 813 1695 814
f 814 1695 1692
f 814 1692 1696
f 1696 1692 1690
f 1696 1690 1697
f 1697 1690 1689
f 1697 1689 1698
f 1698 1689 851
f 1698 851 850
f 850 851 729
f 850 729 727
f 1699 1700 1701
f 1700 1699 1702
f 1702 1699 1703
f 1702 1703 1704
f 1704 1703 1705
f 1704 1705 1706
f 1706 1705 1707
f 1707 1705 849
f 1707 849 1708
f 1708 849 724
f 1708 724 723
f 1627 813 1628
f 1634 1709 1636
f 1636 1709 1710
f 1636 1710 1629
f 1629 1710 1711
f 1629 1711 1627
f 1627 1711 813
f 756 743 854
f 854 743 846
f 854 846 1595
f 1595 846 852
f 1595 852 1596
f 1596 852 1712
f 1596 1712 1642
f 1642 1712 1713
f 1642 1713 1643
f 1643 1713 1714
f 1643 1714 1615
f 1615 1714 1715
f 1615 1715 1616
f 1616 1715 1716
f 1616 1716 1633
f 1633 1716 1717
f 1633 1717 1634
f 1634 1717 1688
f 1634 1688 1709
f 1709 1688 1686
f 1709 1686 1710
f 1710 1686 1684
f 1710 1684 1711
f 1711 1684 813
f 671 694 869
f 869 694 867
f 869 867 868
f 868 867 1718
f 868 1718 1719
f 1719 1718 1720
f 1719 1720 1721
f 1721 1720 1722
f 1721 1722 1723
f 1723 1722 1724
f 1723 1724 1725
f 1725 1724 1726
f 1725 1726 1727
f 1728 1729 999
f 999 1729 1730
f 999 1730 1000
f 1000 1730 1731
f 1732 1733 1734
f 1735 1728 1736
f 1736 1728 999
f 1736 999 1737
f 1737 999 996
f 1737 996 1738
f 1738 996 993
f 1738 993 1739
f 1739 993 991
f 1739 991 1740
f 1740 991 988
f 1740 988 1741
f 1741 988 985
f 1741 985 1742
f 1742 985 982
f 980 977 978
f 978 977 976
f 978 976 982
f 982 976 1743
f 982 1743 1742
f 962 959 960
f 960 959 958
f 960 958 964
f 964 958 1744
f 964 1744 967
f 967 1744 1745
f 967 1745 970
f 970 1745 1746
f 970 1746 973
f 973 1746 1747
f 973 1747 976
f 976 1747 1748
f 976 1748 1743
f 1743 1748 1749
f 1743 1749 1742
f 1742 1749 1750
f 1742 1750 1741
f 1741 1750 1751
f 1741 1751 1740
f 1740 1751 1752
f 1740 1752 1739
f 1739 1752 1753
f 1739 1753 1738
f 1738 1753 1754
f 1738 1754 1737
f 1737 1754 1755
f 1737 1755 1736
f 1736 1755 1732
f 1736 1732 1735
f 1735 1732 1734
f 1756 1757 1758
f 1759 1760 1761
f 1758 1733 1756
f 1756 1733 1732
f 1756 1732 1762
f 1762 1732 1755
f 1762 1755 1763
f 1763 1755 1754
f 1763 1754 1764
f 1764 1754 1753
f 1764 1753 1765
f 1765 1753 1752
f 1765 1752 1766
f 1766 1752 1751
f 1766 1751 1767
f 1767 1751 1750
f 1767 1750 1768
f 1768 1750 1749
f 1768 1749 1769
f 1769 1749 1748
f 1769 1748 1770
f 1770 1748 1747
f 1770 1747 1771
f 1771 1747 1746
f 1771 1746 1772
f 1772 1746 1745
f 1772 1745 1773
f 1773 1745 1744
f 1773 1744 1774
f 1774 1744 958
f 1774 958 1775
f 1775 958 955
f 1775 955 1776
f 1776 955 951
f 1776 951 946
f 946 951 949
f 946 949 947
f 947 949 948
f 937 936 938
f 938 936 935
f 938 935 940
f 940 935 1777
f 940 1777 943
f 943 1777 1778
f 943 1778 946
f 946 1778 1779
f 946 1779 1776
f 1776 1779 1780
f 1776 1780 1775
f 1775 1780 1781
f 1775 1781 1774
f 1774 1781 1782
f 1774 1782 1773
f 1773 1782 1783
f 1773 1783 1772
f 1772 1783 1784
f 1772 1784 1771
f 1771 1784 1785
f 1771 1785 1770
f 1770 1785 1786
f 1770 1786 1769
f 1769 1786 1787
f 1769 1787 1768
f 1768 1787 1788
f 1768 1788 1767
f 1767 1788 1789
f 1767 1789 1766
f 1766 1789 1790
f 1766 1790 1765
f 1765 1790 1791
f 1765 1791 1764
f 1764 1791 1792
f 1764 1792 1763
f 1763 1792 1793
f 1763 1793 1762
f 1762 1793 1794
f 1762 1794 1756
f 1756 1794 1795
f 1756 1795 1757
f 1757 1795 1796
f 926 925 927
f 927 925 924
f 927 924 929
f 929 924 1797
f 929 1797 932
f 932 1797 1798
f 932 1798 935
f 935 1798 1799
f 935 1799 1777
f 1777 1799 1800
f 1777 1800 1778
f 1778 1800 1801
f 1778 1801 1779
f 1779 1801 1802
f 1779 1802 1780
f 1780 1802 1803
f 1780 1803 1781
f 1781 1803 1804
f 1781 1804 1782
f 1782 1804 1805
f 1782 1805 1783
f 1783 1805 1806
f 1783 1806 1784
f 1784 1806 1807
f 1784 1807 1785
f 1785 1807 1808
f 1785 1808 1786
f 1786 1808 1809
f 1786 1809 1787
f 1787 1809 1810
f 1787 1810 1788
f 1788 1810 1811
f 1788 1811 1789
f 1789 1811 1812
f 1789 1812 1790
f 1790 1812 1813
f 1790 1813 1791
f 1791 1813 1814
f 1791 1814 1792
f 1792 1814 1815
f 1792 1815 1793
f 1793 1815 1816
f 1793 1816 1794
f 1794 1816 1817
f 1794 1817 1795
f 1795 1817 1759
f 1795 1759 1796
f 1796 1759 1761
f 1818 1760 1819
f 1819 1760 1759
f 1819 1759 1820
f 1820 1759 1817
f 1820 1817 1821
f 1821 1817 1816
f 1821 1816 1822
f 1822 1816 1815
f 1822 1815 1823
f 1823 1815 1814
f 1823 1814 1824
f 1824 1814 1813
f 1824 1813 1825
f 1825 1813 1812
f 1825 1812 1826
f 1826 1812 1811
f 1826 1811 1827
f 1827 1811 1810
f 1827 1810 1828
f 1828 1810 1809
f 1828 1809 1829
f 1829 1809 1808
f 1829 1808 1830
f 1830 1808 1807
f 1830 1807 1831
f 1831 1807 1806
f 1831 1806 1832
f 1832 1806 1805
f 1832 1805 1833
f 1833 1805 1804
f 1833 1804 1834
f 1834 1804 1803
f 1834 1803 1835
f 1835 1803 1802
f 1835 1802 1836
f 1836 1802 1801
f 1836 1801 1837
f 1837 1801 1800
f 1837 1800 1838
f 1838 1800 1799
f 1838 1799 1839
f 1839 1799 1798
f 1839 1798 1840
f 1840 1798 1797
f 1840 1797 1841
f 1841 1797 924
f 1841 924 1842
f 1842 924 921
f 1842 921 914
f 914 921 917
f 914 917 915
f 915 917 919
f 907 906 908
f 908 906 905
f 908 905 910
f 910 905 1843
f 910 1843 911
f 911 1843 1844
f 911 1844 914
f 914 1844 1845
f 914 1845 1842
f 1842 1845 1846
f 1842 1846 1841
f 1841 1846 1847
f 1841 1847 1840
f 1840 1847 1848
f 1840 1848 1839
f 1839 1848 1849
f 1839 1849 1838
f 1838 1849 1850
f 1838 1850 1837
f 1837 1850 1851
f 1837 1851 1836
f 1836 1851 1852
f 1836 1852 1835
f 1835 1852 1853
f 1835 1853 1834
f 1834 1853 1854
f 1834 1854 1833
f 1833 1854 1855
f 1833 1855 1832
f 1832 1855 1856
f 1832 1856 1831
f 1831 1856 1857
f 1831 1857 1830
f 1830 1857 1858
f 1830 1858 1829
f 1829 1858 1859
f 1829 1859 1828
f 1828 1859 1860
f 1828 1860 1827
f 1827 1860 1861
f 1827 1861 1826
f 1826 1861 1862
f 1826 1862 1825
f 1825 1862 1863
f 1825 1863 1824
f 1824 1863 1864
f 1824 1864 1823
f 1823 1864 1865
f 1823 1865 1822
f 1822 1865 1866
f 1822 1866 1821
f 1821 1866 1867
f 1821 1867 1820
f 1820 1867 1868
f 1820 1868 1819
f 1819 1868 1869
f 1869 1870 1871
f 1869 1871 1819
f 1819 1871 1818
f 1872 1873 1874
f 1875 1876 1877
f 1878 1879 1880
f 1881 1882 1883
f 1884 1885 1886
f 1886 1882 1884
f 1884 1882 1881
f 1884 1881 1887
f 1887 1881 1888
f 1887 1888 1889
f 1889 1888 1890
f 1889 1890 1891
f 1891 1890 1892
f 1891 1892 1893
f 1893 1892 1894
f 1893 1894 1895
f 1895 1894 1896
f 1895 1896 1897
f 897 895 898
f 898 895 896
f 898 896 900
f 900 896 1898
f 900 1898 902
f 902 1898 1899
f 902 1899 905
f 905 1899 1900
f 905 1900 1843
f 1843 1900 1901
f 1843 1901 1844
f 1844 1901 1902
f 1844 1902 1845
f 1845 1902 1903
f 1845 1903 1846
f 1846 1903 1904
f 1846 1904 1847
f 1847 1904 1905
f 1847 1905 1848
f 1848 1905 1906
f 1848 1906 1849
f 1849 1906 1907
f 1849 1907 1850
f 1850 1907 1908
f 1850 1908 1851
f 1851 1908 1909
f 1851 1909 1852
f 1852 1909 1910
f 1852 1910 1853
f 1853 1910 1911
f 1853 1911 1854
f 1854 1911 1912
f 1854 1912 1855
f 1855 1912 1913
f 1855 1913 1856
f 1856 1913 1914
f 1856 1914 1857
f 1857 1914 1915
f 1857 1915 1858
f 1858 1915 1916
f 1858 1916 1859
f 1859 1916 1917
f 1859 1917 1860
f 1860 1917 1918
f 1860 1918 1861
f 1861 1918 1919
f 1861 1919 1862
f 1862 1919 1920
f 1862 1920 1863
f 1863 1920 1921
f 1863 1921 1864
f 1864 1921 1922
f 1864 1922 1865
f 1865 1922 1923
f 1865 1923 1866
f 1866 1923 1924
f 1866 1924 1867
f 1867 1924 1925
f 1867 1925 1868
f 1868 1925 1926
f 1868 1926 1869
f 1869 1926 1872
f 1869 1872 1870
f 1870 1872 1874
f 1877 1927 1875
f 1875 1927 1928
f 1875 1928 1929
f 1929 1928 1930
f 1929 1930 1931
f 1931 1930 1932
f 1931 1932 1933
f 1933 1932 1934
f 1933 1934 1935
f 1935 1934 1936
f 1935 1936 1937
f 1937 1936 1938
f 1937 1938 1939
f 1939 1938 1940
f 1939 1940 1941
f 1941 1940 1942
f 1941 1942 1943
f 1943 1942 1944
f 1943 1944 1945
f 1945 1944 1946
f 1945 1946 1947
f 1947 1946 1948
f 1947 1948 1949
f 1949 1948 1950
f 1949 1950 1951
f 1951 1950 1952
f 1951 1952 1953
f 1953 1952 1954
f 1953 1954 1955
f 1955 1954 1956
f 1955 1956 1957
f 1957 1956 1958
f 1957 1958 1959
f 1959 1958 1960
f 1959 1960 1961
f 1961 1960 1962
f 1961 1962 1963
f 1963 1962 1964
f 1963 1964 1965
f 1965 1964 1966
f 1965 1966 1967
f 1967 1966 1968
f 1967 1968 1969
f 1969 1968 1970
f 1969 1970 1971
f 1971 1970 1972
f 1971 1972 1973
f 1973 1972 1974
f 1973 1974 1975
f 1975 1974 1976
f 1975 1976 1977
f 1977 1976 1978
f 1977 1978 1979
f 1979 1978 1980
f 1979 1980 1981
f 1981 1980 1982
f 1981 1982 1983
f 1983 1982 1984
f 1983 1984 1985
f 1985 1984 1986
f 1985 1986 1987
f 1987 1986 1988
f 1987 1988 1989
f 1989 1988 1990
f 1989 1990 890
f 890 1990 1991
f 890 1991 891
f 893 1991 894
f 894 1991 1990
f 894 1990 896
f 896 1990 1988
f 896 1988 1898
f 1898 1988 1986
f 1898 1986 1899
f 1899 1986 1984
f 1899 1984 1900
f 1900 1984 1982
f 1900 1982 1901
f 1901 1982 1980
f 1901 1980 1902
f 1902 1980 1978
f 1902 1978 1903
f 1903 1978 1976
f 1903 1976 1904
f 1904 1976 1974
f 1904 1974 1905
f 1905 1974 1972
f 1905 1972 1906
f 1906 1972 1970
f 1906 1970 1907
f 1907 1970 1968
f 1907 1968 1908
f 1908 1968 1966
f 1908 1966 1909
f 1909 1966 1964
f 1909 1964 1910
f 1910 1964 1962
f 1910 1962 1911
f 1911 1962 1960
f 1911 1960 1912
f 1912 1960 1958
f 1912 1958 1913
f 1913 1958 1956
f 1913 1956 1914
f 1914 1956 1954
f 1914 1954 1915
f 1915 1954 1952
f 1915 1952 1916
f 1916 1952 1950
f 1916 1950 1917
f 1917 1950 1948
f 1917 1948 1918
f 1918 1948 1946
f 1918 1946 1919
f 1919 1946 1944
f 1919 1944 1920
f 1920 1944 1942
f 1920 1942 1921
f 1921 1942 1940
f 1921 1940 1922
f 1922 1940 1938
f 1922 1938 1923
f 1923 1938 1936
f 1923 1936 1924
f 1924 1936 1934
f 1924 1934 1925
f 1925 1934 1932
f 1925 1932 1926
f 1926 1932 1930
f 1926 1930 1872
f 1872 1930 1928
f 1872 1928 1873
f 1873 1928 1927
f 1992 1993 1994
f 1994 1993 1995
f 1994 1995 1996
f 1996 1995 1997
f 1996 1997 1998
f 1998 1997 1999
f 1998 1999 2000
f 2000 1999 2001
f 2000 2001 2002
f 2002 2001 2003
f 2002 2003 2004
f 2004 2003 2005
f 2004 2005 2006
f 2006 2005 2007
f 2006 2007 2008
f 2008 2007 2009
f 2008 2009 2010
f 2010 2009 2011
f 2010 2011 2012
f 2012 2011 2013
f 2012 2013 2014
f 2014 2013 2015
f 2014 2015 2016
f 2016 2015 2017
f 2016 2017 2018
f 2018 2017 2019
f 2018 2019 2020
f 2020 2019 2021
f 2020 2021 2022
f 2022 2021 2023
f 2022 2023 2024
f 2024 2023 2025
f 2024 2025 2026
f 2026 2025 2027
f 2026 2027 2028
f 2028 2027 2029
f 2028 2029 2030
f 2030 2029 2031
f 2030 2031 2032
f 2032 2031 2033
f 2032 2033 2034
f 2034 2033 2035
f 2034 2035 2036
f 2036 2035 2037
f 2036 2037 2038
f 2038 2037 2039
f 2038 2039 2040
f 2040 2039 2041
f 2040 2041 2042
f 2042 2041 2043
f 2042 2043 2044
f 2044 2043 2045
f 2044 2045 2046
f 2046 2045 2047
f 2046 2047 2048
f 2048 2047 2049
f 2048 2049 2050
f 2050 2049 2051
f 2050 2051 2052
f 2052 2051 2053
f 2052 2053 2054
f 2054 2053 2055
f 2054 2055 2056
f 2056 2055 2057
f 2056 2057 2058
f 2058 2057 2059
f 2058 2059 2060
f 2060 2059 2061
f 2060 2061 1878
f 1878 2061 2062
f 1878 2062 1879
f 1879 2062 2063
f 696 688 867
f 867 688 2064
f 867 2064 1718
f 1718 2064 2065
f 1718 2065 1720
f 1720 2065 2066
f 1720 2066 1722
f 1722 2066 2067
f 1722 2067 1724
f 1724 2067 2068
f 1724 2068 1726
f 1726 2068 2069
f 1726 2069 1727
f 1727 2069 2070
f 1727 2070 2071
f 2071 2070 2072
f 2071 2072 2073
f 2073 2072 2074
f 2073 2074 2075
f 2075 2074 2076
f 2075 2076 2077
f 2077 2076 2078
f 2077 2078 2079
f 2079 2078 2080
f 2079 2080 2081
f 2081 2080 2082
f 2081 2082 2083
f 2083 2082 2084
f 2083 2084 2085
f 2085 2084 2086
f 2085 2086 2087
f 2087 2086 2088
f 2087 2088 2089
f 2089 2088 2090
f 2089 2090 2091
f 2091 2090 2092
f 2091 2092 2093
f 2093 2092 2094
f 2093 2094 2095
f 2095 2094 2096
f 2095 2096 2097
f 2097 2096 2098
f 2097 2098 2099
f 2099 2098 2100
f 2099 2100 2101
f 2101 2100 2102
f 2101 2102 2103
f 2103 2102 2104
f 2103 2104 2105
f 2105 2104 2106
f 2105 2106 2107
f 2107 2106 2108
f 2107 2108 2109
f 2109 2108 2110
f 2109 2110 2111
f 2111 2110 2112
f 2111 2112 2113
f 2113 2112 2114
f 2113 2114 2115
f 2115 2114 2116
f 2115 2116 2117
f 2117 2116 2118
f 2117 2118 2119
f 2119 2118 2120
f 2119 2120 2121
f 2121 2120 2122
f 2121 2122 2123
f 2123 2122 2124
f 2123 2124 2125
f 2125 2124 1897
f 2125 1897 2126
f 2126 1897 1896
f 1992 1725 1993
f 1993 1725 1727
f 1993 1727 1995
f 1995 1727 2071
f 1995 2071 1997
f 1997 2071 2073
f 1997 2073 1999
f 1999 2073 2075
f 1999 2075 2001
f 2001 2075 2077
f 2001 2077 2003
f 2003 2077 2079
f 2003 2079 2005
f 2005 2079 2081
f 2005 2081 2007
f 2007 2081 2083
f 2007 2083 2009
f 2009 2083 2085
f 2009 2085 2011
f 2011 2085 2087
f 2011 2087 2013
f 2013 2087 2089
f 2013 2089 2015
f 2015 2089 2091
f 2015 2091 2017
f 2017 2091 2093
f 2017 2093 2019
f 2019 2093 2095
f 2019 2095 2021
f 2021 2095 2097
f 2021 2097 2023
f 2023 2097 2099
f 2023 2099 2025
f 2025 2099 2101
f 2025 2101 2027
f 2027 2101 2103
f 2027 2103 2029
f 2029 2103 2105
f 2029 2105 2031
f 2031 2105 2107
f 2031 2107 2033
f 2033 2107 2109
f 2033 2109 2035
f 2035 2109 2111
f 2035 2111 2037
f 2037 2111 2113
f 2037 2113 2039
f 2039 2113 2115
f 2039 2115 2041
f 2041 2115 2117
f 2041 2117 2043
f 2043 2117 2119
f 2043 2119 2045
f 2045 2119 2121
f 2045 2121 2047
f 2047 2121 2123
f 2047 2123 2049
f 2049 2123 2125
f 2049 2125 2051
f 2051 2125 2126
f 2051 2126 2053
f 2053 2126 1896
f 2053 1896 2055
f 2055 1896 1894
f 2055 1894 2057
f 2057 1894 1892
f 2057 1892 2059
f 2059 1892 1890
f 2059 1890 2061
f 2061 1890 1888
f 2061 1888 2062
f 2062 1888 1881
f 2062 1881 2063
f 2063 1881 1883
f 676 674 870
f 870 674 868
f 870 868 874
f 874 868 1719
f 874 1719 872
f 872 1719 1721
f 872 1721 879
f 879 1721 1723
f 879 1723 877
f 877 1723 1725
f 877 1725 882
f 882 1725 1992
f 882 1992 887
f 887 1992 1994
f 887 1994 885
f 885 1994 1996
f 885 1996 890
f 890 1996 1998
f 890 1998 1989
f 1989 1998 2000
f 1989 2000 1987
f 1987 2000 2002
f 1987 2002 1985
f 1985 2002 2004
f 1985 2004 1983
f 1983 2004 2006
f 1983 2006 1981
f 1981 2006 2008
f 1981 2008 1979
f 1979 2008 2010
f 1979 2010 1977
f 1977 2010 2012
f 1977 2012 1975
f 1975 2012 2014
f 1975 2014 1973
f 1973 2014 2016
f 1973 2016 1971
f 1971 2016 2018
f 1971 2018 1969
f 1969 2018 2020
f 1969 2020 1967
f 1967 2020 2022
f 1967 2022 1965
f 1965 2022 2024
f 1965 2024 1963
f 1963 2024 2026
f 1963 2026 1961
f 1961 2026 2028
f 1961 2028 1959
f 1959 2028 2030
f 1959 2030 1957
f 1957 2030 2032
f 1957 2032 1955
f 1955 2032 2034
f 1955 2034 1953
f 1953 2034 2036
f 1953 2036 1951
f 1951 2036 2038
f 1951 2038 1949
f 1949 2038 2040
f 1949 2040 1947
f 1947 2040 2042
f 1947 2042 1945
f 1945 2042 2044
f 1945 2044 1943
f 1943 2044 2046
f 1943 2046 1941
f 1941 2046 2048
f 1941 2048 1939
f 1939 2048 2050
f 1939 2050 1937
f 1937 2050 2052
f 1937 2052 1935
f 1935 2052 2054
f 1935 2054 1933
f 1933 2054 2056
f 1933 2056 1931
f 1931 2056 2058
f 1931 2058 1929
f 1929 2058 2060
f 1929 2060 1875
f 1875 2060 1878
f 1875 1878 1876
f 1876 1878 1880
f 726 849 850
f 850 849 1705
f 850 1705 1698
f 1698 1705 1703
f 1698 1703 1697
f 1697 1703 1699
f 1697 1699 1696
f 1696 1699 1701
f 1696 1701 814
f 814 1701 2127
f 814 2127 812
f 740 739 852
f 852 739 847
f 852 847 1712
f 1712 847 1678
f 1712 1678 1713
f 1713 1678 1679
f 1713 1679 1714
f 1714 1679 1680
f 1714 1680 1715
f 1715 1680 1681
f 1715 1681 1716
f 1716 1681 1682
f 1716 1682 1717
f 1717 1682 1683
f 1717 1683 1688
f 1688 1683 1693
f 1688 1693 1687
f 1687 1693 1694
f 1687 1694 1685
f 1685 1694 1695
f 1685 1695 813
f 688 701 2064
f 2064 701 1424
f 2064 1424 2065
f 2065 1424 1425
f 2065 1425 2066
f 2066 1425 1426
f 2066 1426 2067
f 2067 1426 1427
f 2067 1427 2068
f 2068 1427 1497
f 2068 1497 2069
f 2069 1497 1530
f 2069 1530 2070
f 2070 1530 1507
f 2070 1507 2072
f 2072 1507 1506
f 2072 1506 2074
f 2074 1506 1456
f 2074 1456 2076
f 2076 1456 1455
f 2076 1455 2078
f 2078 1455 1474
f 2078 1474 2080
f 2080 1474 1485
f 2080 1485 2082
f 2082 1485 1446
f 2082 1446 2084
f 2084 1446 1445
f 2084 1445 2086
f 2086 1445 834
f 2086 834 2088
f 2088 834 835
f 2088 835 2090
f 2090 835 1232
f 2090 1232 2092
f 2092 1232 1402
f 2092 1402 2094
f 2094 1402 1237
f 2094 1237 2096
f 2096 1237 1236
f 2096 1236 2098
f 2098 1236 1260
f 2098 1260 2100
f 2100 1260 1248
f 2100 1248 2102
f 2102 1248 1247
f 2102 1247 2104
f 2104 1247 1267
f 2104 1267 2106
f 2106 1267 1218
f 2106 1218 2108
f 2108 1218 1217
f 2108 1217 2110
f 2110 1217 1203
f 2110 1203 2112
f 2112 1203 1202
f 2112 1202 2114
f 2114 1202 1188
f 2114 1188 2116
f 2116 1188 1187
f 2116 1187 2118
f 2118 1187 1173
f 2118 1173 2120
f 2120 1173 1172
f 2120 1172 2122
f 2122 1172 1075
f 2122 1075 2124
f 2124 1075 1061
f 2124 1061 1897
f 1897 1061 1060
f 1897 1060 1895
f 1895 1060 1365
f 1895 1365 1893
f 1893 1365 1012
f 1893 1012 1891
f 1891 1012 1014
f 1891 1014 1889
f 1889 1014 1016
f 1889 1016 1887
f 1887 1016 1042
f 1887 1042 1884
f 1884 1042 1001
f 1884 1001 1885
f 1885 1001 1003
f 2128 2129 2130
f 2131 2130 2132
f 2133 2132 2134
f 2135 2134 2136
f 2137 2136 2138
f 2139 2138 2140
f 2141 2140 2142
f 2143 2142 2144
f 2145 2144 2146
f 2147 2146 2148
f 2149 2150 2151
f 2152 813 2153
f 2154 813 2155
f 1131 813 2154
f 2156 2157 2158
f 2152 2155 813
f 2159 2160 2161
f 2162 813 2163
f 2164 813 2162
f 2165 2163 813
f 2166 2167 2168
f 2169 2170 2171
f 2172 2173 2174
f 2175 2176 2177
f 2178 2179 2180
f 2181 2182 2183
f 2184 2185 2186
f 2187 813 2188
f 2189 813 2190
f 2189 2165 813
f 2191 813 2192
f 2191 2190 813
f 2187 2192 813
f 2193 2194 2195
f 2196 2188 813
f 2197 2198 2199
f 2200 2201 2202
f 2203 2204 2205
f 1702 1704 2206
f 1707 1708 2207
f 721 720 2207
f 725 728 2208
f 777 776 2209
f 810 804 2210
f 678 680 2211
f 703 689 2212
f 2213 2214 2215
f 2216 2217 2218
f 2219 2220 2221
f 2222 2223 2224
f 2225 2226 2227
f 2228 2229 2230
f 2230 2229 2231
f 2230 2231 2232
f 2232 2231 2233
f 2232 2233 2234
f 2234 2233 2235
f 2234 2235 1731
f 2236 2237 2238
f 2238 2237 2239
f 2238 2239 2240
f 2240 2239 2241
f 2240 2241 2228
f 2228 2241 2242
f 2228 2242 2229
f 2236 2238 2243
f 2243 2238 2244
f 2243 2244 2245
f 2246 2247 2248
f 2248 2247 2249
f 2248 2249 2244
f 2244 2249 2250
f 2244 2250 2245
f 2251 2252 2253
f 2253 2252 2254
f 2255 2256 2253
f 2253 2256 2257
f 2253 2257 2251
f 2258 2259 2255
f 2255 2259 2260
f 2255 2260 2256
f 2261 2262 2258
f 2258 2262 2263
f 2258 2263 2259
f 2264 2265 2261
f 2261 2265 2266
f 2261 2266 2262
f 2267 2268 2269
f 2226 2270 2227
f 2227 2270 2271
f 2227 2271 2269
f 2269 2271 2272
f 2269 2272 2267
f 2273 2274 2275
f 2275 2274 2276
f 2275 2276 2277
f 2278 2279 2273
f 2273 2279 2280
f 2273 2280 2274
f 2281 2282 2278
f 2278 2282 2283
f 2278 2283 2279
f 2284 2285 2286
f 2224 2287 2286
f 2286 2287 2288
f 2286 2288 2284
f 2223 2289 2224
f 2224 2289 2290
f 2224 2290 2287
f 2220 2219 2291
f 2292 2293 2221
f 2221 2293 2219
f 2294 2295 2296
f 2296 2295 2297
f 2217 2216 2296
f 2296 2216 2298
f 2296 2298 2294
f 2299 2300 2301
f 2301 2300 2302
f 2301 2302 2303
f 2303 2302 2304
f 2304 2302 2305
f 2304 2305 2306
f 2306 2305 2307
f 2306 2307 2308
f 2308 2307 2309
f 2309 2307 2310
f 2309 2310 2311
f 2311 2310 2312
f 2311 2312 2313
f 2313 2312 2314
f 2314 2312 2315
f 2314 2315 2316
f 2316 2315 2317
f 2317 2315 2318
f 2317 2318 2319
f 675 2320 2321
f 2321 2320 2322
f 2321 2322 2318
f 2318 2322 2323
f 2318 2323 2319
f 695 693 2324
f 2324 693 692
f 2324 692 2321
f 2321 692 673
f 2321 673 675
f 2325 686 2324
f 2324 686 697
f 2324 697 695
f 690 691 2326
f 2326 691 699
f 2326 699 2327
f 2327 699 698
f 2327 698 2325
f 2325 698 687
f 2325 687 686
f 678 2211 807
f 810 2210 2328
f 793 789 2328
f 2328 789 791
f 791 792 2328
f 2328 792 811
f 2328 811 810
f 794 2329 795
f 795 2329 2330
f 795 2330 800
f 800 2330 783
f 776 775 2209
f 2209 775 774
f 2209 774 2331
f 2331 774 772
f 2331 772 771
f 779 778 2332
f 2332 778 777
f 747 745 2333
f 2333 745 744
f 744 762 2333
f 2333 762 779
f 2333 779 2334
f 747 2335 748
f 748 2335 2336
f 748 2336 749
f 749 2336 750
f 753 752 2337
f 2337 752 751
f 2337 751 2338
f 2339 760 2340
f 2340 760 759
f 734 733 2339
f 2339 733 761
f 2339 761 760
f 704 2341 705
f 705 2341 2342
f 705 2342 707
f 707 2342 708
f 709 2343 710
f 710 2343 2344
f 710 2344 711
f 711 2344 712
f 713 712 2345
f 715 714 2346
f 2207 720 2347
f 720 719 2347
f 2347 719 717
f 2347 717 2208
f 2208 717 716
f 2208 716 725
f 1708 723 2207
f 2207 723 722
f 2207 722 721
f 1704 1706 2348
f 2348 1706 1707
f 2349 2203 2350
f 2350 2203 2205
f 2350 2205 813
f 813 812 2350
f 2350 812 2127
f 2350 2127 2349
f 2349 2127 1701
f 2349 1701 2351
f 2351 1701 1700
f 2351 1700 1702
f 715 2346 728
f 728 2346 2352
f 728 2352 2208
f 2208 2352 2353
f 2208 2353 2354
f 1707 2207 2348
f 2348 2207 2347
f 2348 2347 2355
f 2355 2347 2208
f 2355 2208 2356
f 2356 2208 2354
f 2356 2354 2357
f 2358 2359 2341
f 2341 2359 2343
f 2341 2343 2342
f 2342 2343 709
f 2342 709 708
f 2201 2360 2361
f 714 713 2346
f 2346 713 2345
f 2346 2345 2352
f 2352 2345 2362
f 2352 2362 2353
f 2353 2362 2363
f 2353 2363 2354
f 2354 2363 2364
f 2354 2364 2357
f 2357 2364 2365
f 2357 2365 2366
f 1704 2348 2206
f 2206 2348 2355
f 2206 2355 2367
f 2367 2355 2356
f 2367 2356 2368
f 2368 2356 2357
f 2368 2357 2369
f 2369 2357 2366
f 2369 2366 2370
f 2371 2370 2372
f 2372 2370 2366
f 2372 2366 2373
f 2373 2366 2365
f 2373 2365 2374
f 2374 2365 2364
f 2374 2364 2375
f 2375 2364 2363
f 2375 2363 2376
f 2376 2363 2362
f 2376 2362 2377
f 2377 2362 2345
f 2204 2378 2205
f 2205 2378 2196
f 2205 2196 813
f 2198 2200 2379
f 702 703 2380
f 2380 703 2212
f 2380 2212 2381
f 680 702 2211
f 2211 702 2380
f 2211 2380 2382
f 2382 2380 2381
f 2382 2381 2383
f 804 807 2210
f 2210 807 2211
f 2210 2211 2384
f 2384 2211 2382
f 2384 2382 2385
f 2385 2382 2383
f 2385 2383 2195
f 2195 2194 2385
f 2385 2194 2386
f 2385 2386 2384
f 2384 2386 2387
f 2384 2387 2210
f 2210 2387 2388
f 2210 2388 2328
f 2389 2390 2391
f 2391 2390 2392
f 2391 2392 2393
f 2393 2392 2394
f 2393 2394 2395
f 2395 2394 2396
f 2395 2396 2397
f 2397 2396 2398
f 2399 2400 2401
f 2401 2400 2402
f 2401 2402 2403
f 2403 2402 2404
f 2403 2404 2405
f 2405 2404 2406
f 2405 2406 2407
f 2407 2406 2408
f 2407 2408 2409
f 2409 2408 2410
f 794 793 2329
f 2329 793 2328
f 2329 2328 2411
f 2411 2328 2388
f 2411 2388 2412
f 2412 2388 2387
f 2412 2387 2413
f 2413 2387 2386
f 2413 2386 2414
f 2414 2386 2194
f 2414 2194 2415
f 2415 2194 2193
f 2415 2193 2416
f 771 783 2331
f 2331 783 2330
f 2331 2330 2417
f 2417 2330 2329
f 2417 2329 2418
f 2418 2329 2411
f 2418 2411 2419
f 2419 2411 2412
f 2419 2412 2420
f 2420 2412 2413
f 2420 2413 2421
f 2421 2413 2414
f 2421 2414 2422
f 2422 2414 2415
f 2422 2415 2423
f 2423 2415 2416
f 2423 2416 2424
f 777 2209 2332
f 2332 2209 2331
f 2332 2331 2425
f 2425 2331 2417
f 2425 2417 2426
f 2426 2417 2418
f 2426 2418 2427
f 2427 2418 2419
f 2427 2419 2428
f 2428 2419 2420
f 2428 2420 2429
f 2429 2420 2421
f 2429 2421 2430
f 2430 2421 2422
f 2430 2422 2431
f 2431 2422 2423
f 2431 2423 2432
f 2432 2423 2424
f 2432 2424 2433
f 779 2332 2334
f 2334 2332 2425
f 2334 2425 2434
f 2434 2425 2426
f 2434 2426 2435
f 2435 2426 2427
f 2435 2427 2436
f 2436 2427 2428
f 2436 2428 2437
f 2437 2428 2429
f 2437 2429 2438
f 2438 2429 2430
f 2438 2430 2439
f 2439 2430 2431
f 2439 2431 2440
f 2440 2431 2432
f 2440 2432 2441
f 2441 2432 2433
f 2441 2433 2442
f 747 2333 2335
f 2335 2333 2334
f 2335 2334 2443
f 2443 2334 2434
f 2443 2434 2444
f 2444 2434 2435
f 2444 2435 2445
f 2445 2435 2436
f 2445 2436 2446
f 2446 2436 2437
f 2446 2437 2447
f 2447 2437 2438
f 2447 2438 2448
f 2448 2438 2439
f 2448 2439 2449
f 2449 2439 2440
f 2449 2440 2450
f 2450 2440 2441
f 2450 2441 2451
f 2451 2441 2442
f 2451 2442 2452
f 2400 2453 2402
f 2402 2453 2454
f 2402 2454 2404
f 2404 2454 2455
f 2404 2455 2406
f 2406 2455 2456
f 2406 2456 2408
f 2408 2456 2457
f 2408 2457 2410
f 2410 2457 2458
f 2459 2460 2461
f 2461 2460 2462
f 2461 2462 2463
f 2463 2462 2464
f 2463 2464 2465
f 2465 2464 2466
f 2465 2466 2467
f 2467 2466 2468
f 2467 2468 2469
f 2469 2468 2470
f 2469 2470 2471
f 2471 2470 2472
f 2471 2472 2473
f 2473 2472 2474
f 2341 2475 2358
f 2358 2475 2476
f 2358 2476 2477
f 2476 2478 2477
f 2477 2478 2479
f 2477 2479 2480
f 2480 2479 2481
f 2482 2483 2484
f 2484 2483 2361
f 2484 2361 2485
f 2485 2361 2360
f 2485 2360 2486
f 2487 2488 2482
f 2482 2488 2489
f 2482 2489 2483
f 2487 2490 2488
f 2488 2490 2491
f 2488 2491 2492
f 2481 2493 2480
f 2480 2493 2494
f 2480 2494 2495
f 2495 2494 2496
f 2495 2496 2497
f 2497 2496 2498
f 2497 2498 2499
f 2499 2498 2500
f 2499 2500 2501
f 2501 2500 2502
f 2501 2502 2503
f 2504 2505 2506
f 2506 2505 2507
f 2506 2507 2508
f 2508 2507 2509
f 2508 2509 2510
f 2510 2509 2511
f 2510 2511 2512
f 2511 2513 2512
f 2512 2513 2514
f 2512 2514 2515
f 2516 2517 2518
f 2518 2517 2519
f 2518 2519 2520
f 2521 2185 2522
f 2522 2185 2184
f 2522 2184 2523
f 2390 2524 2392
f 2392 2524 2525
f 2392 2525 2394
f 2394 2525 2526
f 2394 2526 2396
f 2396 2526 2527
f 2396 2527 2398
f 2398 2527 2528
f 2529 2516 2530
f 2530 2516 2518
f 2530 2518 2531
f 2531 2518 2520
f 2531 2520 2532
f 2532 2520 2533
f 2532 2533 2534
f 2535 2186 2536
f 2536 2186 2185
f 2536 2185 2537
f 2537 2185 2521
f 2537 2521 2538
f 2524 2529 2525
f 2525 2529 2530
f 2525 2530 2526
f 2526 2530 2531
f 2526 2531 2527
f 2527 2531 2532
f 2527 2532 2528
f 2528 2532 2534
f 2539 2535 2540
f 2540 2535 2536
f 2540 2536 2541
f 2541 2536 2537
f 2541 2537 2542
f 2542 2537 2538
f 2542 2538 2543
f 2182 2178 2544
f 2545 2546 2547
f 2534 2548 2528
f 2528 2548 2549
f 2528 2549 2398
f 2398 2549 2458
f 2398 2458 2397
f 2397 2458 2457
f 2397 2457 2395
f 2395 2457 2456
f 2395 2456 2393
f 2393 2456 2455
f 2393 2455 2391
f 2391 2455 2454
f 2391 2454 2389
f 2389 2454 2453
f 2550 2551 2552
f 2553 2551 2554
f 2554 2551 2550
f 2554 2550 2555
f 2556 2557 2558
f 2558 2557 2559
f 2558 2559 2560
f 2560 2559 2561
f 2560 2561 2562
f 2562 2561 2563
f 2562 2563 2564
f 2564 2563 2565
f 2564 2565 2566
f 2566 2565 2567
f 2566 2567 2568
f 2568 2567 2569
f 2533 2552 2534
f 2534 2552 2551
f 2534 2551 2548
f 2548 2551 2553
f 2548 2553 2549
f 2549 2553 2570
f 2549 2570 2458
f 2458 2570 2571
f 2458 2571 2410
f 2410 2571 2572
f 2410 2572 2409
f 2409 2572 2573
f 2409 2573 2407
f 2407 2573 2574
f 2407 2574 2405
f 2405 2574 2575
f 2405 2575 2403
f 2403 2575 2576
f 2403 2576 2401
f 2401 2576 2577
f 2401 2577 2399
f 2399 2577 2578
f 2460 2578 2462
f 2462 2578 2577
f 2462 2577 2464
f 2464 2577 2576
f 2464 2576 2466
f 2466 2576 2575
f 2466 2575 2468
f 2468 2575 2574
f 2468 2574 2470
f 2470 2574 2573
f 2470 2573 2472
f 2472 2573 2572
f 2472 2572 2474
f 2474 2572 2571
f 2474 2571 2579
f 2579 2571 2570
f 2579 2570 2580
f 2580 2570 2553
f 2580 2553 2581
f 2581 2553 2554
f 2581 2554 2582
f 2582 2554 2555
f 2582 2555 2583
f 2584 2539 2585
f 2585 2539 2540
f 2585 2540 2586
f 2586 2540 2541
f 2586 2541 2587
f 2587 2541 2542
f 2587 2542 2588
f 2588 2542 2543
f 2588 2543 2181
f 2182 2544 2183
f 2183 2544 2589
f 2183 2589 2590
f 2590 2589 2591
f 2590 2591 2592
f 2592 2591 2593
f 2592 2593 2594
f 2594 2593 2595
f 2594 2595 2596
f 2181 2183 2588
f 2588 2183 2590
f 2588 2590 2587
f 2587 2590 2592
f 2587 2592 2586
f 2586 2592 2594
f 2586 2594 2585
f 2585 2594 2596
f 2585 2596 2584
f 2597 2598 2599
f 2599 2598 2175
f 2599 2175 2600
f 2600 2175 2177
f 2546 2545 2601
f 2601 2545 2602
f 2601 2602 2603
f 2603 2602 2604
f 2603 2604 2605
f 2178 2180 2544
f 2544 2180 2606
f 2544 2606 2589
f 2589 2606 2607
f 2589 2607 2591
f 2591 2607 2608
f 2591 2608 2593
f 2593 2608 2609
f 2593 2609 2595
f 2595 2609 2610
f 2595 2610 2596
f 2596 2610 2611
f 2596 2611 2584
f 2517 2556 2519
f 2519 2556 2558
f 2519 2558 2520
f 2520 2558 2560
f 2520 2560 2533
f 2533 2560 2562
f 2533 2562 2552
f 2552 2562 2564
f 2552 2564 2550
f 2550 2564 2566
f 2550 2566 2555
f 2555 2566 2568
f 2555 2568 2583
f 2583 2568 2569
f 2583 2569 2612
f 2557 2523 2559
f 2559 2523 2184
f 2559 2184 2561
f 2561 2184 2186
f 2561 2186 2563
f 2563 2186 2535
f 2563 2535 2565
f 2565 2535 2539
f 2565 2539 2567
f 2567 2539 2584
f 2567 2584 2569
f 2569 2584 2611
f 2569 2611 2612
f 2612 2611 2610
f 2612 2610 2613
f 2614 2176 2605
f 2605 2176 2175
f 2605 2175 2603
f 2603 2175 2598
f 2603 2598 2601
f 2601 2598 2597
f 2601 2597 2546
f 2615 2174 2616
f 2616 2174 2173
f 2616 2173 2617
f 2618 2615 2619
f 2619 2615 2616
f 2619 2616 2620
f 2620 2616 2617
f 2620 2617 2621
f 2622 2618 2623
f 2623 2618 2619
f 2623 2619 2624
f 2624 2619 2620
f 2624 2620 2625
f 2625 2620 2621
f 2625 2621 2169
f 2626 2627 2628
f 2628 2627 2629
f 2628 2629 2630
f 2630 2629 2631
f 2630 2631 2632
f 2632 2631 2633
f 2632 2633 2634
f 2634 2633 2635
f 2634 2635 2636
f 2637 2638 2639
f 2639 2638 2640
f 1003 1002 2640
f 2641 2642 2643
f 2644 2645 2646
f 2646 2645 2647
f 2646 2647 2648
f 2648 2647 2649
f 2648 2649 2650
f 1008 2650 1007
f 1007 2650 1004
f 2642 2651 2652
f 2652 2651 2653
f 2652 2653 2654
f 1004 2650 2649
f 1004 2649 1002
f 2645 2639 2647
f 2647 2639 2640
f 2647 2640 2649
f 2649 2640 1002
f 2169 2171 2625
f 2625 2171 2655
f 2625 2655 2624
f 2624 2655 2656
f 2624 2656 2623
f 2623 2656 2657
f 2623 2657 2622
f 2658 2659 2660
f 2660 2659 2661
f 2660 2661 2662
f 2662 2661 2663
f 2662 2663 2664
f 2664 2663 2665
f 2664 2665 2666
f 2666 2665 2667
f 2666 2667 2166
f 2179 2668 2669
f 2669 2668 2670
f 2669 2670 2671
f 2671 2670 2672
f 2671 2672 2673
f 2673 2672 2674
f 2673 2674 2675
f 2675 2674 2676
f 2675 2676 2677
f 2677 2676 2678
f 2677 2678 2679
f 2680 2614 2679
f 2679 2614 2605
f 2679 2605 2677
f 2677 2605 2604
f 2677 2604 2675
f 2675 2604 2602
f 2675 2602 2673
f 2673 2602 2545
f 2673 2545 2671
f 2671 2545 2547
f 2671 2547 2669
f 2659 2681 2661
f 2661 2681 2682
f 2661 2682 2663
f 2663 2682 2683
f 2663 2683 2665
f 2665 2683 2684
f 2665 2684 2667
f 2667 2684 2685
f 2667 2685 2166
f 2166 2685 2686
f 2166 2686 2167
f 2687 2688 2689
f 2689 2688 2168
f 2689 2168 2690
f 2690 2168 2167
f 2690 2167 2636
f 2636 2167 2686
f 2636 2686 2634
f 2634 2686 2685
f 2634 2685 2632
f 2632 2685 2684
f 2632 2684 2630
f 2630 2684 2683
f 2630 2683 2628
f 2628 2683 2682
f 2628 2682 2626
f 2626 2682 2681
f 2688 2680 2168
f 2168 2680 2679
f 2168 2679 2166
f 2166 2679 2678
f 2166 2678 2666
f 2666 2678 2676
f 2666 2676 2664
f 2664 2676 2674
f 2664 2674 2662
f 2662 2674 2672
f 2662 2672 2660
f 2660 2672 2670
f 2660 2670 2658
f 2658 2670 2668
f 2691 2692 2693
f 2693 2692 2694
f 2693 2694 2695
f 2695 2694 2696
f 2695 2696 2697
f 2697 2696 2698
f 2697 2698 2699
f 2699 2698 2700
f 2699 2700 2613
f 2613 2700 2701
f 2613 2701 2612
f 2612 2701 2702
f 2612 2702 2583
f 2583 2702 2703
f 2583 2703 2582
f 2582 2703 2704
f 2582 2704 2581
f 2581 2704 2705
f 2581 2705 2580
f 2580 2705 2706
f 2580 2706 2579
f 2579 2706 2707
f 2579 2707 2474
f 2474 2707 2708
f 2474 2708 2473
f 2179 2669 2180
f 2180 2669 2547
f 2180 2547 2606
f 2606 2547 2546
f 2606 2546 2607
f 2607 2546 2597
f 2607 2597 2608
f 2608 2597 2599
f 2608 2599 2609
f 2609 2599 2600
f 2609 2600 2610
f 2610 2600 2177
f 2610 2177 2613
f 2613 2177 2176
f 2613 2176 2699
f 2699 2176 2614
f 2699 2614 2697
f 2697 2614 2680
f 2697 2680 2695
f 2695 2680 2688
f 2695 2688 2693
f 2693 2688 2687
f 2693 2687 2691
f 2627 2172 2629
f 2629 2172 2174
f 2629 2174 2631
f 2631 2174 2615
f 2631 2615 2633
f 2633 2615 2618
f 2633 2618 2635
f 2635 2618 2622
f 2635 2622 2636
f 2636 2622 2657
f 2636 2657 2690
f 2690 2657 2709
f 2690 2709 2689
f 2689 2709 2710
f 2689 2710 2687
f 2687 2710 2711
f 2687 2711 2691
f 2691 2711 2712
f 2713 2714 2654
f 2642 2641 2651
f 2651 2641 2715
f 2651 2715 2653
f 2653 2715 2716
f 2653 2716 2717
f 2718 2719 2643
f 2643 2719 2720
f 2643 2720 2641
f 2641 2720 2721
f 2641 2721 2715
f 2715 2721 2722
f 2715 2722 2716
f 2716 2722 2723
f 2716 2723 2717
f 2724 2725 2714
f 2726 2727 2725
f 2714 2713 2724
f 2724 2713 2728
f 2724 2728 2729
f 1029 1028 2729
f 2730 2727 2731
f 2731 2727 2726
f 2731 2726 2732
f 2654 2653 2713
f 2713 2653 2717
f 2713 2717 2728
f 2728 2717 1025
f 1025 1023 2728
f 2728 1023 1022
f 2728 1022 2729
f 2729 1022 1029
f 2212 2459 2381
f 2381 2459 2461
f 2381 2461 2383
f 2383 2461 2463
f 2383 2463 2195
f 2195 2463 2465
f 2195 2465 2193
f 2193 2465 2467
f 2193 2467 2416
f 2416 2467 2469
f 2416 2469 2424
f 2424 2469 2471
f 2424 2471 2433
f 2433 2471 2473
f 2433 2473 2442
f 2442 2473 2708
f 2442 2708 2452
f 2452 2708 2707
f 2452 2707 2733
f 2733 2707 2706
f 2733 2706 2734
f 2734 2706 2705
f 2734 2705 2735
f 2735 2705 2704
f 2735 2704 2736
f 2736 2704 2703
f 2736 2703 2737
f 2737 2703 2702
f 2737 2702 2738
f 2738 2702 2701
f 2738 2701 2739
f 2739 2701 2700
f 2739 2700 2740
f 2740 2700 2698
f 2740 2698 2741
f 2741 2698 2696
f 2741 2696 2742
f 2742 2696 2694
f 2742 2694 2743
f 2743 2694 2692
f 2743 2692 2744
f 2744 2692 2691
f 2744 2691 2745
f 2745 2691 2712
f 2719 2644 2720
f 2720 2644 2646
f 2720 2646 2721
f 2721 2646 2648
f 2721 2648 2722
f 2722 2648 2650
f 2722 2650 2723
f 2723 2650 1008
f 1008 1010 2723
f 2723 1010 1011
f 2723 1011 2717
f 2717 1011 1025
f 2745 2746 2744
f 2744 2746 2747
f 2744 2747 2743
f 2743 2747 2748
f 2743 2748 2742
f 2742 2748 2749
f 2742 2749 2741
f 2741 2749 2750
f 2741 2750 2740
f 2740 2750 2751
f 2740 2751 2739
f 2739 2751 2752
f 2739 2752 2738
f 2738 2752 2753
f 2738 2753 2737
f 2737 2753 2754
f 2737 2754 2736
f 2736 2754 2755
f 2736 2755 2735
f 2735 2755 2756
f 2735 2756 2734
f 2734 2756 2757
f 2734 2757 2733
f 2733 2757 2758
f 2733 2758 2452
f 2452 2758 2759
f 2452 2759 2451
f 2451 2759 2760
f 2451 2760 2450
f 2450 2760 2761
f 2450 2761 2449
f 2449 2761 2762
f 2449 2762 2448
f 2448 2762 2763
f 2448 2763 2447
f 2447 2763 2764
f 2447 2764 2446
f 2446 2764 2765
f 2446 2765 2445
f 2445 2765 2766
f 2445 2766 2444
f 2444 2766 2767
f 2444 2767 2443
f 2443 2767 2768
f 2443 2768 2335
f 2335 2768 2338
f 2335 2338 2336
f 2336 2338 751
f 2336 751 750
f 2514 2769 2515
f 2515 2769 2770
f 2515 2770 2771
f 2770 2772 2771
f 2771 2772 2773
f 2771 2773 2774
f 2773 2775 2774
f 2774 2775 2776
f 2774 2776 2161
f 2161 2776 2777
f 2161 2777 2159
f 2190 2778 2189
f 2189 2778 2779
f 2189 2779 2165
f 2165 2779 2780
f 2165 2780 2163
f 2163 2780 2781
f 2163 2781 2162
f 2162 2781 2782
f 2162 2782 2164
f 2164 2782 2153
f 2164 2153 813
f 2783 2784 2785
f 2785 2784 2786
f 2785 2786 2787
f 2787 2786 2788
f 2787 2788 2789
f 2789 2788 2790
f 2789 2790 2791
f 2791 2790 2792
f 2791 2792 2793
f 2793 2792 2794
f 2793 2794 2795
f 2795 2794 2796
f 2795 2796 2797
f 2797 2796 2798
f 2797 2798 2799
f 2799 2798 2800
f 2799 2800 2801
f 2801 2800 2802
f 2801 2802 2803
f 2803 2802 2804
f 2803 2804 2805
f 2805 2804 2806
f 2805 2806 2807
f 2807 2806 2503
f 2807 2503 2808
f 2808 2503 2502
f 2712 2809 2745
f 2745 2809 2810
f 2745 2810 2746
f 2746 2810 2811
f 2746 2811 2747
f 2747 2811 2812
f 2747 2812 2748
f 2748 2812 2813
f 2748 2813 2749
f 2749 2813 2814
f 2749 2814 2750
f 2750 2814 2815
f 2750 2815 2751
f 2751 2815 2816
f 2751 2816 2752
f 2752 2816 2817
f 2752 2817 2753
f 2753 2817 2818
f 2753 2818 2754
f 2754 2818 2819
f 2754 2819 2755
f 2755 2819 2820
f 2755 2820 2756
f 2756 2820 2821
f 2756 2821 2757
f 2757 2821 2822
f 2757 2822 2758
f 2758 2822 2823
f 2758 2823 2759
f 2759 2823 2824
f 2759 2824 2760
f 2760 2824 2825
f 2760 2825 2761
f 2761 2825 2826
f 2761 2826 2762
f 2762 2826 2827
f 2762 2827 2763
f 2763 2827 2828
f 2763 2828 2764
f 2764 2828 2829
f 2764 2829 2765
f 2765 2829 2830
f 2765 2830 2766
f 2766 2830 2831
f 2766 2831 2767
f 2767 2831 2832
f 2767 2832 2768
f 2768 2832 2833
f 2768 2833 2338
f 2338 2833 2340
f 2338 2340 2337
f 2337 2340 759
f 2337 759 753
f 2809 2783 2810
f 2810 2783 2785
f 2810 2785 2811
f 2811 2785 2787
f 2811 2787 2812
f 2812 2787 2789
f 2812 2789 2813
f 2813 2789 2791
f 2813 2791 2814
f 2814 2791 2793
f 2814 2793 2815
f 2815 2793 2795
f 2815 2795 2816
f 2816 2795 2797
f 2816 2797 2817
f 2817 2797 2799
f 2817 2799 2818
f 2818 2799 2801
f 2818 2801 2819
f 2819 2801 2803
f 2819 2803 2820
f 2820 2803 2805
f 2820 2805 2821
f 2821 2805 2807
f 2821 2807 2822
f 2822 2807 2808
f 2822 2808 2823
f 2823 2808 2502
f 2823 2502 2824
f 2824 2502 2500
f 2824 2500 2825
f 2825 2500 2498
f 2825 2498 2826
f 2826 2498 2496
f 2826 2496 2827
f 2827 2496 2494
f 2827 2494 2828
f 2828 2494 2493
f 2828 2493 2829
f 2829 2493 2481
f 2829 2481 2830
f 2830 2481 2479
f 2830 2479 2831
f 2831 2479 2478
f 2831 2478 2832
f 2832 2478 2476
f 2832 2476 2833
f 2833 2476 2475
f 2833 2475 2340
f 2340 2475 2341
f 2340 2341 2339
f 2339 2341 704
f 2339 704 734
f 2491 2834 2492
f 2492 2834 2835
f 2492 2835 2836
f 2836 2835 2837
f 2836 2837 2838
f 2838 2837 2839
f 2838 2839 2840
f 2840 2839 2841
f 2840 2841 2842
f 2842 2841 2843
f 2842 2843 2844
f 2844 2843 2845
f 2844 2845 2846
f 2846 2845 2847
f 2846 2847 2848
f 2848 2847 2849
f 2848 2849 2850
f 2850 2849 2851
f 2850 2851 2852
f 2852 2851 2853
f 2852 2853 2854
f 2854 2853 2855
f 2854 2855 2856
f 2856 2855 2857
f 2856 2857 2858
f 2858 2857 2859
f 2858 2859 2860
f 2860 2859 2861
f 2860 2861 2862
f 2862 2861 2863
f 2862 2863 2864
f 2201 2361 2202
f 2202 2361 2483
f 2202 2483 2865
f 2865 2483 2489
f 2865 2489 2866
f 2866 2489 2488
f 2866 2488 2867
f 2867 2488 2492
f 2867 2492 2868
f 2868 2492 2836
f 2868 2836 2869
f 2869 2836 2838
f 2869 2838 2870
f 2870 2838 2840
f 2870 2840 2871
f 2871 2840 2842
f 2871 2842 2872
f 2872 2842 2844
f 2872 2844 2873
f 2873 2844 2846
f 2873 2846 2874
f 2874 2846 2848
f 2874 2848 2875
f 2875 2848 2850
f 2875 2850 2876
f 2876 2850 2852
f 2876 2852 2877
f 2877 2852 2854
f 2877 2854 2878
f 2878 2854 2856
f 2878 2856 2879
f 2879 2856 2858
f 2879 2858 2880
f 2880 2858 2860
f 2880 2860 2881
f 2881 2860 2862
f 2881 2862 2882
f 2882 2862 2864
f 2882 2864 2883
f 2200 2202 2379
f 2379 2202 2865
f 2379 2865 2884
f 2884 2865 2866
f 2884 2866 2885
f 2885 2866 2867
f 2885 2867 2886
f 2886 2867 2868
f 2886 2868 2887
f 2887 2868 2869
f 2887 2869 2888
f 2888 2869 2870
f 2888 2870 2889
f 2889 2870 2871
f 2889 2871 2890
f 2890 2871 2872
f 2890 2872 2891
f 2891 2872 2873
f 2891 2873 2892
f 2892 2873 2874
f 2892 2874 2893
f 2893 2874 2875
f 2893 2875 2894
f 2894 2875 2876
f 2894 2876 2895
f 2895 2876 2877
f 2895 2877 2896
f 2896 2877 2878
f 2896 2878 2897
f 2897 2878 2879
f 2897 2879 2898
f 2898 2879 2880
f 2898 2880 2899
f 2899 2880 2881
f 2899 2881 2900
f 2900 2881 2882
f 2900 2882 2901
f 2901 2882 2883
f 2901 2883 2902
f 2198 2379 2199
f 2199 2379 2884
f 2199 2884 2903
f 2903 2884 2885
f 2903 2885 2904
f 2904 2885 2886
f 2904 2886 2905
f 2905 2886 2887
f 2905 2887 2906
f 2906 2887 2888
f 2906 2888 2907
f 2907 2888 2889
f 2907 2889 2908
f 2908 2889 2890
f 2908 2890 2909
f 2909 2890 2891
f 2909 2891 2910
f 2910 2891 2892
f 2910 2892 2911
f 2911 2892 2893
f 2911 2893 2912
f 2912 2893 2894
f 2912 2894 2913
f 2913 2894 2895
f 2913 2895 2914
f 2914 2895 2896
f 2914 2896 2915
f 2915 2896 2897
f 2915 2897 2916
f 2916 2897 2898
f 2916 2898 2917
f 2917 2898 2899
f 2917 2899 2918
f 2918 2899 2900
f 2918 2900 2919
f 2919 2900 2901
f 2919 2901 2920
f 2920 2901 2902
f 2920 2902 2921
f 2922 2923 2924
f 2924 2923 2925
f 2924 2925 2926
f 2927 2928 2929
f 2929 2928 2926
f 2929 2926 2930
f 2930 2926 2925
f 2930 2925 2931
f 2931 2925 2923
f 2931 2923 2932
f 1030 1097 2922
f 2922 1097 1102
f 2922 1102 2923
f 2923 1102 1100
f 2197 2199 2933
f 2933 2199 2903
f 2933 2903 2934
f 2934 2903 2904
f 2934 2904 2935
f 2935 2904 2905
f 2935 2905 2936
f 2936 2905 2906
f 2936 2906 2937
f 2937 2906 2907
f 2937 2907 2938
f 2938 2907 2908
f 2938 2908 2939
f 2939 2908 2909
f 2939 2909 2940
f 2940 2909 2910
f 2940 2910 2941
f 2941 2910 2911
f 2941 2911 2942
f 2942 2911 2912
f 2942 2912 2943
f 2943 2912 2913
f 2943 2913 2944
f 2944 2913 2914
f 2944 2914 2945
f 2945 2914 2915
f 2945 2915 2946
f 2946 2915 2916
f 2946 2916 2947
f 2947 2916 2917
f 2947 2917 2948
f 2948 2917 2918
f 2948 2918 2949
f 2949 2918 2919
f 2949 2919 2950
f 2950 2919 2920
f 2950 2920 2951
f 2951 2920 2921
f 2951 2921 2952
f 2952 2953 2951
f 2951 2953 2954
f 2951 2954 2950
f 2950 2954 2955
f 2950 2955 2949
f 2949 2955 2956
f 2949 2956 2948
f 2948 2956 2957
f 2948 2957 2947
f 2947 2957 2958
f 2947 2958 2946
f 2946 2958 2959
f 2946 2959 2945
f 2945 2959 2960
f 2945 2960 2944
f 2944 2960 2961
f 2944 2961 2943
f 2943 2961 2962
f 2943 2962 2942
f 2942 2962 2963
f 2942 2963 2941
f 2941 2963 2964
f 2941 2964 2940
f 2940 2964 2965
f 2940 2965 2939
f 2939 2965 2966
f 2939 2966 2938
f 2938 2966 2967
f 2938 2967 2937
f 2937 2967 2968
f 2937 2968 2936
f 2936 2968 2969
f 2936 2969 2935
f 2935 2969 2970
f 2935 2970 2934
f 2934 2970 2971
f 2934 2971 2933
f 2933 2971 2972
f 2933 2972 2197
f 2157 2156 2973
f 2378 2974 2196
f 2196 2974 2975
f 2196 2975 2188
f 2188 2975 2976
f 2188 2976 2187
f 2187 2976 2504
f 2187 2504 2192
f 2192 2504 2506
f 2192 2506 2191
f 2191 2506 2508
f 2191 2508 2190
f 2190 2508 2510
f 2190 2510 2778
f 2778 2510 2512
f 2778 2512 2779
f 2779 2512 2515
f 2779 2515 2780
f 2780 2515 2771
f 2780 2771 2781
f 2781 2771 2774
f 2781 2774 2782
f 2782 2774 2161
f 2782 2161 2153
f 2153 2161 2160
f 2153 2160 2152
f 2152 2160 2977
f 2152 2977 2155
f 2155 2977 2978
f 2155 2978 2154
f 1702 2206 2351
f 2351 2206 2367
f 2351 2367 2349
f 2349 2367 2368
f 2349 2368 2203
f 2203 2368 2369
f 2203 2369 2204
f 2204 2369 2370
f 2204 2370 2378
f 2378 2370 2371
f 2378 2371 2974
f 2974 2371 2979
f 2974 2979 2975
f 2975 2979 2980
f 2975 2980 2976
f 2976 2980 2981
f 2976 2981 2504
f 2504 2981 2982
f 2504 2982 2505
f 2505 2982 2983
f 2505 2983 2507
f 2507 2983 2984
f 2507 2984 2509
f 2509 2984 2985
f 2509 2985 2511
f 2511 2985 2986
f 2511 2986 2513
f 2513 2986 2987
f 2513 2987 2514
f 2514 2987 2988
f 2514 2988 2769
f 2769 2988 2989
f 2769 2989 2770
f 2770 2989 2990
f 2770 2990 2772
f 2772 2990 2991
f 2772 2991 2773
f 2773 2991 2992
f 2773 2992 2775
f 2775 2992 2993
f 2775 2993 2776
f 2776 2993 2994
f 2776 2994 2777
f 2777 2994 2995
f 2777 2995 2159
f 2159 2995 2996
f 2159 2996 2160
f 2160 2996 2158
f 2160 2158 2977
f 2977 2158 2157
f 2977 2157 2978
f 2863 2997 2864
f 2864 2997 2998
f 2864 2998 2883
f 2883 2998 2999
f 2883 2999 2902
f 2902 2999 3000
f 2902 3000 2921
f 2921 3000 2973
f 2921 2973 2952
f 2952 2973 2156
f 2952 2156 2953
f 2953 2156 2158
f 2953 2158 2954
f 2954 2158 2996
f 2954 2996 2955
f 2955 2996 2995
f 2955 2995 2956
f 2956 2995 2994
f 2956 2994 2957
f 2957 2994 2993
f 2957 2993 2958
f 2958 2993 2992
f 2958 2992 2959
f 2959 2992 2991
f 2959 2991 2960
f 2960 2991 2990
f 2960 2990 2961
f 2961 2990 2989
f 2961 2989 2962
f 2962 2989 2988
f 2962 2988 2963
f 2963 2988 2987
f 2963 2987 2964
f 2964 2987 2986
f 2964 2986 2965
f 2965 2986 2985
f 2965 2985 2966
f 2966 2985 2984
f 2966 2984 2967
f 2967 2984 2983
f 2967 2983 2968
f 2968 2983 2982
f 2968 2982 2969
f 2969 2982 2981
f 2969 2981 2970
f 2970 2981 2980
f 2970 2980 2971
f 2971 2980 2979
f 2971 2979 2972
f 2972 2979 2371
f 2972 2371 2197
f 2197 2371 2372
f 2197 2372 2198
f 2198 2372 2373
f 2198 2373 2200
f 2200 2373 2374
f 2200 2374 2201
f 2201 2374 2375
f 2201 2375 2360
f 2360 2375 2376
f 2360 2376 2486
f 2486 2376 2377
f 1119 3001 1120
f 1120 3001 3002
f 1119 1125 3001
f 3001 1125 1128
f 3001 1128 3003
f 3003 1128 1127
f 3003 1127 1129
f 1100 1099 2923
f 2923 1099 2932
f 2932 1099 1104
f 2932 1104 3004
f 3004 1104 3002
f 3002 1104 1123
f 3002 1123 1120
f 1028 1030 2732
f 2732 1030 2922
f 2732 2922 2731
f 2731 2922 2924
f 2731 2924 2730
f 2730 2924 2926
f 2730 2926 3005
f 3005 2926 2928
f 3005 2928 3006
f 3006 2928 2927
f 3006 2927 3007
f 2725 2724 2726
f 2726 2724 2729
f 2726 2729 2732
f 2732 2729 1028
f 2299 3008 3009
f 3009 3008 2215
f 3009 2215 3010
f 3010 2215 2214
f 3010 2214 3011
f 3011 2214 2213
f 3011 2213 3012
f 2252 3013 2254
f 2254 3013 2246
f 2254 2246 3014
f 3014 2246 2248
f 3014 2248 3015
f 3015 2248 2244
f 3015 2244 3016
f 3016 2244 2238
f 2267 3017 2268
f 2268 3017 2264
f 2268 2264 3018
f 3018 2264 2261
f 3018 2261 3019
f 3019 2261 2258
f 3019 2258 3020
f 3020 2258 2255
f 3020 2255 3021
f 3021 2255 2253
f 3021 2253 3022
f 3022 2253 2254
f 3022 2254 3023
f 3023 2254 3014
f 3023 3014 3024
f 3024 3014 3015
f 3024 3015 3025
f 3025 3015 3016
f 2276 2225 2277
f 2277 2225 2227
f 2277 2227 3026
f 3026 2227 2269
f 3026 2269 3027
f 3027 2269 2268
f 3027 2268 3028
f 3028 2268 3018
f 3028 3018 3029
f 3029 3018 3019
f 3029 3019 3030
f 3030 3019 3020
f 3030 3020 3031
f 3031 3020 3021
f 3031 3021 3032
f 3032 3021 3022
f 3032 3022 3033
f 3033 3022 3023
f 3033 3023 3034
f 3034 3023 3024
f 3034 3024 3035
f 3035 3024 3025
f 3036 3037 3038
f 1730 1729 3037
f 3037 1729 1728
f 3037 1728 3038
f 3038 1728 1735
f 2284 3039 2285
f 2285 3039 2281
f 2285 2281 3040
f 3040 2281 2278
f 3040 2278 3041
f 3041 2278 2273
f 3041 2273 3042
f 3042 2273 2275
f 3042 2275 3043
f 3043 2275 2277
f 3043 2277 3044
f 3044 2277 3026
f 3044 3026 3045
f 3045 3026 3027
f 3045 3027 3046
f 3046 3027 3028
f 3046 3028 3047
f 3047 3028 3029
f 3047 3029 3048
f 3048 3029 3030
f 3048 3030 3049
f 3049 3030 3031
f 3049 3031 3050
f 3050 3031 3032
f 3050 3032 3051
f 3051 3032 3033
f 3051 3033 3052
f 3052 3033 3034
f 3052 3034 3053
f 3053 3034 3035
f 2219 2222 2291
f 2291 2222 2224
f 2291 2224 3054
f 3054 2224 2286
f 3054 2286 3055
f 3055 2286 2285
f 3055 2285 3056
f 3056 2285 3040
f 3056 3040 3057
f 3057 3040 3041
f 3057 3041 3058
f 3058 3041 3042
f 3058 3042 3059
f 3059 3042 3043
f 3059 3043 3060
f 3060 3043 3044
f 3060 3044 3061
f 3061 3044 3045
f 3061 3045 3062
f 3062 3045 3046
f 3062 3046 3063
f 3063 3046 3047
f 3063 3047 3064
f 3064 3047 3048
f 3064 3048 3065
f 3065 3048 3049
f 3065 3049 3066
f 3066 3049 3050
f 3066 3050 3067
f 3067 3050 3051
f 3067 3051 3068
f 3068 3051 3052
f 3068 3052 3069
f 3069 3052 3053
f 2295 3070 2297
f 2297 3070 2292
f 2297 2292 3071
f 3071 2292 2221
f 3071 2221 3072
f 3072 2221 2220
f 3072 2220 3073
f 3073 2220 2291
f 3073 2291 3074
f 3074 2291 3054
f 3074 3054 3075
f 3075 3054 3055
f 3075 3055 3076
f 3076 3055 3056
f 3076 3056 3077
f 3077 3056 3057
f 3077 3057 3078
f 3078 3057 3058
f 3078 3058 3079
f 3079 3058 3059
f 3079 3059 3080
f 3080 3059 3060
f 3080 3060 3081
f 3081 3060 3061
f 3081 3061 3082
f 3082 3061 3062
f 3082 3062 3083
f 3083 3062 3063
f 3083 3063 3084
f 3084 3063 3064
f 3084 3064 3085
f 3085 3064 3065
f 3085 3065 3086
f 3086 3065 3066
f 3086 3066 3087
f 3087 3066 3067
f 3087 3067 3088
f 3088 3067 3068
f 3088 3068 3089
f 3089 3068 3069
f 3090 3091 3092
f 3092 3091 3093
f 3092 3093 3094
f 3094 3093 3095
f 3094 3095 3096
f 1758 1757 3096
f 2148 3097 2147
f 2147 3097 3098
f 2147 3098 3099
f 3099 3098 3100
f 3099 3100 3101
f 3101 3100 3102
f 3101 3102 3103
f 3103 3102 3104
f 3103 3104 3105
f 1760 3105 1761
f 1761 3105 1796
f 1796 3105 3104
f 1796 3104 1757
f 3097 3090 3098
f 3098 3090 3092
f 3098 3092 3100
f 3100 3092 3094
f 3100 3094 3102
f 3102 3094 3096
f 3102 3096 3104
f 3104 3096 1757
f 3091 3036 3093
f 3093 3036 3038
f 3093 3038 3095
f 3095 3038 1735
f 1735 1734 3095
f 3095 1734 1733
f 3095 1733 3096
f 3096 1733 1758
f 3089 3106 3088
f 3088 3106 3107
f 3088 3107 3087
f 3087 3107 3108
f 3087 3108 3086
f 3086 3108 3109
f 3086 3109 3085
f 3085 3109 3110
f 3085 3110 3084
f 3084 3110 3111
f 3084 3111 3083
f 3083 3111 3112
f 3083 3112 3082
f 3082 3112 3113
f 3082 3113 3081
f 3081 3113 3114
f 3081 3114 3080
f 3080 3114 3115
f 3080 3115 3079
f 3079 3115 3116
f 3079 3116 3078
f 3078 3116 3117
f 3078 3117 3077
f 3077 3117 3118
f 3077 3118 3076
f 3076 3118 3119
f 3076 3119 3075
f 3075 3119 3120
f 3075 3120 3074
f 3074 3120 3121
f 3074 3121 3073
f 3073 3121 3122
f 3073 3122 3072
f 3072 3122 3123
f 3072 3123 3071
f 3071 3123 3124
f 3071 3124 2297
f 2297 3124 3125
f 2297 3125 2296
f 2296 3125 3126
f 2296 3126 2217
f 2217 3126 3127
f 2217 3127 2218
f 2218 3127 3128
f 2218 3128 3129
f 3129 3128 3011
f 3129 3011 3130
f 3130 3011 3012
f 3131 3132 3133
f 3133 3132 3134
f 3133 3134 3135
f 3135 3134 3136
f 3135 3136 3137
f 3137 3136 3138
f 3137 3138 3139
f 3139 3138 3140
f 3139 3140 3141
f 3141 3140 3142
f 3141 3142 3143
f 3143 3142 3144
f 3143 3144 3145
f 3145 3144 3146
f 3145 3146 3147
f 3147 3146 3148
f 3147 3148 3149
f 3149 3148 3150
f 3149 3150 3151
f 3151 3150 3152
f 3151 3152 3153
f 3153 3152 3154
f 3153 3154 3155
f 3155 3154 3156
f 3155 3156 3157
f 3157 3156 3158
f 3157 3158 3159
f 3159 3158 3160
f 3159 3160 3161
f 3161 3160 3162
f 3161 3162 3163
f 3163 3162 3164
f 3163 3164 3165
f 3165 3164 3166
f 3165 3166 3167
f 3167 3166 3168
f 3167 3168 3169
f 3169 3168 3170
f 3169 3170 3171
f 3171 3170 3172
f 3171 3172 3173
f 3173 3172 3174
f 3173 3174 3175
f 3175 3174 3176
f 3175 3176 3177
f 3177 3176 3178
f 3177 3178 3179
f 3132 3180 3134
f 3134 3180 3181
f 3134 3181 3136
f 3136 3181 3182
f 3136 3182 3138
f 3138 3182 3183
f 3138 3183 3140
f 3140 3183 3184
f 3140 3184 3142
f 3142 3184 3185
f 3142 3185 3144
f 3144 3185 3186
f 3144 3186 3146
f 3146 3186 3187
f 3146 3187 3148
f 3148 3187 3188
f 3148 3188 3150
f 3150 3188 3189
f 3150 3189 3152
f 3152 3189 3190
f 3152 3190 3154
f 3154 3190 3191
f 3154 3191 3156
f 3156 3191 3192
f 3156 3192 3158
f 3158 3192 3193
f 3158 3193 3160
f 3160 3193 3194
f 3160 3194 3162
f 3162 3194 3195
f 3162 3195 3164
f 3164 3195 3196
f 3164 3196 3166
f 3166 3196 3197
f 3166 3197 3168
f 3168 3197 3198
f 3168 3198 3170
f 3170 3198 3199
f 3170 3199 3172
f 3172 3199 3200
f 3172 3200 3174
f 3174 3200 3201
f 3174 3201 3176
f 3176 3201 3202
f 3176 3202 3178
f 3203 3131 3204
f 3204 3131 3133
f 3204 3133 3205
f 3205 3133 3135
f 3205 3135 3206
f 3206 3135 3137
f 3206 3137 3207
f 3207 3137 3139
f 3207 3139 3208
f 3208 3139 3141
f 3208 3141 3209
f 3209 3141 3143
f 3209 3143 3210
f 3210 3143 3145
f 3210 3145 3211
f 3211 3145 3147
f 3211 3147 3212
f 3212 3147 3149
f 3212 3149 3213
f 3213 3149 3151
f 3213 3151 3214
f 3214 3151 3153
f 3214 3153 3215
f 3215 3153 3155
f 3215 3155 3216
f 3216 3155 3157
f 3216 3157 3217
f 3217 3157 3159
f 3217 3159 3218
f 3218 3159 3161
f 3218 3161 3219
f 3219 3161 3163
f 3219 3163 3220
f 3220 3163 3165
f 3220 3165 3221
f 3221 3165 3167
f 3221 3167 3222
f 3222 3167 3169
f 3222 3169 3223
f 3223 3169 3171
f 3223 3171 3224
f 3224 3171 3173
f 3224 3173 3225
f 3225 3173 3175
f 3225 3175 3226
f 3226 3175 3177
f 3226 3177 3227
f 3227 3177 3179
f 3106 3228 3107
f 3107 3228 3229
f 3107 3229 3108
f 3108 3229 3230
f 3108 3230 3109
f 3109 3230 3231
f 3109 3231 3110
f 3110 3231 3232
f 3110 3232 3111
f 3111 3232 3233
f 3111 3233 3112
f 3112 3233 3234
f 3112 3234 3113
f 3113 3234 3235
f 3113 3235 3114
f 3114 3235 3236
f 3114 3236 3115
f 3115 3236 3237
f 3115 3237 3116
f 3116 3237 3238
f 3116 3238 3117
f 3117 3238 3239
f 3117 3239 3118
f 3118 3239 3240
f 3118 3240 3119
f 3119 3240 3241
f 3119 3241 3120
f 3120 3241 3242
f 3120 3242 3121
f 3121 3242 3243
f 3121 3243 3122
f 3122 3243 3244
f 3122 3244 3123
f 3123 3244 3245
f 3123 3245 3124
f 3124 3245 3246
f 3124 3246 3125
f 3125 3246 3247
f 3125 3247 3126
f 3126 3247 3248
f 3126 3248 3127
f 3127 3248 3249
f 3127 3249 3128
f 3128 3249 3250
f 3128 3250 3011
f 3011 3250 3251
f 3011 3251 3010
f 3228 3252 3229
f 3229 3252 3253
f 3229 3253 3230
f 3230 3253 3254
f 3230 3254 3231
f 3231 3254 3255
f 3231 3255 3232
f 3232 3255 3256
f 3232 3256 3233
f 3233 3256 3257
f 3233 3257 3234
f 3234 3257 3258
f 3234 3258 3235
f 3235 3258 3259
f 3235 3259 3236
f 3236 3259 3260
f 3236 3260 3237
f 3237 3260 3261
f 3237 3261 3238
f 3238 3261 3262
f 3238 3262 3239
f 3239 3262 3263
f 3239 3263 3240
f 3240 3263 3264
f 3240 3264 3241
f 3241 3264 3265
f 3241 3265 3242
f 3242 3265 3266
f 3242 3266 3243
f 3243 3266 3267
f 3243 3267 3244
f 3244 3267 3268
f 3244 3268 3245
f 3245 3268 3269
f 3245 3269 3246
f 3246 3269 3270
f 3246 3270 3247
f 3247 3270 3271
f 3247 3271 3248
f 3248 3271 3272
f 3248 3272 3249
f 3249 3272 3273
f 3249 3273 3250
f 3250 3273 3274
f 3250 3274 3251
f 3251 3274 3275
f 3251 3275 3010
f 3203 3276 3277
f 2144 2145 2143
f 2143 2145 3278
f 2143 3278 3279
f 3279 3278 3280
f 3279 3280 3281
f 3281 3280 3282
f 3281 3282 3283
f 3283 3282 3284
f 3283 3284 3285
f 2140 2141 2139
f 2139 2141 3286
f 2139 3286 3287
f 3287 3286 3288
f 3287 3288 3289
f 3289 3288 3290
f 3289 3290 3291
f 3291 3290 3292
f 3291 3292 3293
f 2142 2143 2141
f 2141 2143 3279
f 2141 3279 3286
f 3286 3279 3281
f 3286 3281 3288
f 3288 3281 3283
f 3288 3283 3290
f 3290 3283 3285
f 3290 3285 3292
f 3292 3285 1870
f 1870 1874 3292
f 3292 1874 1873
f 3292 1873 3293
f 3293 1873 1927
f 3294 2129 3295
f 3295 2129 2128
f 3295 2128 3296
f 3203 3277 3131
f 3131 3277 3297
f 3131 3297 3132
f 3132 3297 3298
f 3132 3298 3180
f 3180 3298 3299
f 3180 3299 3181
f 3181 3299 3300
f 3181 3300 3182
f 3182 3300 3301
f 3182 3301 3183
f 3183 3301 3302
f 3183 3302 3184
f 3184 3302 3303
f 3184 3303 3185
f 3185 3303 3304
f 3185 3304 3186
f 3186 3304 3305
f 3186 3305 3187
f 3187 3305 3306
f 3187 3306 3188
f 3188 3306 3307
f 3188 3307 3189
f 3189 3307 3308
f 3189 3308 3190
f 3190 3308 3309
f 3190 3309 3191
f 3191 3309 3310
f 3191 3310 3192
f 3192 3310 3311
f 3192 3311 3193
f 3193 3311 3312
f 3193 3312 3194
f 3194 3312 3313
f 3194 3313 3195
f 3195 3313 3314
f 3195 3314 3196
f 3196 3314 3315
f 3196 3315 3197
f 3197 3315 3316
f 3197 3316 3198
f 3198 3316 3317
f 3198 3317 3199
f 3199 3317 3318
f 3199 3318 3200
f 3200 3318 3319
f 3200 3319 3201
f 3201 3319 3320
f 3201 3320 3202
f 3321 3294 3322
f 3322 3294 3295
f 3322 3295 3323
f 3323 3295 3296
f 3323 3296 3324
f 2136 2137 2135
f 2135 2137 3325
f 2135 3325 3326
f 3326 3325 3327
f 3326 3327 3328
f 3328 3327 3329
f 3328 3329 3330
f 3330 3329 3331
f 3330 3331 3332
f 1880 1879 3332
f 3333 3321 3334
f 3334 3321 3322
f 3334 3322 3335
f 3335 3322 3323
f 3335 3323 3336
f 3336 3323 3324
f 3336 3324 2637
f 2132 2133 2131
f 2131 2133 3337
f 2131 3337 3338
f 3338 3337 3339
f 3338 3339 3340
f 3340 3339 3341
f 3340 3341 3342
f 3342 3341 3343
f 3342 3343 3344
f 1882 3344 1883
f 1883 3344 2063
f 2063 3344 3343
f 2063 3343 1879
f 2134 2135 2133
f 2133 2135 3326
f 2133 3326 3337
f 3337 3326 3328
f 3337 3328 3339
f 3339 3328 3330
f 3339 3330 3341
f 3341 3330 3332
f 3341 3332 3343
f 3343 3332 1879
f 2637 2639 3336
f 3336 2639 2645
f 3336 2645 3335
f 3335 2645 2644
f 3335 2644 3334
f 3334 2644 2719
f 3334 2719 3333
f 3333 2719 2718
f 3333 2718 2170
f 2170 2718 2643
f 2170 2643 2171
f 2171 2643 2642
f 2171 2642 2655
f 2655 2642 2652
f 2655 2652 2656
f 2656 2652 2654
f 2656 2654 2657
f 2657 2654 2714
f 2657 2714 2709
f 2709 2714 2725
f 2709 2725 2710
f 2710 2725 2727
f 2710 2727 2711
f 2711 2727 2730
f 2711 2730 2712
f 2712 2730 3005
f 2712 3005 2809
f 2809 3005 3006
f 2809 3006 2783
f 2783 3006 3007
f 2783 3007 2784
f 2138 2139 2137
f 2137 2139 3287
f 2137 3287 3325
f 3325 3287 3289
f 3325 3289 3327
f 3327 3289 3291
f 3327 3291 3329
f 3329 3291 3293
f 3329 3293 3331
f 3331 3293 1927
f 1927 1877 3331
f 3331 1877 1876
f 3331 1876 3332
f 3332 1876 1880
f 2146 2147 2145
f 2145 2147 3099
f 2145 3099 3278
f 3278 3099 3101
f 3278 3101 3280
f 3280 3101 3103
f 3280 3103 3282
f 3282 3103 3105
f 3282 3105 3284
f 3284 3105 1760
f 1760 1818 3284
f 3284 1818 1871
f 3284 1871 3285
f 3285 1871 1870
f 3345 3346 3347
f 3347 3346 3348
f 3347 3348 3349
f 3349 3348 3350
f 3349 3350 3351
f 3351 3350 3352
f 3351 3352 3353
f 3353 3352 3354
f 3353 3354 3355
f 3355 3354 3356
f 3355 3356 3357
f 3357 3356 3358
f 3357 3358 3359
f 3359 3358 3360
f 3359 3360 3361
f 3361 3360 3362
f 3361 3362 2151
f 3353 3363 3351
f 3351 3363 3364
f 3351 3364 3349
f 3349 3364 3365
f 3349 3365 3347
f 3347 3365 3366
f 3347 3366 3345
f 3345 3366 3367
f 3368 3369 3370
f 3370 3369 3371
f 3370 3371 3372
f 3372 3371 3373
f 3372 3373 3374
f 3374 3373 3375
f 3374 3375 3376
f 3376 3375 2150
f 3376 2150 3377
f 3377 2150 2149
f 3377 2149 3378
f 2151 2150 3361
f 3361 2150 3375
f 3361 3375 3359
f 3359 3375 3373
f 3359 3373 3357
f 3357 3373 3371
f 3357 3371 3355
f 3355 3371 3369
f 3355 3369 3353
f 3353 3369 3368
f 3353 3368 3363
f 2299 3009 2300
f 2300 3009 3362
f 2300 3362 2302
f 2302 3362 3360
f 2302 3360 2305
f 2305 3360 3358
f 2305 3358 2307
f 2307 3358 3356
f 2307 3356 2310
f 2310 3356 3354
f 2310 3354 2312
f 2312 3354 3352
f 2312 3352 2315
f 2315 3352 3350
f 2315 3350 2318
f 2318 3350 3348
f 2318 3348 2321
f 2321 3348 3346
f 2321 3346 2324
f 2324 3346 3345
f 2324 3345 2325
f 2325 3345 3367
f 2325 3367 2327
f 3320 3378 3202
f 3202 3378 2149
f 3202 2149 3178
f 3178 2149 2151
f 3178 2151 3179
f 3179 2151 3362
f 3179 3362 3227
f 3227 3362 3009
f 3227 3009 3226
f 3226 3009 3010
f 3226 3010 3225
f 3225 3010 3275
f 3225 3275 3224
f 3224 3275 3274
f 3224 3274 3223
f 3223 3274 3273
f 3223 3273 3222
f 3222 3273 3272
f 3222 3272 3221
f 3221 3272 3271
f 3221 3271 3220
f 3220 3271 3270
f 3220 3270 3219
f 3219 3270 3269
f 3219 3269 3218
f 3218 3269 3268
f 3218 3268 3217
f 3217 3268 3267
f 3217 3267 3216
f 3216 3267 3266
f 3216 3266 3215
f 3215 3266 3265
f 3215 3265 3214
f 3214 3265 3264
f 3214 3264 3213
f 3213 3264 3263
f 3213 3263 3212
f 3212 3263 3262
f 3212 3262 3211
f 3211 3262 3261
f 3211 3261 3210
f 3210 3261 3260
f 3210 3260 3209
f 3209 3260 3259
f 3209 3259 3208
f 3208 3259 3258
f 3208 3258 3207
f 3207 3258 3257
f 3207 3257 3206
f 3206 3257 3256
f 3206 3256 3205
f 3205 3256 3255
f 3205 3255 3204
f 3204 3255 3254
f 3204 3254 3203
f 3203 3254 3253
f 3203 3253 3276
f 3276 3253 3252
f 712 2344 2345
f 2345 2344 2343
f 2345 2343 2377
f 2377 2343 2359
f 2377 2359 2486
f 2486 2359 2358
f 2486 2358 2485
f 2485 2358 2477
f 2485 2477 2484
f 2484 2477 2480
f 2484 2480 2482
f 2482 2480 2495
f 2482 2495 2487
f 2487 2495 2497
f 2487 2497 2490
f 2490 2497 2499
f 2490 2499 2491
f 2491 2499 2501
f 2491 2501 2834
f 2834 2501 2503
f 2834 2503 2835
f 2835 2503 2806
f 2835 2806 2837
f 2837 2806 2804
f 2837 2804 2839
f 2839 2804 2802
f 2839 2802 2841
f 2841 2802 2800
f 2841 2800 2843
f 2843 2800 2798
f 2843 2798 2845
f 2845 2798 2796
f 2845 2796 2847
f 2847 2796 2794
f 2847 2794 2849
f 2849 2794 2792
f 2849 2792 2851
f 2851 2792 2790
f 2851 2790 2853
f 2853 2790 2788
f 2853 2788 2855
f 2855 2788 2786
f 2855 2786 2857
f 2857 2786 2784
f 2857 2784 2859
f 2859 2784 3007
f 2859 3007 2861
f 2861 3007 2927
f 2861 2927 2863
f 2863 2927 2929
f 2863 2929 2997
f 2997 2929 2930
f 2997 2930 2998
f 2998 2930 2931
f 2998 2931 2999
f 2999 2931 2932
f 2999 2932 3000
f 3000 2932 3004
f 3000 3004 2973
f 2973 3004 3002
f 2973 3002 2157
f 2157 3002 3001
f 2157 3001 2978
f 2978 3001 3003
f 2978 3003 2154
f 2154 3003 1129
f 2154 1129 1131
f 2130 2131 2128
f 2128 2131 3338
f 2128 3338 3296
f 3296 3338 3340
f 3296 3340 3324
f 3324 3340 3342
f 3324 3342 2637
f 2637 3342 3344
f 2637 3344 2638
f 2638 3344 1882
f 1882 1886 2638
f 2638 1886 1885
f 2638 1885 2640
f 2640 1885 1003
f 1731 1730 2234
f 2234 1730 3037
f 2234 3037 2232
f 2232 3037 3036
f 2232 3036 2230
f 2230 3036 3091
f 2230 3091 2228
f 2228 3091 3090
f 2228 3090 2240
f 2240 3090 3097
f 2240 3097 2238
f 2238 3097 2148
f 2238 2148 3016
f 3016 2148 2146
f 3016 2146 3025
f 3025 2146 2144
f 3025 2144 3035
f 3035 2144 2142
f 3035 2142 3053
f 3053 2142 2140
f 3053 2140 3069
f 3069 2140 2138
f 3069 2138 3089
f 3089 2138 2136
f 3089 2136 3106
f 3106 2136 2134
f 3106 2134 3228
f 3228 2134 2132
f 3228 2132 3252
f 3252 2132 2130
f 3252 2130 3276
f 3276 2130 2129
f 3276 2129 3277
f 3277 2129 3294
f 3277 3294 3297
f 3297 3294 3321
f 3297 3321 3298
f 3298 3321 3333
f 3298 3333 3299
f 3299 3333 2170
f 3299 2170 3300
f 3300 2170 2169
f 3300 2169 3301
f 3301 2169 2621
f 3301 2621 3302
f 3302 2621 2617
f 3302 2617 3303
f 3303 2617 2173
f 3303 2173 3304
f 3304 2173 2172
f 3304 2172 3305
f 3305 2172 2627
f 3305 2627 3306
f 3306 2627 2626
f 3306 2626 3307
f 3307 2626 2681
f 3307 2681 3308
f 3308 2681 2659
f 3308 2659 3309
f 3309 2659 2658
f 3309 2658 3310
f 3310 2658 2668
f 3310 2668 3311
f 3311 2668 2179
f 3311 2179 3312
f 3312 2179 2178
f 3312 2178 3313
f 3313 2178 2182
f 3313 2182 3314
f 3314 2182 2181
f 3314 2181 3315
f 3315 2181 2543
f 3315 2543 3316
f 3316 2543 2538
f 3316 2538 3317
f 3317 2538 2521
f 3317 2521 3318
f 3318 2521 2522
f 3318 2522 3319
f 3319 2522 2523
f 3319 2523 3320
f 3320 2523 2557
f 3320 2557 3378
f 3378 2557 2556
f 3378 2556 3377
f 3377 2556 2517
f 3377 2517 3376
f 3376 2517 2516
f 3376 2516 3374
f 3374 2516 2529
f 3374 2529 3372
f 3372 2529 2524
f 3372 2524 3370
f 3370 2524 2390
f 3370 2390 3368
f 3368 2390 2389
f 3368 2389 3363
f 3363 2389 2453
f 3363 2453 3364
f 3364 2453 2400
f 3364 2400 3365
f 3365 2400 2399
f 3365 2399 3366
f 3366 2399 2578
f 3366 2578 3367
f 3367 2578 2460
f 3367 2460 2327
f 2327 2460 2459
f 2327 2459 2326
f 2326 2459 2212
f 2326 2212 690
f 690 2212 689
f 886 892 2306
f 875 873 2322
f 2322 873 2323
f 2222 2219 926
f 926 2219 2293
f 906 3070 904
f 904 3070 903
f 906 907 3070
f 3070 907 909
f 3070 909 913
f 3070 915 919
f 919 918 3070
f 3070 918 920
f 3070 920 922
f 922 923 3070
f 3070 923 925
f 3070 925 926
f 2284 926 3039
f 3039 926 928
f 3039 928 930
f 926 2293 2292
f 926 2292 3070
f 3070 2295 903
f 903 2295 2294
f 903 2294 2298
f 2311 873 2309
f 2309 873 2308
f 886 2306 888
f 913 912 3070
f 3070 912 916
f 3070 916 915
f 675 677 2320
f 2320 677 871
f 2320 871 2322
f 2322 871 876
f 2322 876 875
f 880 878 2306
f 2306 878 884
f 2284 2288 926
f 926 2288 2287
f 926 2287 2290
f 2290 2289 926
f 926 2289 2223
f 926 2223 2222
f 2308 873 2306
f 2306 873 881
f 2306 881 880
f 884 883 2306
f 2306 883 889
f 2306 889 888
f 930 931 3039
f 3039 931 933
f 3039 933 934
f 934 936 3039
f 3039 936 937
f 3039 937 2281
f 2281 937 939
f 2311 2313 873
f 873 2313 2314
f 873 2314 2316
f 2316 2317 873
f 873 2317 2319
f 873 2319 2323
f 2298 2216 903
f 903 2216 2218
f 903 2218 901
f 901 2218 3129
f 901 3129 899
f 899 3129 3130
f 899 3130 897
f 897 3130 3012
f 897 3012 895
f 3012 2213 895
f 895 2213 2215
f 895 2215 893
f 2215 3008 893
f 893 3008 2299
f 893 2299 1991
f 1991 2299 2301
f 1991 2301 891
f 891 2301 2303
f 891 2303 892
f 892 2303 2304
f 892 2304 2306
f 990 992 2281
f 992 994 2281
f 2281 994 995
f 2281 995 997
f 939 941 2281
f 2281 941 942
f 2281 942 944
f 997 998 2281
f 2281 998 1000
f 2281 1000 1731
f 1731 2235 2281
f 2281 2235 2233
f 2281 2233 2231
f 2231 2229 2281
f 2281 2229 2242
f 2281 2242 2241
f 2279 2283 3013
f 3013 2283 2282
f 3013 2282 2281
f 944 945 2281
f 2281 945 947
f 2281 947 948
f 2250 2249 2281
f 2271 2270 3013
f 2270 2226 3013
f 3013 2226 2225
f 3013 2225 2276
f 2276 2274 3013
f 3013 2274 2280
f 3013 2280 2279
f 2249 2247 2281
f 2281 2247 2246
f 2281 2246 3013
f 984 986 2281
f 3013 2260 2259
f 2259 2263 3013
f 3013 2263 2262
f 3013 2262 2266
f 2266 2265 3013
f 3013 2265 2264
f 3013 2264 3017
f 986 987 2281
f 2281 987 989
f 2281 989 990
f 2241 2239 2281
f 2281 2239 2237
f 2281 2237 2236
f 2236 2243 2281
f 2281 2243 2245
f 2281 2245 2250
f 3013 2252 2251
f 3013 2251 2260
f 2260 2251 2257
f 2260 2257 2256
f 948 950 2281
f 2281 950 952
f 2281 952 953
f 953 954 2281
f 2281 954 956
f 2281 956 957
f 3017 2267 3013
f 3013 2267 2272
f 3013 2272 2271
f 957 959 2281
f 2281 959 962
f 2281 962 961
f 961 963 2281
f 2281 963 965
f 2281 965 966
f 966 968 2281
f 2281 968 969
f 2281 969 971
f 971 972 2281
f 2281 972 974
f 2281 974 975
f 975 977 2281
f 2281 977 980
f 2281 980 979
f 979 981 2281
f 2281 981 983
f 2281 983 984

