# https://github.com/mikedh/trimesh
v 0.02411847 -0.00622881 -0.00442976
v 0.02417674 -0.00624983 -0.00435726
v 0.02402020 -0.00679037 -0.00436398
v 0.02311772 -0.00593769 -0.00530538
v 0.02318635 -0.00595641 -0.00525173
v 0.02298683 -0.00649219 -0.00523205
v 0.01981899 -0.00555483 -0.00639294
v 0.02002283 -0.00556787 -0.00636802
v 0.01975144 -0.00611227 -0.00625963
v 0.02310425 -0.00697789 0.00494055
v 0.02328840 -0.00702947 0.00480425
v 0.02352592 -0.00663861 0.00482024
v 0.02423232 -0.00733338 0.00386280
v 0.02424791 -0.00733890 0.00384420
v 0.02444915 -0.00694106 0.00383836
v 0.02524569 -0.00776334 0.00193385
v 0.02538900 -0.00784061 0.00137447
v 0.02554750 -0.00743096 0.00136860
v 0.02502745 -0.00765679 -0.00251125
v 0.02494963 -0.00762168 -0.00267981
v 0.02513094 -0.00722253 -0.00267371
v 0.02365968 -0.00713685 -0.00450083
v 0.02328670 -0.00702719 -0.00480901
v 0.02352851 -0.00663996 -0.00482697
v 0.01967609 -0.00649827 -0.00610704
v 0.01943700 -0.00648721 -0.00613396
v 0.01582983 -0.00631088 -0.00649950
v 0.01529890 -0.00627806 -0.00654420
v 0.01561650 -0.00589872 -0.00664644
v 0.01281280 -0.00612109 -0.00675093
v 0.01256636 -0.00610152 -0.00676824
v 0.01285685 -0.00573781 -0.00686029
v 0.01009683 -0.00555068 -0.00704037
v 0.01023452 -0.00591632 -0.00693208
v 0.01013369 -0.00590831 -0.00693917
v 0.01299995 -0.00613595 -0.00673778
v 0.01530930 -0.00625898 0.00655804
v 0.01545047 -0.00626859 0.00654605
v 0.01561571 -0.00588468 0.00664336
v 0.01659932 -0.00633103 0.00643189
v 0.01837230 -0.00603655 0.00639322
v 0.01299995 -0.00610176 0.00675414
v 0.01285696 -0.00571566 0.00685904
v 0.01277358 -0.00608491 0.00677135
v 0.00928811 -0.00577704 0.00700735
v 0.00993532 -0.00583798 0.00696578
v 0.01009750 -0.00552293 0.00703979
v 0.01023424 -0.00586612 0.00694658
v 0.01174478 -0.00600835 0.00684956
v 0.01257772 -0.00607034 0.00678624
v 0.00750000 -0.00520088 -0.00724360
v 0.00750000 -0.00483915 -0.00734201
v 0.00766429 -0.00531720 -0.00720394
v 0.00806679 -0.00521448 -0.00721828
v 0.00805117 -0.00550847 -0.00713031
v 0.00829155 -0.00562731 -0.00708456
v 0.00871802 -0.00542784 -0.00712627
v 0.00836911 -0.00566566 -0.00706980
v 0.00992612 -0.00588827 -0.00695169
v 0.00928008 -0.00582590 -0.00699067
v 0.00940614 -0.00549991 -0.00708025
v 0.00916246 -0.00581454 -0.00699776
v 0.00864598 -0.00571762 -0.00704466
v 0.01837394 -0.00604384 -0.00639884
v 0.01852687 -0.00644512 -0.00623640
v 0.01805444 -0.00642160 -0.00628248
v 0.01674651 -0.00635650 -0.00641007
v 0.02149012 -0.00662174 -0.00579267
v 0.02133784 -0.00660509 -0.00583295
v 0.02111936 -0.00618700 -0.00605584
v 0.02260387 -0.00684347 -0.00528314
v 0.02226580 -0.00676756 -0.00546018
v 0.02240358 -0.00636029 -0.00558020
v 0.02214247 -0.00673987 -0.00552476
v 0.02212992 -0.00673705 -0.00553133
v 0.02202495 -0.00671348 -0.00558630
v 0.02177894 -0.00625464 -0.00585918
v 0.02051209 -0.00653941 -0.00600273
v 0.02031594 -0.00652787 -0.00603503
v 0.02043859 -0.00614860 -0.00617755
v 0.02099942 -0.00656810 -0.00592248
v 0.02081779 -0.00655741 -0.00595239
v 0.02061529 -0.00654549 -0.00598573
v 0.02462819 -0.00748481 -0.00328315
v 0.02446650 -0.00741896 -0.00355247
v 0.02445172 -0.00694198 -0.00384452
v 0.02438449 -0.00738861 -0.00366034
v 0.02424949 -0.00733865 -0.00383792
v 0.02424361 -0.00733647 -0.00384565
v 0.02407410 -0.00727374 -0.00406861
v 0.02379628 -0.00718196 -0.00435837
v 0.02368128 -0.00714398 -0.00447830
v 0.02537433 -0.00733956 -0.00203647
v 0.02520249 -0.00774142 -0.00204185
v 0.02518263 -0.00773145 -0.00210091
v 0.02509076 -0.00768536 -0.00237411
v 0.02550271 -0.00790451 -0.00066975
v 0.02549973 -0.00790279 -0.00069436
v 0.02565659 -0.00749412 -0.00069225
v 0.02545721 -0.00787826 -0.00104533
v 0.02538769 -0.00783919 -0.00136260
v 0.02554864 -0.00743140 -0.00137321
v 0.02538448 -0.00783739 -0.00137723
v 0.02530685 -0.00779377 -0.00173154
v 0.02484206 -0.00757314 -0.00291282
v 0.02481394 -0.00756045 -0.00297375
v 0.02482232 -0.00708791 -0.00327851
v 0.02317981 -0.00699576 -0.00489732
v 0.02316792 -0.00699262 -0.00490529
v 0.02292327 -0.00692792 -0.00506918
v 0.02272789 -0.00687626 -0.00520007
v 0.02550410 -0.00790626 0.00069106
v 0.02565611 -0.00749381 0.00068801
v 0.02541225 -0.00785315 0.00128371
v 0.02539037 -0.00784135 0.00136913
v 0.02481991 -0.00708708 0.00327269
v 0.02470234 -0.00751514 0.00317225
v 0.02512874 -0.00722190 0.00266828
v 0.02482245 -0.00756760 0.00293342
v 0.02495159 -0.00762399 0.00267664
v 0.02401750 -0.00678944 0.00435751
v 0.02388806 -0.00721133 0.00427330
v 0.02430870 -0.00736045 0.00377172
v 0.02438431 -0.00739017 0.00365656
v 0.02463119 -0.00748718 0.00328060
v 0.02501756 -0.00765280 0.00254547
v 0.02502720 -0.00765747 0.00251964
v 0.02537256 -0.00733906 0.00203146
v 0.02517902 -0.00773103 0.00211260
v 0.02520634 -0.00774427 0.00203936
v 0.02292455 -0.00692755 0.00507355
v 0.02298441 -0.00649037 0.00522519
v 0.02286258 -0.00691019 0.00511941
v 0.02177664 -0.00625259 0.00585181
v 0.02172558 -0.00665802 0.00571059
v 0.02240139 -0.00635796 0.00557342
v 0.02213355 -0.00673901 0.00552719
v 0.02214221 -0.00674073 0.00552330
v 0.02220228 -0.00675266 0.00549629
v 0.02230291 -0.00677264 0.00545105
v 0.02273144 -0.00687796 0.00519713
v 0.02042024 -0.00653153 0.00602101
v 0.02043642 -0.00614512 0.00617025
v 0.01967605 -0.00649431 0.00610904
v 0.01974946 -0.00610675 0.00625306
v 0.02082295 -0.00655827 0.00594958
v 0.02111693 -0.00618486 0.00604807
v 0.02051255 -0.00653671 0.00600805
v 0.02048335 -0.00653469 0.00601355
v 0.02117071 -0.00658243 0.00588408
v 0.02133743 -0.00660514 0.00583196
v 0.02149496 -0.00662660 0.00578270
v 0.02343451 -0.00707040 0.00469611
v 0.02367969 -0.00714659 0.00446754
v 0.02379955 -0.00718383 0.00435581
v 0.00824687 -0.00557499 0.00710560
v 0.00829862 -0.00558773 0.00709990
v 0.00806734 -0.00518645 0.00721658
v 0.00871882 -0.00539938 0.00712527
v 0.00865315 -0.00567501 0.00706088
v 0.00893107 -0.00574342 0.00703029
v 0.00940691 -0.00547163 0.00707953
v 0.01806277 -0.00641056 0.00628647
v 0.01877152 -0.00644908 0.00621604
v 0.01944417 -0.00648272 0.00613647
v 0.02573338 -0.00695317 0.00067475
v 0.02574245 -0.00696022 0.00049025
v 0.02576566 -0.00697829 0.00001773
v 0.02562547 -0.00688311 0.00139498
v 0.02561497 -0.00687741 0.00143578
v 0.02549320 -0.00681135 0.00190895
v 0.02573197 -0.00695225 0.00068414
v 0.02569026 -0.00692517 0.00096256
v 0.02563060 -0.00688644 0.00136070
v 0.02520365 -0.00666472 0.00272925
v 0.02513957 -0.00663595 0.00285603
v 0.02452173 -0.00637426 0.00391852
v 0.02422881 -0.00626958 0.00427723
v 0.02493644 -0.00654477 0.00325794
v 0.02490279 -0.00652966 0.00332451
v 0.02489152 -0.00652461 0.00334680
v 0.02459643 -0.00640463 0.00380303
v 0.02458202 -0.00639876 0.00382532
v 0.02546457 -0.00679582 0.00202020
v 0.02545507 -0.00679067 0.00205712
v 0.02523165 -0.00667875 0.00265438
v 0.02319504 -0.00596000 0.00522917
v 0.02359752 -0.00606831 0.00492017
v 0.02369797 -0.00609929 0.00482346
v 0.02377059 -0.00612169 0.00475354
v 0.02212990 -0.00574533 0.00584921
v 0.02243171 -0.00579363 0.00570429
v 0.02253154 -0.00580960 0.00565635
v 0.02261167 -0.00582696 0.00560710
v 0.02317699 -0.00595514 0.00524303
v 0.02306856 -0.00592596 0.00532627
v 0.02273013 -0.00585263 0.00553429
v 0.02141704 -0.00566042 0.00611908
v 0.02136146 -0.00565653 0.00613184
v 0.02114541 -0.00564141 0.00618144
v 0.02084426 -0.00562033 0.00625059
v 0.02081605 -0.00561835 0.00625706
v 0.02001199 -0.00556634 0.00636090
v 0.02021137 -0.00557924 0.00633515
v 0.02069195 -0.00561032 0.00627309
v 0.02200538 -0.00572541 0.00590900
v 0.02196654 -0.00571920 0.00592765
v 0.02149534 -0.00566879 0.00609180
v 0.02416922 -0.00624829 0.00435021
v 0.02409467 -0.00622165 0.00444150
v 0.02385453 -0.00614758 0.00467271
v 0.01015704 -0.00499313 0.00710873
v 0.01012087 -0.00499103 0.00711108
v 0.00952953 -0.00495373 0.00714447
v 0.00892704 -0.00490941 0.00718062
v 0.00878734 -0.00488563 0.00719352
v 0.00856206 -0.00484729 0.00721432
v 0.00840542 -0.00479364 0.00723691
v 0.00951910 -0.00495308 0.00714506
v 0.00921740 -0.00493405 0.00716210
v 0.00898609 -0.00491946 0.00717516
v 0.01142189 -0.00506664 0.00702658
v 0.01065559 -0.00502211 0.00707635
v 0.01025046 -0.00499856 0.00710266
v 0.01311768 -0.00516520 0.00691645
v 0.01869879 -0.00549027 0.00648724
v 0.01864423 -0.00548709 0.00649172
v 0.01769632 -0.00543183 0.00656958
v 0.01689907 -0.00538535 0.00663507
v 0.01644304 -0.00535876 0.00667252
v 0.01517986 -0.00528512 0.00677628
v 0.01481653 -0.00526394 0.00680612
v 0.01392997 -0.00521241 0.00686370
v 0.01996580 -0.00556336 0.00636686
v 0.01957381 -0.00554075 0.00640410
v 0.01894394 -0.00550441 0.00646395
v 0.00750000 -0.00425057 -0.00742058
v 0.00759186 -0.00432749 -0.00739912
v 0.00889980 -0.00490803 -0.00718908
v 0.00894576 -0.00491183 -0.00718625
v 0.00923649 -0.00493586 -0.00716835
v 0.00940155 -0.00494950 -0.00715818
v 0.00952517 -0.00495654 -0.00715141
v 0.00776991 -0.00447657 -0.00735752
v 0.00797848 -0.00460272 -0.00731582
v 0.00809350 -0.00467229 -0.00729282
v 0.00811645 -0.00468617 -0.00728823
v 0.00841967 -0.00480311 -0.00724099
v 0.00847573 -0.00482474 -0.00723225
v 0.00879217 -0.00488689 -0.00720003
v 0.00954973 -0.00495794 -0.00715006
v 0.01017786 -0.00499373 -0.00711562
v 0.01025821 -0.00499831 -0.00711121
v 0.01035275 -0.00500370 -0.00710603
v 0.01090683 -0.00503593 -0.00707295
v 0.01143316 -0.00506654 -0.00704153
v 0.01199877 -0.00509945 -0.00700777
v 0.02023154 -0.00558121 -0.00634251
v 0.01771712 -0.00543211 -0.00657826
v 0.01865534 -0.00548689 -0.00649554
v 0.01897220 -0.00550539 -0.00646760
v 0.01959353 -0.00554167 -0.00641282
v 0.02131467 -0.00565179 -0.00615728
v 0.02137281 -0.00565565 -0.00614445
v 0.02138477 -0.00565644 -0.00614181
v 0.02151700 -0.00567071 -0.00609604
v 0.02197332 -0.00571996 -0.00593808
v 0.02252235 -0.00580746 -0.00567431
v 0.02261995 -0.00582881 -0.00561382
v 0.02274563 -0.00585630 -0.00553595
v 0.02201507 -0.00572661 -0.00591802
v 0.02214669 -0.00574759 -0.00585479
v 0.02251460 -0.00580623 -0.00567803
v 0.02070301 -0.00561137 -0.00628488
v 0.02077820 -0.00561617 -0.00627569
v 0.02086482 -0.00562192 -0.00625657
v 0.02381883 -0.00613567 -0.00472254
v 0.02386623 -0.00615041 -0.00467622
v 0.02492764 -0.00653957 -0.00329685
v 0.02493479 -0.00654251 -0.00328552
v 0.02491094 -0.00653269 -0.00332332
v 0.02462905 -0.00641664 -0.00377023
v 0.02426705 -0.00628241 -0.00424490
v 0.02455788 -0.00638734 -0.00388306
v 0.02458973 -0.00640045 -0.00383257
v 0.02569758 -0.00692993 -0.00092708
v 0.02573187 -0.00695258 -0.00068836
v 0.02547245 -0.00679932 -0.00201630
v 0.02550780 -0.00681874 -0.00187383
v 0.02562528 -0.00688330 -0.00140033
v 0.02563553 -0.00688893 -0.00135902
v 0.02494466 -0.00654700 -0.00326538
v 0.02516195 -0.00664588 -0.00282183
v 0.02523364 -0.00667850 -0.00267551
v 0.02546910 -0.00679762 -0.00202555
v 0.02325329 -0.00597466 -0.00519942
v 0.02364052 -0.00608025 -0.00489677
v 0.02370697 -0.00610091 -0.00483184
v 0.01312896 -0.00516512 -0.00692734
v 0.01395426 -0.00521308 -0.00686860
v 0.01520715 -0.00528589 -0.00677944
v 0.01639025 -0.00535464 -0.00669524
v 0.01645181 -0.00535823 -0.00668981
v 0.01724499 -0.00540454 -0.00661988
v 0.00750000 -0.00481196 0.00733953
v 0.00750000 -0.00516025 0.00725602
v 0.00805453 -0.00546818 0.00714434
v 0.02550692 -0.00790789 0.00067287
v 0.02551396 -0.00791196 0.00062743
v 0.02569508 -0.00751852 -0.00000203
v 0.02554897 -0.00793095 -0.00000000
v 0.02553394 -0.00792253 -0.00041198
v 0.00819917 -0.00472300 0.00726666
v 0.00809363 -0.00466545 0.00728785
v 0.00796436 -0.00459496 0.00731381
v 0.00783380 -0.00452376 0.00734002
v 0.00758135 -0.00431552 0.00739813
v 0.00750000 -0.00424841 0.00741686
v 0.02573592 -0.00695526 -0.00066015
v 0.02574545 -0.00696264 -0.00045475
v 0.02576645 -0.00697890 -0.00000212
v 0.02576654 -0.00697897 -0.00000012
v 0.02195445 -0.00848056 0.00000000
v 0.02260806 -0.00846895 -0.00000000
v 0.02262108 -0.00843451 0.00087952
v 0.02364758 -0.00742338 0.00405279
v 0.02285267 -0.00748714 0.00425307
v 0.02278099 -0.00786221 0.00345034
v 0.02048979 -0.00685684 0.00569726
v 0.01965095 -0.00690056 0.00573136
v 0.01962112 -0.00719765 0.00537281
v 0.02500838 -0.00779707 0.00216222
v 0.02291856 -0.00699477 0.00499404
v 0.01300003 -0.00740196 0.00575572
v 0.01300002 -0.00751966 0.00558534
v 0.01299988 -0.00824695 0.00390277
v 0.01299988 -0.00826394 0.00382767
v 0.01609940 -0.00815490 0.00377128
v 0.01299956 -0.00854941 0.00116202
v 0.01299963 -0.00855365 0.00096442
v 0.01926040 -0.00847946 0.00094014
v 0.01300000 -0.00857433 -0.00000000
v 0.01550853 -0.00854806 0.00000000
v 0.01299999 -0.00857386 0.00002218
v 0.01300021 -0.00846885 0.00260791
v 0.01300002 -0.00848882 0.00228448
v 0.01930538 -0.00839484 0.00187479
v 0.01299980 -0.00851093 0.00192629
v 0.01299948 -0.00854478 0.00137804
v 0.01299985 -0.00836322 0.00338885
v 0.01300009 -0.00843163 0.00288311
v 0.01937420 -0.00825050 0.00279834
v 0.01299990 -0.00819525 0.00413124
v 0.01618701 -0.00784130 0.00466545
v 0.01300002 -0.00809710 0.00441688
v 0.01300005 -0.00777525 0.00517893
v 0.01300014 -0.00790651 0.00491394
v 0.01300019 -0.00797108 0.00478361
v 0.01300017 -0.00798395 0.00474613
v 0.01958482 -0.00745636 0.00498374
v 0.01300001 -0.00765937 0.00538310
v 0.01300000 -0.00771147 0.00530768
v 0.01300005 -0.00686307 0.00627537
v 0.01300004 -0.00697641 0.00618796
v 0.01300003 -0.00704425 0.00613564
v 0.01300003 -0.00721466 0.00595465
v 0.01300003 -0.00734881 0.00581216
v 0.01967284 -0.00656812 0.00605157
v 0.01300004 -0.00647372 0.00654552
v 0.01300006 -0.00654926 0.00650315
v 0.01300008 -0.00661693 0.00646520
v 0.02214212 -0.00675756 0.00551004
v 0.02132198 -0.00680942 0.00562927
v 0.02211210 -0.00705155 0.00516432
v 0.02288713 -0.00725694 0.00463364
v 0.02358744 -0.00780781 0.00328889
v 0.02434536 -0.00769193 0.00308859
v 0.02429876 -0.00798413 0.00233981
v 0.02497721 -0.00800222 0.00145147
v 0.02494037 -0.00814830 -0.00000000
v 0.02495662 -0.00812904 0.00072872
v 0.02129092 -0.00710421 0.00527639
v 0.02125445 -0.00736403 0.00489501
v 0.02121416 -0.00758840 0.00449170
v 0.02105050 -0.00819687 0.00275466
v 0.02112993 -0.00794488 0.00364109
v 0.01945693 -0.00801768 0.00370227
v 0.01954386 -0.00767638 0.00457154
v 0.02207722 -0.00731238 0.00479136
v 0.02203893 -0.00753947 0.00439725
v 0.02195924 -0.00790481 0.00356600
v 0.02188431 -0.00816770 0.00269896
v 0.02094157 -0.00845742 0.00092655
v 0.01924470 -0.00850894 0.00000000
v 0.02092643 -0.00849132 0.00000000
v 0.02265776 -0.00832214 0.00175251
v 0.02098470 -0.00836006 0.00184688
v 0.02271356 -0.00813693 0.00261235
v 0.02423435 -0.00831282 0.00078833
v 0.02425995 -0.00818763 0.00157038
v 0.02353061 -0.00809418 0.00249088
v 0.02348343 -0.00829076 0.00167142
v 0.02345238 -0.00841096 0.00083894
v 0.02341597 -0.00845459 -0.00000000
v 0.02344111 -0.00845087 -0.00000000
v 0.02422217 -0.00833530 -0.00000000
v 0.02455445 -0.00828613 -0.00000000
v 0.02125240 -0.00737739 -0.00487315
v 0.02128896 -0.00712098 -0.00525403
v 0.02211023 -0.00706832 -0.00514243
v 0.01299970 -0.00855064 -0.00095948
v 0.02214044 -0.00677782 -0.00548831
v 0.02495668 -0.00812944 -0.00072504
v 0.02497707 -0.00800385 -0.00144420
v 0.02500799 -0.00780077 -0.00215156
v 0.02429824 -0.00798785 -0.00232828
v 0.02434451 -0.00769872 -0.00307372
v 0.02358637 -0.00781453 -0.00327304
v 0.02364621 -0.00743438 -0.00403406
v 0.02285100 -0.00749796 -0.00423340
v 0.02291689 -0.00701157 -0.00497287
v 0.02132024 -0.00682979 -0.00560713
v 0.02048808 -0.00687733 -0.00567491
v 0.01967166 -0.00659269 -0.00603032
v 0.02051192 -0.00655152 -0.00599585
v 0.01300006 -0.00700477 -0.00615864
v 0.01300007 -0.00689096 -0.00625705
v 0.01300008 -0.00679119 -0.00634334
v 0.01300005 -0.00658107 -0.00647713
v 0.01300003 -0.00650361 -0.00652645
v 0.01300000 -0.00632777 -0.00663841
v 0.01300003 -0.00737108 -0.00577773
v 0.01300003 -0.00723831 -0.00593417
v 0.01964931 -0.00692117 -0.00570894
v 0.01300003 -0.00716659 -0.00601869
v 0.01299999 -0.00767843 -0.00534694
v 0.01300002 -0.00754172 -0.00556530
v 0.01961917 -0.00721444 -0.00535004
v 0.01300002 -0.00751463 -0.00560857
v 0.01299982 -0.00836820 -0.00336050
v 0.01300019 -0.00827053 -0.00380934
v 0.01945527 -0.00802339 -0.00368432
v 0.01300023 -0.00825875 -0.00386350
v 0.01300038 -0.00822074 -0.00403818
v 0.01299999 -0.00811108 -0.00437850
v 0.01954180 -0.00768654 -0.00455025
v 0.01299967 -0.00801926 -0.00466346
v 0.01299971 -0.00799213 -0.00472294
v 0.01299979 -0.00792218 -0.00487630
v 0.01299956 -0.00851359 -0.00191671
v 0.01299961 -0.00849155 -0.00224398
v 0.01930488 -0.00839595 -0.00186542
v 0.01299967 -0.00846325 -0.00266419
v 0.01937312 -0.00825330 -0.00278449
v 0.01299972 -0.00843530 -0.00286894
v 0.01299981 -0.00837167 -0.00333504
v 0.01299951 -0.00853478 -0.00160202
v 0.01926032 -0.00847976 -0.00093541
v 0.02094153 -0.00845776 -0.00092189
v 0.02345240 -0.00841137 -0.00083472
v 0.02262108 -0.00843490 -0.00087509
v 0.02423440 -0.00831323 -0.00078436
v 0.02425975 -0.00818925 -0.00156253
v 0.02348316 -0.00829233 -0.00166307
v 0.02265741 -0.00832361 -0.00174375
v 0.02098425 -0.00836134 -0.00183765
v 0.02352994 -0.00809781 -0.00247859
v 0.02271274 -0.00814038 -0.00259947
v 0.02188337 -0.00817098 -0.00268564
v 0.02104948 -0.00819997 -0.00274106
v 0.02277968 -0.00786871 -0.00343370
v 0.02195777 -0.00791108 -0.00354879
v 0.02112835 -0.00795095 -0.00362349
v 0.01958273 -0.00746956 -0.00496141
v 0.01299997 -0.00778550 -0.00517593
v 0.02045703 -0.00716945 -0.00531784
v 0.02203705 -0.00755009 -0.00437689
v 0.02121216 -0.00759885 -0.00447088
v 0.01023336 -0.00855257 0.00225805
v 0.01023537 -0.00706321 -0.00623756
v 0.00750041 -0.00558222 0.00710557
v 0.00750065 -0.00583924 0.00701394
v 0.00750089 -0.00609198 0.00688888
v 0.00750114 -0.00635849 0.00675702
v 0.00750129 -0.00657665 0.00661305
v 0.01023513 -0.00658420 0.00659297
v 0.00750156 -0.00790094 0.00518903
v 0.00750138 -0.00802339 0.00492735
v 0.01023522 -0.00800487 0.00493726
v 0.00750120 -0.00813943 0.00467937
v 0.00750096 -0.00823036 0.00440981
v 0.01023478 -0.00819928 0.00442323
v 0.00750015 -0.00847861 0.00346275
v 0.00750007 -0.00849502 0.00333474
v 0.01023386 -0.00844670 0.00335559
v 0.00750041 -0.00562260 -0.00709238
v 0.00750060 -0.00582115 -0.00702119
v 0.00750090 -0.00613018 -0.00687004
v 0.01023475 -0.00613867 -0.00683552
v 0.00750141 -0.00679678 -0.00646848
v 0.00750128 -0.00661207 -0.00658906
v 0.01023514 -0.00662063 -0.00656968
v 0.00750109 -0.00633545 -0.00676964
v 0.00750103 -0.00627202 -0.00680066
v 0.01023549 -0.00744966 -0.00584054
v 0.00750158 -0.00721198 -0.00611026
v 0.00750152 -0.00705607 -0.00624477
v 0.00750151 -0.00702612 -0.00627061
v 0.00750163 -0.00767481 -0.00554121
v 0.00750166 -0.00758316 -0.00568213
v 0.00750163 -0.00744693 -0.00583926
v 0.00750159 -0.00777744 -0.00538341
v 0.01023546 -0.00777009 -0.00538875
v 0.00750156 -0.00787472 -0.00523384
v 0.01023518 -0.00802140 -0.00489851
v 0.00750119 -0.00812566 -0.00470684
v 0.00750121 -0.00811827 -0.00472822
v 0.00750132 -0.00804066 -0.00488934
v 0.00750089 -0.00824200 -0.00437012
v 0.01023473 -0.00821140 -0.00438332
v 0.00750068 -0.00832175 -0.00413934
v 0.01023424 -0.00835257 -0.00385394
v 0.00750043 -0.00839186 -0.00383655
v 0.01023381 -0.00845252 -0.00331502
v 0.00750013 -0.00847441 -0.00348005
v 0.00750023 -0.00844504 -0.00360687
v 0.00749957 -0.00859328 -0.00219361
v 0.00749963 -0.00858135 -0.00246241
v 0.01023334 -0.00855448 -0.00221759
v 0.00749971 -0.00856797 -0.00276395
v 0.00750002 -0.00849869 -0.00329416
v 0.00749948 -0.00860903 -0.00183859
v 0.01023318 -0.00860331 0.00002182
v 0.00749939 -0.00862945 -0.00054408
v 0.00749956 -0.00859877 0.00204833
v 0.00749948 -0.00861200 0.00172657
v 0.01023322 -0.00858920 0.00114449
v 0.00749942 -0.00862272 0.00033099
v 0.00749941 -0.00862510 0.00002145
v 0.00749960 -0.00859113 0.00223395
v 0.00749973 -0.00856988 0.00275073
v 0.00750003 -0.00850482 0.00325829
v 0.00750095 -0.00823475 0.00439678
v 0.00750069 -0.00833109 0.00411118
v 0.01023430 -0.00834390 0.00389432
v 0.00750050 -0.00838440 0.00387687
v 0.00750162 -0.00775480 0.00541913
v 0.00750159 -0.00784536 0.00527653
v 0.01023548 -0.00774818 0.00542539
v 0.00750153 -0.00702343 0.00627242
v 0.00750162 -0.00724937 0.00607403
v 0.01023549 -0.00742234 0.00587381
v 0.00750163 -0.00731149 0.00600071
v 0.00750165 -0.00742014 0.00587249
v 0.00750168 -0.00760669 0.00565232
v 0.00750144 -0.00681347 0.00645678
v 0.01023536 -0.00703077 0.00626606
v 0.00750129 -0.00657883 0.00661161
v 0.01023472 -0.00609970 0.00685380
v 0.00750056 -0.00573623 0.00705067
v 0.01908274 -0.00514658 -0.00632460
v 0.01806378 -0.00509318 -0.00641175
v 0.02104187 -0.00524925 0.00341710
v 0.01986553 -0.00518760 0.00623843
v 0.02033036 -0.00521196 0.00619589
v 0.02039681 -0.00521545 0.00618549
v 0.02050943 -0.00522135 0.00616786
v 0.02104187 -0.00524925 0.00608452
v 0.01798544 -0.00508907 -0.00641801
v 0.01672511 -0.00502302 -0.00651876
v 0.01796771 -0.00508814 0.00640842
v 0.01647347 -0.00500983 -0.00653887
v 0.01671149 -0.00502231 0.00650630
v 0.01546388 -0.00495692 -0.00661383
v 0.01524014 -0.00494520 0.00662095
v 0.01541249 -0.00495423 -0.00661764
v 0.01524014 -0.00494520 -0.00663044
v 0.01995602 -0.00519235 -0.00624397
v 0.01987808 -0.00518826 -0.00625117
v 0.01924739 -0.00515521 -0.00630940
v 0.02104187 -0.00524925 -0.00609612
v 0.02068822 -0.00523072 -0.00615954
v 0.02104187 -0.00524925 -0.00341710
v 0.02064835 -0.00522863 -0.00616413
v 0.02052788 -0.00522231 -0.00617803
v 0.01806422 -0.00509320 0.00640090
v 0.01840380 -0.00511100 0.00637218
v 0.01923444 -0.00515453 0.00629618
v 0.02455074 -0.00603348 -0.00377435
v 0.02433854 -0.00595055 -0.00404886
v 0.02504685 -0.00624909 -0.00201572
v 0.02116244 -0.00525839 0.00605320
v 0.02154300 -0.00528722 0.00595435
v 0.02177828 -0.00531318 0.00587558
v 0.02180331 -0.00531686 0.00586495
v 0.02217003 -0.00537081 0.00570923
v 0.02231769 -0.00539253 0.00564653
v 0.02243503 -0.00541715 -0.00559100
v 0.02259626 -0.00544713 -0.00550702
v 0.02225847 -0.00538431 -0.00568296
v 0.02217618 -0.00536901 -0.00572582
v 0.02182471 -0.00532231 -0.00586290
v 0.02162135 -0.00529529 -0.00594222
v 0.02118143 -0.00526034 -0.00605905
v 0.02300157 -0.00553655 0.00524844
v 0.02281082 -0.00548971 -0.00013667
v 0.02283695 -0.00549553 0.00536036
v 0.02259610 -0.00544775 0.00549309
v 0.02302326 -0.00554196 0.00523369
v 0.02333787 -0.00562036 0.00501980
v 0.02348277 -0.00566126 0.00490655
v 0.02364739 -0.00571295 0.00475774
v 0.02394011 -0.00580487 0.00449313
v 0.02410281 -0.00586367 0.00431047
v 0.02417574 -0.00588837 -0.00425137
v 0.02411292 -0.00586668 -0.00431661
v 0.02420757 -0.00589936 -0.00421830
v 0.02433912 -0.00594908 0.00404517
v 0.02412895 -0.00587312 0.00428113
v 0.02379278 -0.00575616 -0.00464913
v 0.02369848 -0.00572811 -0.00472820
v 0.02331709 -0.00561467 -0.00504795
v 0.02308296 -0.00555715 -0.00520482
v 0.02301575 -0.00554064 -0.00524986
v 0.02278748 -0.00548457 -0.00540280
v 0.02241795 -0.00541241 0.00559127
v 0.02272465 -0.00547100 -0.00544015
v 0.02435345 -0.00595425 0.00402910
v 0.02451346 -0.00601920 0.00380573
v 0.02472151 -0.00610363 0.00351531
v 0.02499316 -0.00622420 0.00304879
v 0.02508149 -0.00626639 0.00285848
v 0.02511798 -0.00628381 0.00277988
v 0.02526855 -0.00635573 0.00245548
v 0.02545514 -0.00645066 0.00191076
v 0.02547815 -0.00646236 0.00184360
v 0.02557468 -0.00651366 0.00143673
v 0.02561100 -0.00653296 0.00128366
v 0.02565659 -0.00655788 0.00096332
v 0.02570172 -0.00658254 0.00064625
v 0.02570906 -0.00658662 0.00049036
v 0.02573132 -0.00659897 0.00001742
v 0.02573232 -0.00659952 -0.00000394
v 0.02571975 -0.00659254 -0.00042461
v 0.02571739 -0.00659122 -0.00045553
v 0.02570234 -0.00658289 -0.00065210
v 0.02566334 -0.00656157 -0.00092844
v 0.02561181 -0.00653340 -0.00129363
v 0.02558565 -0.00651952 -0.00140199
v 0.02547106 -0.00645875 -0.00187646
v 0.02512408 -0.00628690 -0.00277979
v 0.02510259 -0.00627672 -0.00282473
v 0.02546144 -0.00645364 -0.00191632
v 0.02524825 -0.00634571 -0.00252018
v 0.02494913 -0.00620405 -0.00314555
v 0.02460712 -0.00605551 -0.00370142
v 0.01020368 -0.00493519 0.00707492
v 0.01650740 -0.00526475 0.00663458
v 0.02492446 -0.00651658 -0.00329719
v 0.01545806 -0.00496327 -0.00661776
v 0.02511496 -0.00629617 -0.00282584
v 0.01540732 -0.00500125 0.00663036
v 0.01052993 -0.00469834 0.00692059
v 0.01040055 -0.00469156 0.00692821
v 0.00758615 -0.00393130 0.00722265
v 0.00750000 -0.00382656 0.00724108
v 0.00750000 -0.00403696 0.00732994
v 0.00775860 -0.00409362 0.00718659
v 0.00786280 -0.00419169 0.00716480
v 0.00801344 -0.00428870 0.00713670
v 0.00813926 -0.00436973 0.00711323
v 0.00848822 -0.00452385 0.00706037
v 0.00819285 -0.00440424 0.00710323
v 0.00857122 -0.00457575 0.00706207
v 0.00853853 -0.00454422 0.00705307
v 0.00858531 -0.00455394 0.00704824
v 0.00879918 -0.00459835 0.00702618
v 0.00906062 -0.00473886 0.00707116
v 0.00900023 -0.00461818 0.00701069
v 0.01089813 -0.00471764 0.00689987
v 0.01166225 -0.00475769 0.00685502
v 0.01203373 -0.00477716 0.00683322
v 0.01418895 -0.00489011 0.00669054
v 0.01511601 -0.00493869 0.00662916
v 0.02048099 -0.00524478 0.00618665
v 0.02095365 -0.00549162 0.00618591
v 0.02229468 -0.00554872 0.00570939
v 0.02509545 -0.00630838 0.00285919
v 0.02234523 -0.00551174 -0.00568259
v 0.02102361 -0.00543194 -0.00616223
v 0.01656545 -0.00521778 -0.00661953
v 0.01420804 -0.00489111 -0.00669835
v 0.01203351 -0.00477714 -0.00684145
v 0.01168223 -0.00475873 -0.00686171
v 0.01054790 -0.00469929 -0.00692716
v 0.01042060 -0.00469262 -0.00693459
v 0.00879704 -0.00459804 -0.00703297
v 0.00908732 -0.00473086 -0.00707081
v 0.00867398 -0.00457646 -0.00704359
v 0.00858994 -0.00457533 -0.00706319
v 0.00965620 -0.00482574 -0.00707100
v 0.00936522 -0.00478260 -0.00707117
v 0.00916138 -0.00462662 -0.00700804
v 0.00900023 -0.00461818 -0.00701744
v 0.00851895 -0.00453498 -0.00706208
v 0.00855352 -0.00454824 -0.00705730
v 0.00860104 -0.00455937 -0.00705189
v 0.00776723 -0.00410641 -0.00718827
v 0.00750000 -0.00403947 -0.00733276
v 0.00750000 -0.00382918 -0.00724332
v 0.00767609 -0.00402875 -0.00720660
v 0.00791344 -0.00423099 -0.00715888
v 0.00801006 -0.00428922 -0.00714168
v 0.00815326 -0.00437553 -0.00711618
v 0.00824085 -0.00442832 -0.00710058
v 0.01023762 -0.00491949 -0.00707200
v 0.00978637 -0.00465938 -0.00697158
v 0.00914181 -0.00462560 0.00700235
v 0.00933552 -0.00479374 0.00707230
v 0.00962474 -0.00483830 0.00707267
v 0.01400463 -0.00488045 0.00675044
v 0.01524014 -0.00494520 0.00667202
v 0.00900023 -0.00461818 0.00701655
v 0.01328760 -0.00484287 -0.00680113
v 0.01524014 -0.00494520 -0.00668032
v 0.00900023 -0.00461818 -0.00702279
v 0.01066304 0.00279826 0.00610817
v 0.01098641 0.00225119 0.00633266
v 0.01375881 -0.00243910 -0.00714164
v 0.01109815 0.00206215 0.00639556
v 0.01112845 0.00201090 0.00641261
v 0.01121984 0.00185628 0.00646406
v 0.00989055 0.00410515 -0.00524886
v 0.00969056 0.00444349 -0.00489259
v 0.00962186 0.00455972 -0.00474109
v 0.00957169 0.00464460 -0.00463047
v 0.00925196 0.00518552 -0.00357674
v 0.00922542 0.00523041 -0.00345865
v 0.00921131 0.00525429 -0.00339582
v 0.01278036 -0.00078377 0.00696478
v 0.01322469 -0.00153548 0.00705172
v 0.01165919 0.00111299 -0.00665863
v 0.01158686 0.00123537 -0.00662660
v 0.00990683 0.00407761 -0.00527172
v 0.00940982 0.00491844 -0.00417367
v 0.00940019 0.00493474 -0.00413725
v 0.01011607 0.00372362 0.00556554
v 0.01025400 0.00349028 0.00572006
v 0.01266617 -0.00059059 0.00694244
v 0.01493256 -0.00442483 0.00690222
v 0.01347325 -0.00195599 -0.00710035
v 0.01322469 -0.00153549 -0.00705172
v 0.01098641 0.00225119 -0.00633266
v 0.01066304 0.00279826 -0.00610817
v 0.01109815 0.00206215 -0.00639556
v 0.01065101 0.00281861 -0.00609749
v 0.01112869 0.00201049 -0.00641275
v 0.01036190 0.00330773 -0.00584094
v 0.01025400 0.00349028 -0.00572006
v 0.01121984 0.00185628 -0.00646406
v 0.01011607 0.00372362 -0.00556554
v 0.00908827 0.00546243 -0.00272952
v 0.00908446 0.00546889 -0.00269952
v 0.00899910 0.00561330 -0.00202820
v 0.01036190 0.00330773 0.00584094
v 0.01065101 0.00281861 0.00609749
v 0.00893190 0.00572698 0.00107696
v 0.00894141 0.00571089 0.00127286
v 0.00922542 0.00523041 0.00345865
v 0.00925196 0.00518552 0.00357674
v 0.00940019 0.00493474 0.00413725
v 0.00940982 0.00491844 0.00417367
v 0.00957169 0.00464460 0.00463047
v 0.00962186 0.00455972 0.00474109
v 0.00969056 0.00444349 0.00489259
v 0.01347386 -0.00195703 0.00710047
v 0.01375881 -0.00243910 0.00714164
v 0.01399085 -0.00283166 0.00717516
v 0.01505854 -0.00463797 -0.00682348
v 0.01479511 -0.00419229 -0.00697817
v 0.01459561 -0.00385480 -0.00707699
v 0.01479483 -0.00419183 0.00697341
v 0.01432195 -0.00339182 -0.00715207
v 0.01427305 -0.00330908 -0.00716548
v 0.01278038 -0.00078381 -0.00696479
v 0.01266617 -0.00059059 -0.00694244
v 0.01262773 -0.00052556 -0.00693492
v 0.00898645 0.00563470 -0.00186260
v 0.00894141 0.00571089 -0.00127286
v 0.00893190 0.00572698 -0.00107696
v 0.00892917 0.00573160 -0.00095880
v 0.00891102 0.00576230 -0.00017377
v 0.00891055 0.00576311 0.00000000
v 0.00891102 0.00576230 0.00017377
v 0.00892917 0.00573160 0.00095880
v 0.00898645 0.00563470 0.00186260
v 0.00899910 0.00561330 0.00202820
v 0.00908446 0.00546889 0.00269952
v 0.00989055 0.00410515 0.00524886
v 0.00990683 0.00407761 0.00527172
v 0.01158686 0.00123537 0.00662660
v 0.01165919 0.00111299 0.00665863
v 0.01211040 0.00034965 0.00680635
v 0.01427315 -0.00330926 0.00716512
v 0.01432185 -0.00339164 0.00715319
v 0.01448488 -0.00366746 0.00711325
v 0.01399056 -0.00283117 -0.00717514
v 0.01461544 -0.00388833 0.00706615
v 0.01491391 -0.00439329 -0.00691932
v 0.01212829 0.00031938 -0.00681221
v 0.01211040 0.00034965 -0.00680635
v 0.00908827 0.00546243 0.00272952
v 0.00921131 0.00525429 0.00339582
v 0.01212829 0.00031938 0.00681221
v 0.01262773 -0.00052556 0.00693492
v 0.00862016 -0.00456473 -0.00705039
v 0.00880815 -0.00459964 -0.00703417
v 0.00750000 -0.00252678 -0.00727570
v 0.00750000 -0.00162065 -0.00724082
v 0.01081397 -0.00244691 -0.00722642
v 0.01347583 -0.00311047 -0.00719226
v 0.00750000 -0.00342666 -0.00725793
v 0.01257426 -0.00288572 -0.00720430
v 0.00750000 -0.00272613 -0.00728338
v 0.01119076 -0.00254084 -0.00722277
v 0.01096704 -0.00248507 -0.00722575
v 0.01271631 -0.00140536 -0.00704932
v 0.00749841 0.00066141 -0.00705458
v 0.00749863 0.00076497 -0.00703914
v 0.01098566 -0.00015274 -0.00696934
v 0.00750046 0.00215871 -0.00674133
v 0.00750051 0.00227153 -0.00670126
v 0.01109086 0.00136138 -0.00664010
v 0.00750068 0.00264638 -0.00656810
v 0.00750057 0.00295143 -0.00642209
v 0.00750002 0.00411585 -0.00565526
v 0.00750000 0.00588535 -0.00000000
v 0.00750014 0.00588384 -0.00024952
v 0.00750140 0.00585420 -0.00091708
v 0.00750208 0.00583817 -0.00127807
v 0.00750229 0.00579634 -0.00162547
v 0.00750058 0.00545728 -0.00332696
v 0.00750098 0.00554498 -0.00302906
v 0.00750110 0.00556987 -0.00294453
v 0.00750177 0.00564270 -0.00258961
v 0.00750261 0.00573356 -0.00214692
v 0.00750239 0.00577724 -0.00178410
v 0.00750001 0.00533222 -0.00375172
v 0.00750016 0.00523595 -0.00399917
v 0.00935442 0.00494345 -0.00413519
v 0.00933854 0.00461457 -0.00472879
v 0.00750037 0.00509686 -0.00435671
v 0.00750020 0.00520947 -0.00406725
v 0.00750015 0.00458091 -0.00516832
v 0.00750029 0.00478909 -0.00488581
v 0.00750033 0.00484513 -0.00480976
v 0.00750035 0.00495428 -0.00461332
v 0.00750001 0.00416258 -0.00561735
v 0.00750000 0.00417212 -0.00560961
v 0.00932119 0.00419922 -0.00525222
v 0.00750013 0.00454147 -0.00522184
v 0.00750050 0.00313759 -0.00633299
v 0.00750048 0.00320608 -0.00630020
v 0.00750023 0.00356933 -0.00607318
v 0.00750014 0.00370584 -0.00598786
v 0.00750006 0.00398138 -0.00576435
v 0.00750000 0.00138704 -0.00694641
v 0.00750010 0.00153887 -0.00690870
v 0.01104282 0.00062300 -0.00683064
v 0.00750041 0.00203312 -0.00678594
v 0.00749922 0.00103097 -0.00699949
v 0.00749935 -0.00002306 -0.00711563
v 0.01092534 -0.00093380 -0.00706647
v 0.00750024 -0.00066313 -0.00717272
v 0.01087175 -0.00169046 -0.00716264
v 0.00750047 -0.00082846 -0.00718747
v 0.00750045 -0.00081609 -0.00718637
v 0.01264687 -0.00214920 -0.00714923
v 0.00879872 -0.00459828 0.00702874
v 0.01081378 -0.00244674 0.00722445
v 0.01087150 -0.00169040 0.00716264
v 0.00750000 -0.00162072 0.00724287
v 0.00750000 -0.00081684 0.00717992
v 0.00750000 -0.00037325 0.00714518
v 0.01092508 -0.00093373 0.00706647
v 0.00750000 -0.00002396 0.00710938
v 0.01098541 -0.00015267 0.00696934
v 0.00750000 0.00076390 0.00702863
v 0.00750000 0.00116089 0.00698794
v 0.01104256 0.00062307 0.00683064
v 0.00750000 0.00153478 0.00689387
v 0.01109059 0.00136144 0.00664010
v 0.00750000 0.00227404 0.00670788
v 0.00750000 0.00228398 0.00670538
v 0.00750000 0.00294599 0.00640965
v 0.00750000 0.00326832 0.00626567
v 0.00750000 0.00355826 0.00605854
v 0.00750000 0.00411984 0.00565736
v 0.00932067 0.00419932 0.00525220
v 0.00750000 0.00520492 0.00410711
v 0.00750000 0.00493565 0.00460323
v 0.00933802 0.00461466 0.00472876
v 0.00750000 0.00473694 0.00496935
v 0.00750000 0.00456873 0.00515688
v 0.00935390 0.00494353 0.00413516
v 0.00750000 0.00523746 0.00400028
v 0.00750000 0.00544380 0.00332270
v 0.00750000 0.00561051 0.00277526
v 0.00750000 0.00563961 0.00258938
v 0.00750000 0.00576604 0.00178193
v 0.00750000 0.00583039 0.00137092
v 0.00750000 0.00584860 0.00091685
v 0.01271628 -0.00140535 0.00704932
v 0.01264684 -0.00214919 0.00714923
v 0.01257425 -0.00288562 0.00720415
v 0.01197081 -0.00273515 0.00721802
v 0.01117275 -0.00253622 0.00722246
v 0.00750000 -0.00342619 0.00725823
v 0.00750000 -0.00278643 0.00728564
v 0.00750000 -0.00252667 0.00727618
v 0.00750000 -0.00167856 0.00724530
v 0.00000000 -0.00483871 -0.00733882
v 0.00000000 -0.00425057 -0.00742058
v 0.00000000 -0.00489258 -0.00733134
v 0.00000000 -0.00520088 -0.00724360
v 0.00000000 -0.00585342 -0.00700635
v 0.00000000 -0.00626905 -0.00679494
v 0.00000000 -0.00642631 -0.00671495
v 0.00000000 -0.00691003 -0.00638008
v 0.00000000 -0.00702648 -0.00627153
v 0.00000000 -0.00767959 -0.00554440
v 0.00000000 -0.00767111 -0.00555872
v 0.00000000 -0.00732234 -0.00599576
v 0.00000000 -0.00796101 -0.00506956
v 0.00000000 -0.00811873 -0.00470375
v 0.00000000 -0.00820088 -0.00451323
v 0.00000000 -0.00836670 -0.00397089
v 0.00000000 -0.00844006 -0.00360603
v 0.00000000 -0.00849797 -0.00331804
v 0.00000000 -0.00858342 -0.00251804
v 0.00000000 -0.00858513 -0.00246261
v 0.00000000 -0.00862135 -0.00128608
v 0.00000000 -0.00862287 0.00033106
v 0.00000000 -0.00862366 0.00117771
v 0.00000000 -0.00860244 0.00204851
v 0.00000000 -0.00859641 0.00229612
v 0.00000000 -0.00853224 0.00309190
v 0.00000000 -0.00850266 0.00325757
v 0.00000000 -0.00799218 0.00501053
v 0.00000000 -0.00821861 0.00446772
v 0.00000000 -0.00839427 0.00386461
v 0.00000000 -0.00823883 0.00439831
v 0.00000000 -0.00784035 0.00527391
v 0.00000000 -0.00769562 0.00552497
v 0.00000000 -0.00734959 0.00596739
v 0.00000000 -0.00731349 0.00600196
v 0.00000000 -0.00696008 0.00634040
v 0.00000000 -0.00658069 0.00661482
v 0.00000000 -0.00652201 0.00665727
v 0.00000000 -0.00599951 0.00694128
v 0.00000000 -0.00573448 0.00704684
v 0.00000000 -0.00539677 0.00718136
v 0.00000000 -0.00516025 0.00725602
v 0.00000000 -0.00481172 0.00733854
v 0.00000000 -0.00477864 0.00734638
v -0.00000000 -0.00424841 0.00741686
v -0.00000000 -0.00403738 0.00732893
v -0.00000000 -0.00382656 0.00724108
v -0.00000000 -0.00321812 0.00729214
v -0.00000000 -0.00278658 0.00728026
v -0.00000000 -0.00203537 0.00725959
v -0.00000000 -0.00167857 0.00724521
v -0.00000000 -0.00162072 0.00724287
v 0.00130237 0.00116089 0.00698794
v 0.00197400 0.00172445 0.00687081
v 0.00264082 0.00228398 0.00670538
v 0.00323413 0.00278183 0.00651011
v 0.00381391 0.00326832 0.00626567
v 0.00433031 0.00370163 0.00599086
v 0.00482871 0.00411984 0.00565736
v 0.00638687 0.00542729 0.00345704
v 0.00660522 0.00561051 0.00277526
v 0.00676459 0.00574423 0.00207910
v 0.00521181 0.00444129 0.00533708
v 0.00556414 0.00473694 0.00496935
v 0.00586561 0.00498990 0.00456642
v 0.00612187 0.00520492 0.00410711
v 0.00686727 0.00583039 0.00137092
v 0.00691804 0.00587299 0.00068928
v 0.00693278 0.00588535 -0.00000000
v -0.00000000 -0.00074392 0.00717984
v -0.00000000 -0.00037319 0.00714583
v -0.00000000 0.00006807 0.00710536
v 0.00683640 0.00580448 -0.00162645
v 0.00691144 0.00586745 -0.00081741
v 0.00653049 0.00554780 -0.00302989
v 0.00671210 0.00570019 -0.00233768
v 0.00613785 0.00521833 -0.00407070
v 0.00634779 0.00539450 -0.00356008
v 0.00590611 0.00502388 -0.00450142
v 0.00563007 0.00479225 -0.00488814
v 0.00527153 0.00449141 -0.00527898
v 0.00487944 0.00416240 -0.00561712
v 0.00466011 0.00397836 -0.00576078
v 0.00417384 0.00357033 -0.00607926
v 0.00365938 0.00313865 -0.00633521
v 0.00307923 0.00265184 -0.00656440
v 0.00182378 0.00159840 -0.00689944
v 0.00114882 0.00103204 -0.00700665
v 0.00249310 0.00216002 -0.00674503
v 0.00000000 -0.00066342 -0.00716945
v 0.00000000 0.00006806 -0.00710510
v 0.00000000 -0.00137071 -0.00723167
v 0.00000000 -0.00162065 -0.00724082
v 0.00000000 -0.00382918 -0.00724332
v 0.00000000 -0.00321574 -0.00729275
v 0.00000000 -0.00272634 -0.00727681
v 0.00000000 -0.00403982 -0.00733192
v 0.01375835 -0.00243822 -0.00714675
v 0.01489421 -0.00435991 0.00692589
v 0.01365217 -0.00225858 -0.00713246
v 0.01322718 -0.00153961 -0.00705160
v 0.01393663 -0.00273983 -0.00717073
v 0.01400014 -0.00284727 -0.00717340
v 0.01505196 -0.00462680 0.00682059
v 0.01156143 0.00127837 0.00662040
v 0.01153043 0.00133082 0.00660673
v 0.01308397 -0.00129732 -0.00702434
v 0.01414819 -0.00309774 -0.00717698
v 0.01427309 -0.00330903 -0.00716543
v 0.01520656 -0.00488834 0.00669898
v 0.01440812 -0.00353747 -0.00713491
v 0.01445440 -0.00361578 -0.00712445
v 0.01457385 -0.00381785 -0.00708269
v 0.01463459 -0.00392061 -0.00706146
v 0.01473799 -0.00409554 -0.00701253
v 0.01481321 -0.00422279 -0.00697693
v 0.01489993 -0.00436951 -0.00692488
v 0.01499014 -0.00452212 -0.00687073
v 0.01471771 -0.00406131 0.00702111
v 0.01457077 -0.00381273 0.00708196
v 0.00930883 0.00508929 0.00380799
v 0.00930628 0.00509358 0.00379872
v 0.00922519 0.00523078 0.00345880
v 0.00922325 0.00523405 0.00345070
v 0.00913769 0.00537881 0.00302419
v 0.00908441 0.00546896 0.00269947
v 0.00907495 0.00548495 0.00264186
v 0.00894904 0.00569797 0.00140580
v 0.00893187 0.00572701 0.00107700
v 0.00892818 0.00573327 0.00095885
v 0.00891602 0.00575383 0.00057063
v 0.00895000 0.00569637 -0.00141852
v 0.00964782 0.00451584 -0.00480361
v 0.00975270 0.00433841 -0.00501289
v 0.01412860 -0.00306459 -0.00717879
v 0.01401951 -0.00288003 -0.00717421
v 0.01506900 -0.00465561 0.00680921
v 0.01524019 -0.00494514 -0.00668026
v 0.01524014 -0.00494514 0.00667207
v 0.01521547 -0.00490333 -0.00669974
v 0.01505858 -0.00463791 -0.00682342
v 0.01400009 -0.00284727 0.00717350
v 0.01393646 -0.00273963 0.00717082
v 0.01375830 -0.00243822 0.00714685
v 0.01266649 -0.00059112 0.00694257
v 0.01262771 -0.00052551 0.00693496
v 0.01238484 -0.00011463 0.00687896
v 0.01234713 -0.00005085 0.00687027
v 0.01211034 0.00034975 0.00680651
v 0.01207595 0.00040794 0.00679725
v 0.01184374 0.00080078 0.00672387
v 0.01181408 0.00085095 0.00671450
v 0.01158563 0.00123744 0.00662942
v 0.01133664 0.00165868 0.00652122
v 0.01131772 0.00169068 0.00651287
v 0.01109738 0.00206344 0.00639736
v 0.01086896 0.00244988 0.00625557
v 0.01080363 0.00256041 0.00621266
v 0.01065091 0.00281877 0.00609762
v 0.01062762 0.00285817 0.00608007
v 0.01029674 0.00341795 0.00577381
v 0.01025227 0.00349317 0.00572320
v 0.01017394 0.00362570 0.00563405
v 0.01007244 0.00379741 0.00550742
v 0.00998705 0.00394188 0.00539349
v 0.00950247 0.00476167 0.00444844
v 0.00957166 0.00464463 0.00463051
v 0.00962079 0.00456151 0.00474227
v 0.00947625 0.00480604 0.00437943
v 0.00939953 0.00493583 0.00413901
v 0.00921127 0.00525432 0.00339586
v 0.00915052 0.00535710 0.00308900
v 0.00902855 0.00556346 0.00229053
v 0.00902287 0.00557306 0.00224757
v 0.00898372 0.00563929 0.00186303
v 0.00898103 0.00564385 0.00183661
v 0.00894999 0.00569637 0.00141858
v 0.00962082 0.00456151 -0.00474220
v 0.00898105 0.00564385 -0.00183654
v 0.00898374 0.00563929 -0.00186296
v 0.00902289 0.00557306 -0.00224750
v 0.00902856 0.00556346 -0.00229046
v 0.00957169 0.00464463 -0.00463044
v 0.01025232 0.00349317 -0.00572313
v 0.01029678 0.00341795 -0.00577373
v 0.01473352 -0.00408806 0.00701258
v 0.01453786 -0.00375706 0.00709559
v 0.01448487 -0.00366741 0.00711330
v 0.01440658 -0.00353496 0.00713329
v 0.01108245 0.00208870 0.00638953
v 0.01098638 0.00225123 0.00633270
v 0.01045858 0.00314415 0.00593411
v 0.01044495 0.00316721 0.00592060
v 0.00990687 0.00407752 0.00527172
v 0.00986584 0.00414693 0.00520942
v 0.00975531 0.00433393 0.00501755
v 0.00891520 0.00575522 0.00048555
v 0.00891052 0.00576314 0.00000003
v 0.00891521 0.00575522 -0.00048548
v 0.00891603 0.00575383 -0.00057056
v 0.00892818 0.00573327 -0.00095878
v 0.00893188 0.00572701 -0.00107693
v 0.00894905 0.00569797 -0.00140574
v 0.01280023 -0.00081730 -0.00696870
v 0.00950251 0.00476167 -0.00444837
v 0.00907497 0.00548495 -0.00264179
v 0.00908443 0.00546896 -0.00269941
v 0.00975534 0.00433393 -0.00501748
v 0.00986588 0.00414693 -0.00520934
v 0.00990691 0.00407752 -0.00527165
v 0.01044499 0.00316721 -0.00592053
v 0.01045862 0.00314415 -0.00593403
v 0.01062767 0.00285817 -0.00607999
v 0.01065096 0.00281877 -0.00609754
v 0.01080367 0.00256041 -0.00621258
v 0.01086900 0.00244988 -0.00625549
v 0.01430401 -0.00336144 0.00715948
v 0.01427314 -0.00330921 0.00716517
v 0.01414814 -0.00309773 0.00717703
v 0.01014238 0.00367910 0.00559813
v 0.01011604 0.00372366 0.00556558
v 0.00975266 0.00433841 0.00501296
v 0.00964778 0.00451584 0.00480368
v 0.00998709 0.00394188 -0.00539342
v 0.01007248 0.00379741 -0.00550734
v 0.01011608 0.00372366 -0.00556551
v 0.01098643 0.00225123 -0.00633262
v 0.01108250 0.00208870 -0.00638945
v 0.01109743 0.00206344 -0.00639728
v 0.01131777 0.00169068 -0.00651279
v 0.01133669 0.00165868 -0.00652114
v 0.01153048 0.00133082 -0.00660664
v 0.01181413 0.00085095 -0.00671442
v 0.01184379 0.00080078 -0.00672379
v 0.01207600 0.00040794 -0.00679716
v 0.01211039 0.00034975 -0.00680643
v 0.01234718 -0.00005085 -0.00687018
v 0.01238489 -0.00011463 -0.00687887
v 0.01262776 -0.00052551 -0.00693487
v 0.01266654 -0.00059112 -0.00694248
v 0.01412846 -0.00306445 0.00717890
v 0.01401945 -0.00288003 0.00717431
v 0.01365195 -0.00225830 0.00713254
v 0.01322713 -0.00153960 0.00705169
v 0.01308337 -0.00129639 0.00702433
v 0.01280018 -0.00081729 0.00696879
v 0.01014242 0.00367910 -0.00559806
v 0.01017398 0.00362570 -0.00563398
v 0.01156148 0.00127837 -0.00662032
v 0.01158568 0.00123744 -0.00662933
v 0.00922521 0.00523078 -0.00345873
v 0.00915055 0.00535710 -0.00308894
v 0.00922328 0.00523405 -0.00345063
v 0.00921130 0.00525432 -0.00339579
v 0.00930631 0.00509358 -0.00379865
v 0.00930885 0.00508929 -0.00380793
v 0.00939956 0.00493583 -0.00413894
v 0.00913771 0.00537881 -0.00302412
v 0.00947628 0.00480604 -0.00437936
v 0.02600271 -0.00589601 -0.00126647
v 0.02606088 -0.00577554 -0.00122760
v 0.02606937 -0.00589572 -0.00092104
v 0.02317649 -0.00181216 -0.00561445
v 0.02347233 -0.00199839 -0.00545750
v 0.02328524 -0.00261252 -0.00566538
v 0.02277475 -0.00195400 -0.00587306
v 0.02286719 -0.00162864 -0.00575789
v 0.02254520 -0.00144798 -0.00588625
v 0.02614848 -0.00591256 -0.00016629
v 0.02597932 -0.00622794 0.00000010
v 0.02613699 -0.00593423 -0.00019550
v 0.02632023 -0.00086273 0.00000010
v 0.02636426 -0.00104295 0.00000010
v 0.02636843 -0.00105013 -0.00027336
v 0.02615804 -0.00589448 -0.00013137
v 0.02655207 -0.00439331 -0.00054482
v 0.02658671 -0.00400554 -0.00064893
v 0.02660023 -0.00396660 -0.00052787
v 0.02660308 -0.00361550 -0.00075110
v 0.02660339 -0.00322379 -0.00085119
v 0.02662023 -0.00317163 -0.00069179
v 0.02658517 -0.00283104 -0.00094909
v 0.02654632 -0.00243832 -0.00104467
v 0.02656631 -0.00237316 -0.00084832
v 0.02648675 -0.00204684 -0.00113781
v 0.02640638 -0.00165780 -0.00122840
v 0.02642914 -0.00158001 -0.00099669
v 0.02630512 -0.00127236 -0.00131635
v 0.02618299 -0.00089167 -0.00140155
v 0.02620814 -0.00080176 -0.00113624
v 0.02604034 -0.00051679 -0.00148386
v 0.02587760 -0.00014876 -0.00156316
v 0.02590490 -0.00004746 -0.00126628
v 0.02572359 0.00031799 -0.00132751
v 0.02552323 0.00067420 -0.00138598
v 0.02554583 0.00076128 -0.00104867
v 0.02530450 0.00102039 -0.00144124
v 0.02506816 0.00135548 -0.00149385
v 0.02509180 0.00144972 -0.00112981
v 0.02428443 0.00238764 -0.00123706
v 0.02398463 0.00267133 -0.00126844
v 0.02400246 0.00274547 -0.00084991
v 0.02229969 0.00384184 -0.00138556
v 0.02193417 0.00402213 -0.00140205
v 0.02195249 0.00409959 -0.00094073
v 0.02153576 0.00407363 -0.00187167
v 0.02115697 0.00421608 -0.00188984
v 0.02118116 0.00432537 -0.00143184
v 0.02219583 0.00341824 -0.00267416
v 0.02255155 0.00322072 -0.00264277
v 0.02250187 0.00302205 -0.00303045
v 0.02612394 -0.00595827 -0.00021971
v 0.02610961 -0.00598396 -0.00024005
v 0.02620945 -0.00572695 -0.00047947
v 0.02623588 -0.00567410 -0.00043838
v 0.02410154 -0.00101484 -0.00473341
v 0.02382169 -0.00078673 -0.00488502
v 0.02390307 -0.00049236 -0.00470653
v 0.02352737 -0.00056424 -0.00502611
v 0.02321869 -0.00034763 -0.00515548
v 0.02330117 -0.00003725 -0.00496704
v 0.02289653 -0.00013718 -0.00527183
v 0.02256148 0.00006690 -0.00537384
v 0.02264456 0.00038977 -0.00517801
v 0.02221446 0.00026435 -0.00545996
v 0.02185845 0.00045451 -0.00552825
v 0.02194173 0.00078612 -0.00532834
v 0.02082134 0.00095989 -0.00565723
v 0.02046798 0.00110551 -0.00569063
v 0.02054241 0.00144504 -0.00548992
v 0.02048267 0.00467206 0.00000008
v 0.02082162 0.00457403 0.00000008
v 0.02082114 0.00456828 -0.00048796
v 0.01566127 0.00517810 0.00000006
v 0.01646799 0.00510821 0.00000006
v 0.01646678 0.00509696 -0.00052301
v 0.02390871 -0.00571168 -0.00468822
v 0.02389146 -0.00570737 -0.00470335
v 0.02393064 -0.00563113 -0.00472612
v 0.01516208 -0.00353091 -0.00711965
v 0.01534534 -0.00322089 -0.00713726
v 0.01159091 0.00227941 -0.00625129
v 0.01162878 0.00290033 -0.00592720
v 0.01028338 0.00564416 0.00000004
v 0.01028350 0.00563698 -0.00050176
v 0.01028335 0.00561397 -0.00099004
v 0.01028219 0.00557298 -0.00146265
v 0.01027957 0.00551297 -0.00191739
v 0.01027529 0.00543398 -0.00235204
v 0.01026927 0.00533649 -0.00276463
v 0.01026178 0.00522239 -0.00315428
v 0.01025318 0.00509395 -0.00352043
v 0.01024391 0.00495370 -0.00386355
v 0.01023443 0.00480435 -0.00418522
v 0.01022471 0.00464016 -0.00448724
v 0.01021441 0.00445406 -0.00477056
v 0.01020363 0.00424718 -0.00503550
v 0.01019246 0.00402064 -0.00528235
v 0.01018095 0.00377554 -0.00551144
v 0.01166366 0.00346346 -0.00553951
v 0.01164654 0.00318953 -0.00574172
v 0.01161027 0.00259668 -0.00609679
v 0.01157052 0.00194922 -0.00639143
v 0.01154884 0.00160681 -0.00651784
v 0.01296050 0.00089463 -0.00661227
v 0.01299076 0.00125241 -0.00650197
v 0.01289431 0.00014953 -0.00679964
v 0.01292844 0.00052681 -0.00671139
v 0.01285786 -0.00023654 -0.00687689
v 0.01421443 -0.00099956 -0.00696845
v 0.01281882 -0.00063076 -0.00694297
v 0.01351785 -0.00081433 -0.00695018
v 0.01403893 -0.00251124 -0.00714912
v 0.01408008 -0.00214727 -0.00711078
v 0.01412166 -0.00177882 -0.00706760
v 0.01539374 -0.00286791 -0.00712956
v 0.01532111 -0.00339516 -0.00713096
v 0.01665227 -0.00373369 -0.00704391
v 0.01662612 -0.00389604 -0.00701467
v 0.01652806 -0.00387160 -0.00702422
v 0.01623332 -0.00379810 -0.00704611
v 0.01542713 -0.00359706 -0.00710600
v 0.01529753 -0.00356471 -0.00711267
v 0.01760075 -0.00413900 -0.00691980
v 0.01728452 -0.00406017 -0.00695058
v 0.01731207 -0.00390190 -0.00698675
v 0.01727032 -0.00405663 -0.00695196
v 0.01827218 -0.00430632 -0.00683890
v 0.01793910 -0.00422331 -0.00687903
v 0.01796781 -0.00406938 -0.00692012
v 0.01771829 -0.00416829 -0.00690563
v 0.01923355 -0.00454629 -0.00670779
v 0.01858982 -0.00438548 -0.00680032
v 0.01861915 -0.00423686 -0.00684349
v 0.01857662 -0.00438219 -0.00680221
v 0.01990780 -0.00457191 -0.00665784
v 0.01987684 -0.00470660 -0.00660547
v 0.01926591 -0.00440440 -0.00675648
v 0.01947633 -0.00460694 -0.00667290
v 0.01945339 -0.00460121 -0.00667619
v 0.01923549 -0.00454677 -0.00670751
v 0.02051313 -0.00486532 -0.00649125
v 0.02031258 -0.00481505 -0.00653188
v 0.02054479 -0.00473917 -0.00654540
v 0.02030616 -0.00481344 -0.00653318
v 0.02014501 -0.00477334 -0.00656032
v 0.02070304 -0.00491291 -0.00645277
v 0.02086193 -0.00482220 -0.00647302
v 0.02072604 -0.00491862 -0.00644653
v 0.02117374 -0.00490385 -0.00638170
v 0.02113717 -0.00502065 -0.00632978
v 0.02112767 -0.00501829 -0.00633305
v 0.02106543 -0.00500280 -0.00635445
v 0.02099075 -0.00498427 -0.00637471
v 0.02082751 -0.00494379 -0.00641900
v 0.02143999 -0.00509601 -0.00622569
v 0.02147950 -0.00498397 -0.00627319
v 0.02181421 -0.00518948 -0.00606960
v 0.02177889 -0.00506250 -0.00614916
v 0.02191217 -0.00521390 -0.00602170
v 0.02207170 -0.00513939 -0.00601093
v 0.02178544 -0.00518229 -0.00608160
v 0.02173848 -0.00517056 -0.00610119
v 0.02152315 -0.00511678 -0.00619100
v 0.02231496 -0.00531433 -0.00581580
v 0.02229467 -0.00530927 -0.00582717
v 0.02235774 -0.00521463 -0.00585965
v 0.02218936 -0.00528302 -0.00588617
v 0.02202963 -0.00524319 -0.00596427
v 0.02290972 -0.00536023 -0.00552279
v 0.02267051 -0.00540297 -0.00560916
v 0.02256504 -0.00537668 -0.00567569
v 0.02303979 -0.00549503 -0.00536988
v 0.02294895 -0.00547239 -0.00543351
v 0.02286681 -0.00545191 -0.00548533
v 0.02343652 -0.00549979 -0.00514737
v 0.02333795 -0.00556934 -0.00516107
v 0.02325284 -0.00554813 -0.00522067
v 0.02364854 -0.00564671 -0.00491641
v 0.02362438 -0.00564067 -0.00493761
v 0.02368856 -0.00556660 -0.00494298
v 0.02340103 -0.00558505 -0.00511186
v 0.02339512 -0.00558358 -0.00511647
v 0.02374393 -0.00567053 -0.00483275
v 0.02407296 -0.00575265 -0.00452624
v 0.02416199 -0.00569323 -0.00449723
v 0.02412323 -0.00576519 -0.00447667
v 0.02438693 -0.00583096 -0.00419223
v 0.02434472 -0.00582043 -0.00423909
v 0.02438220 -0.00575273 -0.00425689
v 0.02430498 -0.00581052 -0.00428321
v 0.02419025 -0.00578190 -0.00441057
v 0.02478765 -0.00586355 -0.00374414
v 0.02468435 -0.00590515 -0.00382960
v 0.02459089 -0.00580954 -0.00400568
v 0.02455544 -0.00587300 -0.00399091
v 0.02445457 -0.00584783 -0.00411713
v 0.02500629 -0.00585767 -0.00347776
v 0.02494276 -0.00596958 -0.00346420
v 0.02492369 -0.00596483 -0.00349467
v 0.02491339 -0.00596226 -0.00350921
v 0.02475516 -0.00592281 -0.00373264
v 0.02470318 -0.00590985 -0.00380604
v 0.02496280 -0.00597456 -0.00343221
v 0.02517478 -0.00591051 -0.00319492
v 0.02511700 -0.00601295 -0.00318591
v 0.02528918 -0.00605587 -0.00287452
v 0.02527662 -0.00605274 -0.00289737
v 0.02532943 -0.00596016 -0.00290340
v 0.02522138 -0.00603897 -0.00299783
v 0.02512503 -0.00601495 -0.00317309
v 0.02546205 -0.00609915 -0.00251588
v 0.02545882 -0.00609834 -0.00252263
v 0.02546951 -0.00600637 -0.00260365
v 0.02542184 -0.00608908 -0.00260014
v 0.02530220 -0.00605912 -0.00285084
v 0.02566627 -0.00614997 -0.00198202
v 0.02560070 -0.00613371 -0.00217536
v 0.02559421 -0.00604890 -0.00229622
v 0.02555205 -0.00612158 -0.00229482
v 0.02553061 -0.00611624 -0.00234748
v 0.02576315 -0.00617413 -0.00166231
v 0.02571679 -0.00616250 -0.00183307
v 0.02570270 -0.00608750 -0.00198177
v 0.02569539 -0.00615719 -0.00189617
v 0.02567108 -0.00615116 -0.00196784
v 0.02579407 -0.00612193 -0.00166096
v 0.02580611 -0.00618490 -0.00150409
v 0.02581285 -0.00618659 -0.00147924
v 0.02589271 -0.00610708 -0.00132613
v 0.02587899 -0.00620371 -0.00115630
v 0.02585556 -0.00619764 -0.00127070
v 0.02586709 -0.00615187 -0.00133477
v 0.02584202 -0.00619414 -0.00133682
v 0.02596969 -0.00617553 -0.00066576
v 0.02594348 -0.00621879 -0.00067275
v 0.02593477 -0.00621665 -0.00077446
v 0.02594015 -0.00614344 -0.00099719
v 0.02592554 -0.00621453 -0.00083912
v 0.02590163 -0.00620903 -0.00100650
v 0.02588311 -0.00620477 -0.00113614
v 0.02598291 -0.00620376 -0.00033300
v 0.02596856 -0.00622493 -0.00038002
v 0.02595494 -0.00622159 -0.00053906
v 0.02597217 -0.00622594 -0.00025267
v 0.02596978 -0.00622527 -0.00033693
v 0.01171176 0.00418472 -0.00482462
v 0.01169629 0.00396213 -0.00508166
v 0.01168023 0.00372131 -0.00531974
v 0.01181143 0.00551174 0.00000004
v 0.01181135 0.00550361 -0.00051487
v 0.01181057 0.00547764 -0.00101563
v 0.01180832 0.00543154 -0.00149976
v 0.01180411 0.00536418 -0.00196475
v 0.01179776 0.00527565 -0.00240805
v 0.01178920 0.00516647 -0.00282736
v 0.01177874 0.00503873 -0.00322158
v 0.01176679 0.00489490 -0.00358990
v 0.01175384 0.00473774 -0.00393265
v 0.01174042 0.00457022 -0.00425127
v 0.01172650 0.00438784 -0.00454803
v 0.01974985 0.00136146 -0.00574548
v 0.01902053 0.00157009 -0.00578573
v 0.01945191 0.00180895 -0.00556731
v 0.01804691 0.00497141 0.00000007
v 0.01884187 0.00490253 0.00000007
v 0.01804514 0.00495894 -0.00051468
v 0.01883977 0.00488939 -0.00050853
v 0.01803935 0.00492014 -0.00102051
v 0.01883305 0.00484878 -0.00100934
v 0.01802885 0.00485278 -0.00151379
v 0.01882105 0.00477851 -0.00149865
v 0.01801330 0.00475596 -0.00199084
v 0.01880346 0.00467780 -0.00197268
v 0.01799267 0.00463015 -0.00244792
v 0.01878029 0.00454716 -0.00242759
v 0.01796705 0.00447626 -0.00288158
v 0.01875168 0.00438763 -0.00285984
v 0.01793697 0.00429697 -0.00328960
v 0.01871819 0.00420192 -0.00326709
v 0.01790307 0.00409541 -0.00367013
v 0.01868048 0.00399322 -0.00364738
v 0.01786607 0.00387496 -0.00402246
v 0.01863930 0.00376499 -0.00399986
v 0.01782674 0.00363929 -0.00434705
v 0.01859547 0.00352094 -0.00432485
v 0.01778522 0.00338796 -0.00464663
v 0.01854915 0.00326104 -0.00462501
v 0.01774133 0.00311914 -0.00492415
v 0.01850019 0.00298390 -0.00490331
v 0.01769536 0.00283460 -0.00518043
v 0.01844895 0.00269136 -0.00516051
v 0.01764763 0.00253612 -0.00541626
v 0.01839575 0.00238526 -0.00539735
v 0.01759843 0.00222537 -0.00563247
v 0.01834093 0.00206737 -0.00561461
v 0.01754788 0.00190352 -0.00583005
v 0.01828463 0.00173889 -0.00581323
v 0.01898536 0.00489010 0.00000007
v 0.01963960 0.00482291 0.00000007
v 0.01963752 0.00481274 -0.00050114
v 0.01974817 0.00481176 0.00000007
v 0.01908293 0.00190501 -0.00558612
v 0.01914375 0.00222985 -0.00536790
v 0.01951577 0.00213637 -0.00534873
v 0.01920278 0.00254334 -0.00513020
v 0.01957777 0.00245268 -0.00511073
v 0.01925966 0.00284363 -0.00487230
v 0.01963752 0.00275599 -0.00485264
v 0.01931401 0.00312881 -0.00459351
v 0.01969463 0.00304437 -0.00457379
v 0.01936546 0.00339697 -0.00429314
v 0.01974870 0.00331587 -0.00427353
v 0.01941411 0.00364909 -0.00396824
v 0.01979982 0.00357128 -0.00394892
v 0.01945975 0.00388483 -0.00361622
v 0.01984773 0.00381007 -0.00359743
v 0.01950153 0.00410040 -0.00323693
v 0.01989160 0.00402845 -0.00321896
v 0.01953868 0.00429232 -0.00283130
v 0.01993062 0.00422290 -0.00281452
v 0.01957050 0.00445733 -0.00240143
v 0.01996408 0.00439017 -0.00238624
v 0.01959638 0.00459265 -0.00194975
v 0.01999135 0.00452744 -0.00193658
v 0.01961616 0.00469719 -0.00147987
v 0.02001226 0.00463357 -0.00146920
v 0.01962978 0.00477032 -0.00099571
v 0.02002672 0.00470791 -0.00098806
v 0.02003498 0.00475111 -0.00049703
v 0.02003607 0.00475701 0.00000007
v 0.02042983 0.00466964 -0.00049264
v 0.02043222 0.00468166 0.00000008
v 0.01981844 0.00170025 -0.00554514
v 0.01988532 0.00202950 -0.00532628
v 0.01995027 0.00234788 -0.00508811
v 0.02001287 0.00265349 -0.00482996
v 0.02007272 0.00294436 -0.00455120
v 0.02012940 0.00321852 -0.00425122
v 0.02018295 0.00347657 -0.00392711
v 0.02023314 0.00371783 -0.00357637
v 0.02027908 0.00393848 -0.00319897
v 0.02031996 0.00413499 -0.00279598
v 0.02035506 0.00430410 -0.00236957
v 0.02038373 0.00444297 -0.00192223
v 0.02040576 0.00455043 -0.00145767
v 0.02042106 0.00462579 -0.00097983
v 0.01646263 0.00506167 -0.00103502
v 0.01645480 0.00499997 -0.00153258
v 0.01644288 0.00491083 -0.00201225
v 0.01642677 0.00479457 -0.00247053
v 0.01640650 0.00465198 -0.00290423
v 0.01638255 0.00448558 -0.00331137
v 0.01635549 0.00429838 -0.00369037
v 0.01632599 0.00409362 -0.00404080
v 0.01629474 0.00387485 -0.00436341
v 0.01626184 0.00364073 -0.00466099
v 0.01622704 0.00338853 -0.00493641
v 0.01619057 0.00311987 -0.00519053
v 0.01615269 0.00283638 -0.00542424
v 0.01611361 0.00253961 -0.00563843
v 0.01607342 0.00223064 -0.00583416
v 0.01603211 0.00191032 -0.00601256
v 0.01335106 0.00537831 0.00000005
v 0.01490298 0.00524381 0.00000005
v 0.01335069 0.00536921 -0.00052281
v 0.01490223 0.00523369 -0.00052572
v 0.01334903 0.00534028 -0.00103150
v 0.01489946 0.00520169 -0.00103852
v 0.01334530 0.00528913 -0.00152326
v 0.01489386 0.00514539 -0.00153525
v 0.01333901 0.00521462 -0.00199527
v 0.01488500 0.00506368 -0.00201278
v 0.01332999 0.00511687 -0.00244469
v 0.01487272 0.00495677 -0.00246793
v 0.01331819 0.00499648 -0.00286895
v 0.01485703 0.00482534 -0.00289782
v 0.01330399 0.00485569 -0.00326667
v 0.01483833 0.00467177 -0.00330077
v 0.01328784 0.00469718 -0.00363686
v 0.01481715 0.00449892 -0.00367549
v 0.01479408 0.00430987 -0.00402186
v 0.02117097 0.00080260 -0.00561950
v 0.02089846 0.00129861 -0.00545650
v 0.02229773 0.00059207 -0.00526162
v 0.02297935 0.00017990 -0.00507933
v 0.02360937 -0.00026144 -0.00484237
v 0.02436538 -0.00124798 -0.00457291
v 0.02418211 -0.00072969 -0.00456065
v 0.02469253 -0.00122168 -0.00424436
v 0.02476804 -0.00096186 -0.00407045
v 0.02492599 -0.00147547 -0.00407292
v 0.02499980 -0.00122665 -0.00390649
v 0.02514406 -0.00173248 -0.00388883
v 0.02521581 -0.00149535 -0.00373059
v 0.02534505 -0.00199428 -0.00369664
v 0.02541447 -0.00176934 -0.00354694
v 0.02559465 -0.00204809 -0.00335707
v 0.02484052 -0.00070797 -0.00388232
v 0.02490964 -0.00046167 -0.00367949
v 0.02507062 -0.00098342 -0.00372646
v 0.02513814 -0.00074737 -0.00353236
v 0.02528462 -0.00126349 -0.00355943
v 0.02535019 -0.00103841 -0.00337484
v 0.02548101 -0.00154933 -0.00338501
v 0.02554440 -0.00133570 -0.00321033
v 0.02565874 -0.00184036 -0.00320460
v 0.02571978 -0.00163858 -0.00304009
v 0.02581728 -0.00213541 -0.00301831
v 0.02587579 -0.00194591 -0.00286420
v 0.02595645 -0.00243380 -0.00282658
v 0.02601223 -0.00225694 -0.00268309
v 0.02607612 -0.00273480 -0.00262986
v 0.02612893 -0.00257088 -0.00249715
v 0.02622593 -0.00288686 -0.00230668
v 0.02633018 -0.00518893 -0.00095464
v 0.02628075 -0.00530266 -0.00102537
v 0.02635573 -0.00491177 -0.00118998
v 0.02629691 -0.00505524 -0.00127912
v 0.02636123 -0.00463078 -0.00142314
v 0.02629334 -0.00480396 -0.00153081
v 0.02634892 -0.00434680 -0.00165355
v 0.02627208 -0.00454958 -0.00177980
v 0.02632035 -0.00406034 -0.00188090
v 0.02623450 -0.00429254 -0.00202573
v 0.02627404 -0.00377189 -0.00210487
v 0.02617944 -0.00403334 -0.00226824
v 0.02620870 -0.00348232 -0.00232508
v 0.02610581 -0.00377275 -0.00250689
v 0.02612427 -0.00319253 -0.00254113
v 0.02601360 -0.00351160 -0.00274125
v 0.02602068 -0.00290340 -0.00275270
v 0.02590277 -0.00325068 -0.00297093
v 0.02589788 -0.00261578 -0.00295946
v 0.02577328 -0.00299072 -0.00319558
v 0.02575584 -0.00233045 -0.00316108
v 0.02562510 -0.00273245 -0.00341479
v 0.02545829 -0.00247641 -0.00362803
v 0.02527294 -0.00222315 -0.00383471
v 0.02506956 -0.00197380 -0.00403474
v 0.02484939 -0.00172876 -0.00422634
v 0.02461422 -0.00148624 -0.00440462
v 0.02628217 -0.00546119 -0.00071772
v 0.02631893 -0.00538033 -0.00065556
v 0.02637611 -0.00507962 -0.00087114
v 0.02641023 -0.00477392 -0.00108493
v 0.02642400 -0.00446445 -0.00129644
v 0.02641982 -0.00415215 -0.00150517
v 0.02639944 -0.00383754 -0.00171086
v 0.02636111 -0.00352117 -0.00191323
v 0.02630330 -0.00320394 -0.00211194
v 0.02497508 -0.00022467 -0.00346154
v 0.02503649 0.00000130 -0.00322803
v 0.02520203 -0.00052015 -0.00332374
v 0.02526196 -0.00030340 -0.00310014
v 0.02541221 -0.00082167 -0.00317638
v 0.02547036 -0.00061486 -0.00296356
v 0.02560434 -0.00112992 -0.00302244
v 0.02566052 -0.00093349 -0.00282084
v 0.02577747 -0.00144417 -0.00286304
v 0.02583154 -0.00125852 -0.00267295
v 0.02593109 -0.00176327 -0.00269826
v 0.02598291 -0.00158879 -0.00251999
v 0.02606495 -0.00208642 -0.00252849
v 0.02611436 -0.00192347 -0.00236228
v 0.02617886 -0.00241280 -0.00235408
v 0.02622566 -0.00226168 -0.00220015
v 0.02631682 -0.00260245 -0.00203383
v 0.02641758 -0.00497747 -0.00077267
v 0.02645934 -0.00464518 -0.00096136
v 0.02648042 -0.00430921 -0.00114773
v 0.02648347 -0.00397058 -0.00133136
v 0.02647035 -0.00362985 -0.00151204
v 0.02643908 -0.00328759 -0.00168953
v 0.02638793 -0.00294477 -0.00186355
v 0.02645391 -0.00488556 -0.00065515
v 0.02650227 -0.00452939 -0.00081435
v 0.02652969 -0.00416964 -0.00097130
v 0.02653895 -0.00380741 -0.00112570
v 0.02650242 -0.00353344 -0.00139978
v 0.02647433 -0.00317920 -0.00156342
v 0.02642617 -0.00282455 -0.00172374
v 0.02635786 -0.00247058 -0.00188050
v 0.02626932 -0.00211837 -0.00203347
v 0.02616046 -0.00176897 -0.00218249
v 0.02603127 -0.00142340 -0.00232733
v 0.02588199 -0.00108256 -0.00246771
v 0.02571295 -0.00074735 -0.00260335
v 0.02552466 -0.00041892 -0.00273415
v 0.02531795 -0.00009809 -0.00285929
v 0.02509388 0.00021531 -0.00297662
v 0.02514701 0.00041550 -0.00270550
v 0.02536976 0.00009396 -0.00259941
v 0.02557490 -0.00023564 -0.00248642
v 0.02576145 -0.00057324 -0.00236828
v 0.02592864 -0.00091798 -0.00224568
v 0.02607596 -0.00126870 -0.00211870
v 0.02620307 -0.00162447 -0.00198759
v 0.02630968 -0.00198434 -0.00185260
v 0.02639581 -0.00234725 -0.00171390
v 0.02646153 -0.00271212 -0.00157167
v 0.02650693 -0.00307784 -0.00142609
v 0.02653210 -0.00344328 -0.00127736
v 0.02061504 0.00177561 -0.00527087
v 0.02097374 0.00162868 -0.00523753
v 0.02068560 0.00209586 -0.00503273
v 0.02104688 0.00194872 -0.00499962
v 0.02075364 0.00240386 -0.00477491
v 0.02111742 0.00225678 -0.00474222
v 0.02081870 0.00269757 -0.00449686
v 0.02118490 0.00255085 -0.00446480
v 0.02088035 0.00297500 -0.00419801
v 0.02124883 0.00282887 -0.00416683
v 0.02093857 0.00323641 -0.00387553
v 0.02130921 0.00309097 -0.00384551
v 0.02099308 0.00348078 -0.00352702
v 0.02136571 0.00333600 -0.00349850
v 0.02104297 0.00370433 -0.00315256
v 0.02141743 0.00356017 -0.00312595
v 0.02108742 0.00390352 -0.00275334
v 0.02146352 0.00375995 -0.00272906
v 0.02125050 0.00113972 -0.00541886
v 0.02159600 0.00096894 -0.00537709
v 0.02132816 0.00146853 -0.00520013
v 0.02167587 0.00129570 -0.00515871
v 0.02140361 0.00178761 -0.00496262
v 0.02175349 0.00161307 -0.00492175
v 0.02147640 0.00209502 -0.00470582
v 0.02182837 0.00191908 -0.00466572
v 0.02154602 0.00238872 -0.00442923
v 0.02190002 0.00221169 -0.00439017
v 0.02161200 0.00266667 -0.00413237
v 0.02196793 0.00248886 -0.00409463
v 0.02167429 0.00292882 -0.00381246
v 0.02203205 0.00275041 -0.00377638
v 0.02173257 0.00317391 -0.00346723
v 0.02209201 0.00299495 -0.00343321
v 0.02178591 0.00339816 -0.00309689
v 0.02214690 0.00321872 -0.00306538
v 0.02183346 0.00359805 -0.00270268
v 0.02202303 0.00111010 -0.00511067
v 0.02237886 0.00091250 -0.00504578
v 0.02210202 0.00142503 -0.00487464
v 0.02245751 0.00122423 -0.00481188
v 0.02217820 0.00172894 -0.00461980
v 0.02253322 0.00152531 -0.00455948
v 0.02225107 0.00201979 -0.00434571
v 0.02260551 0.00181368 -0.00428816
v 0.02232010 0.00229553 -0.00405195
v 0.02267390 0.00208730 -0.00399752
v 0.02238526 0.00255586 -0.00373585
v 0.02273833 0.00234575 -0.00368491
v 0.02244615 0.00279927 -0.00339525
v 0.02279848 0.00258744 -0.00334824
v 0.02285343 0.00280867 -0.00298783
v 0.02290237 0.00300601 -0.00260500
v 0.02272532 0.00070571 -0.00496502
v 0.02305970 0.00049039 -0.00487006
v 0.02280346 0.00101330 -0.00473431
v 0.02313730 0.00079288 -0.00464346
v 0.02287854 0.00131059 -0.00448545
v 0.02321174 0.00108544 -0.00439910
v 0.02295010 0.00159555 -0.00421804
v 0.02328257 0.00136607 -0.00413659
v 0.02301769 0.00186616 -0.00393167
v 0.02334938 0.00163276 -0.00385553
v 0.02308127 0.00212188 -0.00362375
v 0.02341214 0.00188486 -0.00355336
v 0.02314053 0.00236102 -0.00329222
v 0.02347055 0.00212065 -0.00322804
v 0.02319461 0.00257996 -0.00293742
v 0.02352379 0.00233654 -0.00287994
v 0.02324271 0.00277529 -0.00256068
v 0.02357109 0.00252918 -0.00251036
v 0.02338105 0.00026686 -0.00476226
v 0.02345807 0.00056333 -0.00454058
v 0.02353184 0.00085025 -0.00430158
v 0.02360195 0.00112564 -0.00404485
v 0.02366798 0.00138752 -0.00377000
v 0.02372993 0.00163517 -0.00347451
v 0.02378752 0.00186681 -0.00315636
v 0.02383996 0.00207892 -0.00281594
v 0.02388650 0.00226821 -0.00245454
v 0.02368867 0.00003541 -0.00464276
v 0.02376504 0.00032496 -0.00442672
v 0.02383809 0.00060535 -0.00419382
v 0.02390742 0.00087462 -0.00394367
v 0.02397265 0.00113085 -0.00367585
v 0.02403379 0.00137324 -0.00338787
v 0.02409056 0.00159996 -0.00307778
v 0.02414219 0.00180759 -0.00274593
v 0.02418799 0.00199289 -0.00239358
v 0.02398169 -0.00020362 -0.00451268
v 0.02425986 -0.00044986 -0.00437308
v 0.02405730 0.00007816 -0.00430291
v 0.02433458 -0.00017664 -0.00417012
v 0.02412956 0.00035116 -0.00407679
v 0.02440591 0.00008819 -0.00395134
v 0.02419808 0.00061349 -0.00383389
v 0.02447350 0.00034279 -0.00371631
v 0.02426248 0.00086325 -0.00357382
v 0.02453698 0.00058532 -0.00346461
v 0.02432277 0.00109959 -0.00329411
v 0.02459636 0.00081489 -0.00319382
v 0.02437871 0.00132067 -0.00299283
v 0.02465141 0.00102963 -0.00290205
v 0.02442955 0.00152313 -0.00267035
v 0.02470140 0.00122630 -0.00258965
v 0.02447461 0.00170383 -0.00232788
v 0.02474569 0.00140184 -0.00225780
v 0.02444497 -0.00097279 -0.00440625
v 0.02452173 -0.00070263 -0.00422535
v 0.02459546 -0.00043874 -0.00402962
v 0.02466580 -0.00018284 -0.00381863
v 0.02473241 0.00006329 -0.00359194
v 0.02479494 0.00029786 -0.00334912
v 0.02485340 0.00051996 -0.00308779
v 0.02490756 0.00072771 -0.00280610
v 0.02495673 0.00091798 -0.00250438
v 0.02500027 0.00108781 -0.00218377
v 0.02190808 0.00391210 -0.00185210
v 0.02227274 0.00373186 -0.00183109
v 0.02262966 0.00353319 -0.00180827
v 0.02336301 0.00326720 -0.00088705
v 0.02368915 0.00301464 -0.00086932
v 0.02367097 0.00293927 -0.00129738
v 0.02158887 0.00430576 -0.00047769
v 0.02157861 0.00426066 -0.00095150
v 0.02156095 0.00418343 -0.00141747
v 0.02119807 0.00440218 -0.00096158
v 0.02120786 0.00444698 -0.00048299
v 0.02121311 0.00446080 0.00000008
v 0.02158884 0.00431196 0.00000008
v 0.02196563 0.00415763 0.00000008
v 0.02232937 0.00397161 0.00000008
v 0.02232976 0.00396467 -0.00046609
v 0.02192158 0.00418016 0.00000008
v 0.02196318 0.00414487 -0.00047207
v 0.02231867 0.00391932 -0.00092926
v 0.02265707 0.00364286 -0.00136777
v 0.02297919 0.00331654 -0.00178158
v 0.02267639 0.00372018 -0.00091696
v 0.02300611 0.00342561 -0.00134726
v 0.02331809 0.00308280 -0.00175074
v 0.02369976 0.00305889 -0.00043561
v 0.02337385 0.00331198 -0.00044454
v 0.02303615 0.00354770 -0.00045260
v 0.02260266 0.00383186 0.00000008
v 0.02268912 0.00377667 0.00000008
v 0.02268771 0.00376548 -0.00045973
v 0.02302506 0.00350258 -0.00090298
v 0.02334446 0.00319088 -0.00132372
v 0.02364512 0.00283257 -0.00171605
v 0.02395925 0.00256641 -0.00167781
v 0.02425950 0.00228487 -0.00163625
v 0.02454492 0.00198861 -0.00159159
v 0.02458661 0.00215975 -0.00080643
v 0.02485570 0.00184479 -0.00078254
v 0.02483882 0.00177591 -0.00116759
v 0.02481476 0.00167851 -0.00154405
v 0.02456941 0.00208887 -0.00120340
v 0.02430193 0.00246028 -0.00082892
v 0.02401286 0.00278902 -0.00042587
v 0.02532769 0.00111119 -0.00109021
v 0.02486555 0.00188528 -0.00039221
v 0.02459664 0.00220141 -0.00040413
v 0.02431214 0.00250296 -0.00041537
v 0.02401106 0.00279777 0.00000009
v 0.02510841 0.00151636 -0.00075733
v 0.02534398 0.00117539 -0.00073093
v 0.02511809 0.00155553 -0.00037964
v 0.02535350 0.00121313 -0.00036648
v 0.02557099 0.00085902 -0.00035269
v 0.02556607 0.00086623 0.00000009
v 0.02574807 0.00055341 0.00000009
v 0.02574548 0.00040104 -0.00100479
v 0.02556171 0.00082284 -0.00070325
v 0.02576086 0.00045973 -0.00067409
v 0.02576985 0.00049422 -0.00033820
v 0.02577060 0.00050449 0.00000009
v 0.02511393 0.00156309 0.00000009
v 0.02535625 0.00122522 0.00000009
v 0.02536133 0.00121815 0.00000009
v 0.02431186 0.00251311 0.00000009
v 0.02440765 0.00242245 0.00000009
v 0.02459346 0.00220941 0.00000009
v 0.02486640 0.00189646 0.00000009
v 0.02491382 0.00184209 0.00000009
v 0.02303543 0.00355564 0.00000008
v 0.02324837 0.00341973 0.00000009
v 0.02337371 0.00332190 0.00000009
v 0.02369903 0.00306799 0.00000009
v 0.02385022 0.00294998 0.00000009
v 0.02112564 0.00407505 -0.00233157
v 0.02150319 0.00393205 -0.00231010
v 0.02187441 0.00377032 -0.00228688
v 0.02223801 0.00359023 -0.00226186
v 0.02259438 0.00339205 -0.00223450
v 0.02294451 0.00317623 -0.00220205
v 0.02328408 0.00294383 -0.00216426
v 0.02361174 0.00269544 -0.00212156
v 0.02392646 0.00243160 -0.00207433
v 0.02422728 0.00215286 -0.00202289
v 0.02451325 0.00185986 -0.00196752
v 0.02478365 0.00155341 -0.00190851
v 0.02503758 0.00123445 -0.00184619
v 0.02527452 0.00090378 -0.00178087
v 0.02549402 0.00056235 -0.00171218
v 0.02569529 0.00021130 -0.00163937
v 0.02606659 -0.00042108 -0.00120250
v 0.02650817 -0.00197531 -0.00092357
v 0.02632912 -0.00118843 -0.00106760
v 0.02519524 0.00059884 -0.00241498
v 0.02523793 0.00076248 -0.00210615
v 0.02541677 0.00026984 -0.00232078
v 0.02545837 0.00042682 -0.00202445
v 0.02562045 -0.00006780 -0.00222062
v 0.02566076 0.00008199 -0.00193771
v 0.02580541 -0.00041382 -0.00211585
v 0.02584429 -0.00027155 -0.00184695
v 0.02597092 -0.00076729 -0.00200703
v 0.02600831 -0.00063283 -0.00175260
v 0.02611647 -0.00112707 -0.00189424
v 0.02615230 -0.00100071 -0.00165474
v 0.02624169 -0.00149219 -0.00177770
v 0.02627585 -0.00137417 -0.00155353
v 0.02634627 -0.00186165 -0.00165761
v 0.02637864 -0.00175220 -0.00144916
v 0.02643021 -0.00223436 -0.00153413
v 0.02646066 -0.00213368 -0.00134174
v 0.02649360 -0.00260921 -0.00140739
v 0.02652198 -0.00251744 -0.00123140
v 0.02653651 -0.00298506 -0.00127755
v 0.02656270 -0.00290234 -0.00111826
v 0.02655904 -0.00336076 -0.00114480
v 0.02658291 -0.00328719 -0.00100249
v 0.02658464 -0.00367092 -0.00088422
v 0.02625989 -0.00562465 -0.00038963
v 0.02628100 -0.00558012 -0.00033105
v 0.02629852 -0.00554293 -0.00026127
v 0.02635221 -0.00530471 -0.00058205
v 0.02638143 -0.00523664 -0.00049402
v 0.02640563 -0.00517977 -0.00038950
v 0.02624273 -0.00554531 -0.00077026
v 0.02618118 -0.00578190 -0.00051410
v 0.02609434 -0.00601066 -0.00025714
v 0.02648395 -0.00480874 -0.00051604
v 0.02653772 -0.00443258 -0.00064081
v 0.02657030 -0.00405291 -0.00076362
v 0.02649614 -0.00477759 -0.00043894
v 0.02656390 -0.00436105 -0.00044338
v 0.02660364 -0.00277234 -0.00077103
v 0.02594952 0.00011979 -0.00032300
v 0.02594449 0.00012685 0.00000010
v 0.02606846 -0.00014238 0.00000010
v 0.02592601 0.00003138 -0.00095883
v 0.02608689 -0.00034662 -0.00091090
v 0.02594085 0.00008707 -0.00064351
v 0.02610117 -0.00029403 -0.00061160
v 0.02610951 -0.00026316 -0.00030711
v 0.02610771 -0.00025466 0.00000010
v 0.02622761 -0.00073184 -0.00086106
v 0.02634770 -0.00112318 -0.00080938
v 0.02624131 -0.00068247 -0.00057838
v 0.02636077 -0.00107713 -0.00054390
v 0.02624931 -0.00065350 -0.00029056
v 0.02624468 -0.00064658 0.00000010
v 0.02646644 -0.00145190 -0.00025553
v 0.02646255 -0.00144528 0.00000010
v 0.02650298 -0.00161074 0.00000010
v 0.02644676 -0.00151954 -0.00075593
v 0.02652477 -0.00191974 -0.00070077
v 0.02645917 -0.00147690 -0.00050820
v 0.02653646 -0.00188057 -0.00047132
v 0.02654332 -0.00185762 -0.00023709
v 0.02653763 -0.00185129 0.00000010
v 0.02659915 -0.00226605 -0.00021806
v 0.02659651 -0.00225994 0.00000010
v 0.02661329 -0.00237646 0.00000010
v 0.02658181 -0.00232256 -0.00064395
v 0.02661796 -0.00272678 -0.00058553
v 0.02659274 -0.00228691 -0.00043330
v 0.02662807 -0.00269470 -0.00039416
v 0.02663401 -0.00267594 -0.00019845
v 0.02662730 -0.00267025 0.00000010
v 0.02661825 -0.00356992 -0.00061070
v 0.02663330 -0.00313116 -0.00052558
v 0.02663003 -0.00353459 -0.00046418
v 0.02664253 -0.00310269 -0.00035396
v 0.02663837 -0.00350974 -0.00031274
v 0.02661074 -0.00393643 -0.00040139
v 0.02657312 -0.00433606 -0.00033729
v 0.02661819 -0.00391523 -0.00027056
v 0.02657966 -0.00431854 -0.00022745
v 0.02642360 -0.00513784 -0.00026999
v 0.02643451 -0.00511302 -0.00013875
v 0.02631157 -0.00551555 -0.00018128
v 0.02631953 -0.00549939 -0.00009324
v 0.02616519 -0.00588119 -0.00009123
v 0.02616956 -0.00587338 -0.00004695
v 0.02611541 -0.00598560 0.00000010
v 0.02664686 -0.00308078 0.00000010
v 0.02665001 -0.00314695 0.00000010
v 0.02664797 -0.00308605 -0.00017829
v 0.02664325 -0.00349050 0.00000010
v 0.02664123 -0.00359320 0.00000010
v 0.02652205 -0.00470739 0.00000010
v 0.02650594 -0.00480333 0.00000010
v 0.02651964 -0.00471838 -0.00018350
v 0.02651405 -0.00473224 -0.00027199
v 0.02650619 -0.00475202 -0.00035737
v 0.02643713 -0.00510496 0.00000010
v 0.02642924 -0.00513956 0.00000010
v 0.02633792 -0.00544791 0.00000010
v 0.02662182 -0.00389873 0.00000010
v 0.02661337 -0.00403178 0.00000010
v 0.02658248 -0.00430476 0.00000010
v 0.02656771 -0.00443539 0.00000010
v 0.02314721 -0.00484455 -0.00561185
v 0.02305198 -0.00506028 -0.00559454
v 0.02287439 -0.00475031 -0.00579560
v 0.02277917 -0.00497523 -0.00577511
v 0.02259216 -0.00465440 -0.00596814
v 0.02249792 -0.00488843 -0.00594458
v 0.02230130 -0.00455692 -0.00612799
v 0.02220879 -0.00479999 -0.00610165
v 0.02200159 -0.00445774 -0.00627367
v 0.02191160 -0.00470978 -0.00624490
v 0.02169337 -0.00435687 -0.00640372
v 0.02160662 -0.00461782 -0.00637299
v 0.02137689 -0.00425431 -0.00651658
v 0.02129410 -0.00452412 -0.00648443
v 0.02105260 -0.00415009 -0.00661034
v 0.02097441 -0.00442873 -0.00657740
v 0.02072235 -0.00404454 -0.00668282
v 0.02064902 -0.00433190 -0.00664985
v 0.02000883 -0.00413949 -0.00675497
v 0.01994067 -0.00443120 -0.00669979
v 0.01929802 -0.00425621 -0.00679486
v 0.02295698 -0.00526375 -0.00555474
v 0.02268430 -0.00518752 -0.00573115
v 0.02240422 -0.00510959 -0.00589664
v 0.02211708 -0.00503001 -0.00605012
v 0.02182272 -0.00494872 -0.00619027
v 0.02152137 -0.00486572 -0.00631585
v 0.02121324 -0.00478105 -0.00642550
v 0.02089867 -0.00469476 -0.00651747
v 0.02057865 -0.00460705 -0.00658992
v 0.02322314 -0.00533855 -0.00536902
v 0.02324351 -0.00461337 -0.00561141
v 0.02297081 -0.00450953 -0.00579753
v 0.02268783 -0.00440417 -0.00597240
v 0.02239550 -0.00429741 -0.00613438
v 0.02209360 -0.00418913 -0.00628193
v 0.02178254 -0.00407932 -0.00641353
v 0.02146255 -0.00396798 -0.00652754
v 0.02113416 -0.00385515 -0.00662200
v 0.02079956 -0.00374121 -0.00669461
v 0.02007967 -0.00383645 -0.00678401
v 0.01936428 -0.00395023 -0.00684353
v 0.02334221 -0.00436159 -0.00559528
v 0.02306984 -0.00424756 -0.00578304
v 0.02278635 -0.00413224 -0.00595957
v 0.02249287 -0.00401581 -0.00612309
v 0.02218915 -0.00389815 -0.00627204
v 0.02187565 -0.00377924 -0.00640482
v 0.02155264 -0.00365908 -0.00651977
v 0.02122067 -0.00353771 -0.00661487
v 0.02088224 -0.00341556 -0.00668772
v 0.02015417 -0.00351821 -0.00679281
v 0.01943273 -0.00363395 -0.00686722
v 0.02344457 -0.00408470 -0.00556295
v 0.02317274 -0.00395971 -0.00575160
v 0.02288906 -0.00383380 -0.00592908
v 0.02259476 -0.00370716 -0.00609351
v 0.02228960 -0.00357966 -0.00624333
v 0.02197411 -0.00345133 -0.00637689
v 0.02164856 -0.00332213 -0.00649248
v 0.02131356 -0.00319215 -0.00658808
v 0.02097184 -0.00306184 -0.00666122
v 0.02023402 -0.00317821 -0.00678387
v 0.01950444 -0.00330341 -0.00687188
v 0.01958118 -0.00295183 -0.00685998
v 0.02032073 -0.00281035 -0.00675604
v 0.02106229 -0.00270440 -0.00661706
v 0.02140690 -0.00284250 -0.00654374
v 0.02174453 -0.00298080 -0.00644791
v 0.02207227 -0.00311880 -0.00633206
v 0.02238947 -0.00325642 -0.00619823
v 0.02269581 -0.00339368 -0.00604814
v 0.02299074 -0.00353054 -0.00588346
v 0.02327448 -0.00366712 -0.00570576
v 0.02354569 -0.00380317 -0.00551699
v 0.02390397 -0.00366758 -0.00526086
v 0.02360498 -0.00447487 -0.00539789
v 0.02370611 -0.00420930 -0.00536472
v 0.02385948 -0.00458696 -0.00518897
v 0.02395888 -0.00433301 -0.00515478
v 0.02410376 -0.00469641 -0.00496462
v 0.02420099 -0.00445430 -0.00492908
v 0.02433566 -0.00480506 -0.00472873
v 0.02443020 -0.00457521 -0.00469211
v 0.02464521 -0.00469572 -0.00444569
v 0.01983128 -0.00181225 -0.00672106
v 0.01991374 -0.00143480 -0.00664357
v 0.02058198 -0.00170055 -0.00657271
v 0.02066834 -0.00133327 -0.00648135
v 0.02133293 -0.00163302 -0.00638899
v 0.02142250 -0.00127788 -0.00628349
v 0.02168403 -0.00179200 -0.00631591
v 0.02177510 -0.00144302 -0.00621076
v 0.02202743 -0.00195315 -0.00622094
v 0.02211978 -0.00161108 -0.00611658
v 0.02235990 -0.00211587 -0.00610655
v 0.02245325 -0.00178146 -0.00600337
v 0.02268067 -0.00228004 -0.00597471
v 0.01999553 -0.00105984 -0.00655184
v 0.02075418 -0.00096815 -0.00637571
v 0.02151150 -0.00092472 -0.00616328
v 0.02186531 -0.00109562 -0.00609105
v 0.02221096 -0.00127024 -0.00599793
v 0.02031468 0.00040421 -0.00604024
v 0.02039199 0.00075818 -0.00587380
v 0.02108983 0.00045835 -0.00580277
v 0.01966455 -0.00257283 -0.00683015
v 0.01974820 -0.00219175 -0.00678351
v 0.02040808 -0.00243956 -0.00671089
v 0.02049519 -0.00206948 -0.00664950
v 0.02115270 -0.00234679 -0.00655637
v 0.02124295 -0.00198950 -0.00648006
v 0.02149982 -0.00249226 -0.00648301
v 0.02159223 -0.00214194 -0.00640677
v 0.02183972 -0.00263853 -0.00638721
v 0.02193405 -0.00229582 -0.00631126
v 0.02216933 -0.00278506 -0.00627148
v 0.02226523 -0.00245059 -0.00619603
v 0.02248796 -0.00293176 -0.00613786
v 0.02258505 -0.00260614 -0.00606308
v 0.02279529 -0.00307862 -0.00598807
v 0.02289315 -0.00276245 -0.00591412
v 0.02309068 -0.00322561 -0.00582378
v 0.02298934 -0.00244562 -0.00582710
v 0.02318886 -0.00291946 -0.00575083
v 0.02356851 -0.00278078 -0.00549106
v 0.02337438 -0.00337282 -0.00564656
v 0.02364493 -0.00351996 -0.00545841
v 0.02383761 -0.00295003 -0.00530617
v 0.02375480 -0.00218727 -0.00528849
v 0.02402228 -0.00237837 -0.00510936
v 0.02007660 -0.00068788 -0.00644608
v 0.02083938 -0.00060581 -0.00625543
v 0.02159978 -0.00057416 -0.00602804
v 0.02195451 -0.00075043 -0.00595649
v 0.02230087 -0.00093127 -0.00586468
v 0.02263562 -0.00111606 -0.00575489
v 0.02295793 -0.00130459 -0.00562890
v 0.02326729 -0.00149675 -0.00548827
v 0.02356291 -0.00169237 -0.00533451
v 0.02393273 -0.00159676 -0.00503698
v 0.02015687 -0.00031950 -0.00632586
v 0.02092382 -0.00024683 -0.00612012
v 0.02168718 -0.00022682 -0.00587745
v 0.02204258 -0.00040809 -0.00580677
v 0.02238938 -0.00059481 -0.00571656
v 0.02272443 -0.00078634 -0.00560900
v 0.02304686 -0.00098246 -0.00548580
v 0.02335613 -0.00118304 -0.00534846
v 0.02365142 -0.00138785 -0.00519840
v 0.02419845 -0.00180923 -0.00486600
v 0.02023626 0.00004472 -0.00619073
v 0.02100736 0.00010816 -0.00596940
v 0.02177350 0.00011646 -0.00571107
v 0.02212931 -0.00006943 -0.00564147
v 0.02247633 -0.00026169 -0.00555315
v 0.02281148 -0.00045966 -0.00544818
v 0.02313385 -0.00066310 -0.00532820
v 0.02344289 -0.00087182 -0.00519460
v 0.02373774 -0.00108560 -0.00504877
v 0.02401835 -0.00130423 -0.00489198
v 0.02428315 -0.00152714 -0.00472596
v 0.02482460 -0.00580183 -0.00375144
v 0.02463022 -0.00574315 -0.00401554
v 0.02442363 -0.00568178 -0.00426958
v 0.02420519 -0.00561782 -0.00451299
v 0.02397525 -0.00555137 -0.00474517
v 0.02373420 -0.00548265 -0.00496558
v 0.02348291 -0.00541177 -0.00517359
v 0.02341189 -0.00493754 -0.00541852
v 0.02350731 -0.00471618 -0.00541566
v 0.02366927 -0.00502898 -0.00521435
v 0.02376333 -0.00481756 -0.00520868
v 0.02391730 -0.00511773 -0.00499583
v 0.02400957 -0.00491623 -0.00498672
v 0.02415398 -0.00520492 -0.00476529
v 0.02424393 -0.00501369 -0.00475298
v 0.02437822 -0.00529052 -0.00452398
v 0.02446524 -0.00510993 -0.00450892
v 0.02458958 -0.00537408 -0.00427232
v 0.02467303 -0.00520439 -0.00425494
v 0.02486717 -0.00529699 -0.00399172
v 0.02552062 -0.00591811 -0.00259486
v 0.02538676 -0.00586128 -0.00289609
v 0.02523807 -0.00580115 -0.00318970
v 0.02507521 -0.00573799 -0.00347520
v 0.02489873 -0.00567201 -0.00375213
v 0.02470907 -0.00560342 -0.00402001
v 0.02450665 -0.00553236 -0.00427836
v 0.02429176 -0.00545893 -0.00452657
v 0.02406465 -0.00538322 -0.00476401
v 0.02382575 -0.00530557 -0.00499017
v 0.02357605 -0.00522606 -0.00520411
v 0.02331743 -0.00514398 -0.00540450
v 0.02573246 -0.00549749 -0.00250081
v 0.02562405 -0.00572567 -0.00255732
v 0.02562331 -0.00538930 -0.00279823
v 0.02550244 -0.00564538 -0.00285830
v 0.02549827 -0.00527841 -0.00309000
v 0.02536550 -0.00556206 -0.00315275
v 0.02535772 -0.00516522 -0.00337557
v 0.02521371 -0.00547605 -0.00344013
v 0.02520193 -0.00505008 -0.00365446
v 0.02504749 -0.00538761 -0.00371994
v 0.02503114 -0.00493329 -0.00392615
v 0.02484554 -0.00481512 -0.00419013
v 0.02594571 -0.00601031 -0.00130017
v 0.02598045 -0.00607093 -0.00097664
v 0.02599705 -0.00612733 -0.00065144
v 0.02599689 -0.00617981 -0.00032554
v 0.02574108 -0.00602079 -0.00197187
v 0.02582605 -0.00606613 -0.00165140
v 0.02581936 -0.00587587 -0.00193808
v 0.02589170 -0.00594521 -0.00162102
v 0.02590221 -0.00570423 -0.00189134
v 0.02596169 -0.00580216 -0.00158040
v 0.02598565 -0.00552256 -0.00183543
v 0.02603258 -0.00565103 -0.00153273
v 0.02563898 -0.00597137 -0.00228658
v 0.02572987 -0.00580260 -0.00225038
v 0.02582553 -0.00560257 -0.00219832
v 0.02592143 -0.00539056 -0.00213476
v 0.02605850 -0.00601148 -0.00061376
v 0.02602889 -0.00612263 -0.00030643
v 0.02606203 -0.00606582 -0.00028436
v 0.02584081 -0.00525534 -0.00243023
v 0.02574379 -0.00511725 -0.00272130
v 0.02563034 -0.00497677 -0.00300740
v 0.02550070 -0.00483439 -0.00328799
v 0.02535506 -0.00469053 -0.00356256
v 0.02519357 -0.00454557 -0.00383064
v 0.02501634 -0.00439985 -0.00409169
v 0.02482340 -0.00425357 -0.00434501
v 0.02461475 -0.00410692 -0.00458987
v 0.02439090 -0.00396073 -0.00482603
v 0.02415322 -0.00381507 -0.00505145
v 0.02604643 -0.00477111 -0.00225593
v 0.02594558 -0.00501306 -0.00234865
v 0.02597171 -0.00457232 -0.00252740
v 0.02586005 -0.00484471 -0.00263103
v 0.02587947 -0.00437166 -0.00279471
v 0.02575752 -0.00467423 -0.00290891
v 0.02576977 -0.00416978 -0.00305734
v 0.02563816 -0.00450221 -0.00318178
v 0.02564268 -0.00396727 -0.00331482
v 0.02550208 -0.00432915 -0.00344914
v 0.02549821 -0.00376471 -0.00356673
v 0.02534936 -0.00415551 -0.00371053
v 0.02533638 -0.00356260 -0.00381258
v 0.02518005 -0.00398172 -0.00396545
v 0.02515719 -0.00336130 -0.00405172
v 0.02499415 -0.00380805 -0.00421319
v 0.02496066 -0.00316117 -0.00428346
v 0.02479167 -0.00363476 -0.00445304
v 0.02474727 -0.00296321 -0.00450765
v 0.02457310 -0.00346280 -0.00468483
v 0.02451844 -0.00276764 -0.00472221
v 0.02433985 -0.00329228 -0.00490641
v 0.02427625 -0.00257209 -0.00492145
v 0.02409412 -0.00312076 -0.00511215
v 0.02610418 -0.00496740 -0.00198080
v 0.02612101 -0.00589530 -0.00056934
v 0.02615823 -0.00571872 -0.00085413
v 0.02617419 -0.00553702 -0.00113829
v 0.02616943 -0.00535083 -0.00142137
v 0.02614554 -0.00516077 -0.00170247
v 0.02444986 -0.00202555 -0.00468670
v 0.02468851 -0.00224486 -0.00449664
v 0.02491298 -0.00246539 -0.00429213
v 0.02512129 -0.00268925 -0.00407856
v 0.02531211 -0.00291616 -0.00385791
v 0.02548493 -0.00314503 -0.00363029
v 0.02563971 -0.00337541 -0.00339635
v 0.02577644 -0.00360686 -0.00315668
v 0.02589511 -0.00383876 -0.00291174
v 0.02599576 -0.00407046 -0.00266191
v 0.02607836 -0.00430127 -0.00240764
v 0.02614291 -0.00453044 -0.00214938
v 0.02619024 -0.00475727 -0.00188764
v 0.02622120 -0.00498131 -0.00162280
v 0.02623458 -0.00520214 -0.00135526
v 0.02622855 -0.00541910 -0.00108576
v 0.01549049 -0.00214952 -0.00707671
v 0.01544166 -0.00251210 -0.00710748
v 0.01734063 -0.00373825 -0.00701031
v 0.01673414 -0.00322534 -0.00707419
v 0.01667940 -0.00356625 -0.00706179
v 0.01799777 -0.00390977 -0.00694917
v 0.01739858 -0.00340398 -0.00703267
v 0.01678911 -0.00287926 -0.00706826
v 0.01825458 -0.00253474 -0.00696568
v 0.01884818 -0.00309748 -0.00693548
v 0.01818572 -0.00290072 -0.00698528
v 0.01877981 -0.00343760 -0.00693577
v 0.01812114 -0.00324765 -0.00699125
v 0.01871423 -0.00376454 -0.00691846
v 0.01805889 -0.00358263 -0.00698121
v 0.01865030 -0.00408235 -0.00687754
v 0.01559918 -0.00137465 -0.00699211
v 0.01697131 -0.00175614 -0.00698009
v 0.01684562 -0.00252389 -0.00704991
v 0.01690573 -0.00215196 -0.00702132
v 0.01360095 -0.00003257 -0.00680762
v 0.01426123 -0.00060434 -0.00690440
v 0.01565447 -0.00097940 -0.00693251
v 0.01703581 -0.00136187 -0.00692494
v 0.01765229 -0.00194858 -0.00696048
v 0.01367492 0.00071525 -0.00662175
v 0.01307295 0.00226008 -0.00609590
v 0.01377290 0.00176398 -0.00625771
v 0.01304675 0.00193566 -0.00624462
v 0.01374168 0.00142479 -0.00639145
v 0.01301943 0.00159959 -0.00637970
v 0.01370909 0.00107505 -0.00651251
v 0.01309819 0.00257221 -0.00593263
v 0.01312255 0.00287126 -0.00575376
v 0.01314612 0.00315643 -0.00555822
v 0.01316897 0.00342690 -0.00534496
v 0.01319111 0.00368173 -0.00511298
v 0.01321242 0.00391961 -0.00486143
v 0.01570754 -0.00059076 -0.00686063
v 0.01430557 -0.00021671 -0.00682905
v 0.01575860 -0.00020914 -0.00677684
v 0.01434768 0.00016284 -0.00674266
v 0.01580782 0.00016507 -0.00668150
v 0.01438780 0.00053380 -0.00664542
v 0.01585539 0.00053145 -0.00657442
v 0.01442616 0.00089571 -0.00653706
v 0.01590146 0.00088959 -0.00645481
v 0.01446294 0.00124813 -0.00641673
v 0.01594617 0.00123908 -0.00632187
v 0.01449835 0.00159060 -0.00628358
v 0.01598969 0.00157952 -0.00617476
v 0.01476977 0.00410802 -0.00434092
v 0.01474426 0.00389106 -0.00463543
v 0.01471727 0.00365527 -0.00490805
v 0.01468897 0.00340216 -0.00515968
v 0.01465956 0.00313322 -0.00539122
v 0.01462922 0.00284988 -0.00560359
v 0.01459797 0.00255313 -0.00579786
v 0.01456577 0.00224379 -0.00597519
v 0.01453258 0.00192268 -0.00613672
v 0.01709848 -0.00097281 -0.00685637
v 0.01715946 -0.00058933 -0.00677489
v 0.01721889 -0.00021181 -0.00668099
v 0.01727687 0.00015935 -0.00657462
v 0.01733349 0.00052371 -0.00645508
v 0.01738884 0.00088085 -0.00632164
v 0.01744302 0.00123033 -0.00617359
v 0.01749605 0.00157152 -0.00601008
v 0.01772167 -0.00155513 -0.00690762
v 0.01778949 -0.00116605 -0.00684071
v 0.01785582 -0.00078170 -0.00676032
v 0.01792078 -0.00040249 -0.00666704
v 0.01798444 -0.00002883 -0.00656087
v 0.01804684 0.00033882 -0.00644117
v 0.01810803 0.00069998 -0.00630730
v 0.01816809 0.00105421 -0.00615857
v 0.01822698 0.00140084 -0.00599421
v 0.01832948 -0.00214282 -0.00693057
v 0.01840391 -0.00175063 -0.00687999
v 0.01847706 -0.00136188 -0.00681471
v 0.01854900 -0.00097697 -0.00673539
v 0.01861976 -0.00059631 -0.00664267
v 0.01868939 -0.00022035 -0.00653664
v 0.01875789 0.00015040 -0.00641674
v 0.01882528 0.00051544 -0.00628236
v 0.01889156 0.00087426 -0.00613292
v 0.01895669 0.00122615 -0.00596768
v 0.01892121 -0.00273723 -0.00692000
v 0.01900059 -0.00235019 -0.00688772
v 0.01907986 -0.00196197 -0.00683926
v 0.01915820 -0.00157625 -0.00677549
v 0.01923562 -0.00119346 -0.00669716
v 0.01931211 -0.00081404 -0.00660497
v 0.01938767 -0.00043847 -0.00649908
v 0.01946225 -0.00006729 -0.00637900
v 0.01953583 0.00029895 -0.00624419
v 0.01960836 0.00065971 -0.00609414
v 0.01967977 0.00101424 -0.00592819
v 0.02632082 -0.00549381 0.00000010
v 0.02623314 -0.00572921 0.00000010
v 0.02616857 -0.00586982 0.00000010
v 0.02081185 0.00452390 -0.00097102
v 0.02079574 0.00444772 -0.00144523
v 0.02077260 0.00433920 -0.00190667
v 0.02074258 0.00419908 -0.00235137
v 0.02070589 0.00402854 -0.00277562
v 0.02066319 0.00383045 -0.00317687
v 0.02061523 0.00360807 -0.00355294
v 0.02056284 0.00336496 -0.00390269
v 0.02050690 0.00310490 -0.00422610
v 0.02044770 0.00282876 -0.00452561
v 0.02038518 0.00253611 -0.00480410
v 0.02031981 0.00222893 -0.00506217
v 0.02025200 0.00190924 -0.00530039
v 0.02018218 0.00157894 -0.00551941
v 0.02011060 0.00123938 -0.00571998
v 0.01408003 -0.00214727 0.00711088
v 0.01403888 -0.00251124 0.00714923
v 0.01539369 -0.00286791 0.00712967
v 0.02582604 -0.00606613 0.00165159
v 0.02589270 -0.00610708 0.00132632
v 0.02594570 -0.00601031 0.00130036
v 0.02598044 -0.00607093 0.00097684
v 0.02592926 -0.00621544 0.00080931
v 0.02594165 -0.00621847 0.00067276
v 0.02596969 -0.00617553 0.00066595
v 0.02596697 -0.00622467 0.00039355
v 0.02596874 -0.00622514 0.00033709
v 0.02598291 -0.00620376 0.00033320
v 0.02551433 -0.00611215 0.00237339
v 0.02554820 -0.00612061 0.00229330
v 0.02559420 -0.00604890 0.00229641
v 0.02527093 -0.00605129 0.00289431
v 0.02541932 -0.00608841 0.00259802
v 0.02546949 -0.00600637 0.00260384
v 0.02488155 -0.00595427 0.00354136
v 0.02493576 -0.00596778 0.00345951
v 0.02500627 -0.00585767 0.00347794
v 0.02446521 -0.00510993 0.00450910
v 0.02424390 -0.00501369 0.00475316
v 0.02415395 -0.00520492 0.00476547
v 0.02437819 -0.00529052 0.00452416
v 0.02406462 -0.00538322 0.00476418
v 0.02438634 -0.00583070 0.00418151
v 0.02455050 -0.00587167 0.00398664
v 0.02459086 -0.00580954 0.00400586
v 0.02391726 -0.00511773 0.00499601
v 0.02368852 -0.00556660 0.00494316
v 0.02373416 -0.00548265 0.00496575
v 0.02348287 -0.00541177 0.00517376
v 0.02350684 -0.00561191 0.00502058
v 0.02364191 -0.00564536 0.00490812
v 0.02657965 -0.00431854 0.00022765
v 0.02643451 -0.00511302 0.00013895
v 0.02651963 -0.00471838 0.00018369
v 0.02661818 -0.00391523 0.00027075
v 0.02532769 0.00111119 0.00109040
v 0.02509180 0.00144972 0.00112999
v 0.02506815 0.00135548 0.00149404
v 0.01883977 0.00488939 0.00050867
v 0.01490223 0.00523369 0.00052583
v 0.02011056 0.00123938 0.00572013
v 0.02046793 0.00110551 0.00569078
v 0.02054237 0.00144504 0.00549007
v 0.01281877 -0.00063076 0.00694307
v 0.01534529 -0.00322089 0.00713737
v 0.01532106 -0.00339516 0.00713107
v 0.01421438 -0.00099956 0.00696856
v 0.01351779 -0.00081433 0.00695028
v 0.01412161 -0.00177882 0.00706770
v 0.01285781 -0.00023654 0.00687698
v 0.01289426 0.00014953 0.00679973
v 0.01292839 0.00052681 0.00671148
v 0.01296045 0.00089463 0.00661236
v 0.01154879 0.00160681 0.00651793
v 0.01299071 0.00125241 0.00650207
v 0.01157047 0.00194922 0.00639151
v 0.01159087 0.00227941 0.00625137
v 0.01161023 0.00259668 0.00609687
v 0.01162874 0.00290033 0.00592729
v 0.01166362 0.00346346 0.00553959
v 0.01164650 0.00318953 0.00574180
v 0.01018091 0.00377554 0.00551152
v 0.01019242 0.00402064 0.00528242
v 0.01020360 0.00424718 0.00503557
v 0.01021438 0.00445406 0.00477064
v 0.01022468 0.00464016 0.00448731
v 0.01023440 0.00480435 0.00418530
v 0.01024388 0.00495370 0.00386363
v 0.01025315 0.00509395 0.00352050
v 0.01026175 0.00522239 0.00315436
v 0.01026925 0.00533649 0.00276470
v 0.01027527 0.00543398 0.00235211
v 0.01027955 0.00551297 0.00191747
v 0.01028218 0.00557298 0.00146273
v 0.01028334 0.00561397 0.00099012
v 0.01028349 0.00563698 0.00050184
v 0.01312251 0.00287126 0.00575385
v 0.01459793 0.00255313 0.00579797
v 0.01314608 0.00315643 0.00555832
v 0.01462918 0.00284988 0.00560369
v 0.01316893 0.00342690 0.00534506
v 0.01465952 0.00313322 0.00539133
v 0.01319107 0.00368173 0.00511308
v 0.01468893 0.00340216 0.00515979
v 0.01321238 0.00391961 0.00486153
v 0.01471723 0.00365527 0.00490816
v 0.01474423 0.00389106 0.00463553
v 0.01335068 0.00536921 0.00052291
v 0.01181135 0.00550361 0.00051496
v 0.01334902 0.00534028 0.00103160
v 0.01181057 0.00547764 0.00101572
v 0.01334529 0.00528913 0.00152336
v 0.01180831 0.00543154 0.00149985
v 0.01333899 0.00521462 0.00199537
v 0.01180410 0.00536418 0.00196484
v 0.01332997 0.00511687 0.00244479
v 0.01179775 0.00527565 0.00240813
v 0.01331817 0.00499648 0.00286904
v 0.01178918 0.00516647 0.00282745
v 0.01330397 0.00485569 0.00326677
v 0.01177871 0.00503873 0.00322167
v 0.01328781 0.00469718 0.00363696
v 0.01176676 0.00489490 0.00358999
v 0.01175381 0.00473774 0.00393273
v 0.01174039 0.00457022 0.00425135
v 0.01172647 0.00438784 0.00454811
v 0.01171172 0.00418472 0.00482471
v 0.01169626 0.00396213 0.00508174
v 0.01168019 0.00372131 0.00531983
v 0.01804513 0.00495894 0.00051482
v 0.01646677 0.00509696 0.00052314
v 0.01803934 0.00492014 0.00102064
v 0.01646262 0.00506167 0.00103514
v 0.01802884 0.00485278 0.00151392
v 0.01645479 0.00499997 0.00153270
v 0.01801329 0.00475596 0.00199097
v 0.01644287 0.00491083 0.00201237
v 0.01799265 0.00463015 0.00244805
v 0.01642675 0.00479457 0.00247065
v 0.01796703 0.00447626 0.00288171
v 0.01640648 0.00465198 0.00290435
v 0.01793695 0.00429697 0.00328973
v 0.01638252 0.00448558 0.00331149
v 0.01790305 0.00409541 0.00367026
v 0.01635547 0.00429838 0.00369049
v 0.01786604 0.00387496 0.00402259
v 0.01632596 0.00409362 0.00404092
v 0.01782671 0.00363929 0.00434718
v 0.01629471 0.00387485 0.00436353
v 0.01778518 0.00338796 0.00464676
v 0.01626181 0.00364073 0.00466111
v 0.01774129 0.00311914 0.00492429
v 0.01622700 0.00338853 0.00493653
v 0.01769532 0.00283460 0.00518056
v 0.01619053 0.00311987 0.00519065
v 0.01764759 0.00253612 0.00541639
v 0.01615265 0.00283638 0.00542436
v 0.01759839 0.00222537 0.00563260
v 0.01611357 0.00253961 0.00563854
v 0.01754784 0.00190352 0.00583018
v 0.01607337 0.00223064 0.00583427
v 0.02003497 0.00475111 0.00049718
v 0.01902049 0.00157009 0.00578587
v 0.01945186 0.00180895 0.00556745
v 0.01908289 0.00190501 0.00558626
v 0.01951573 0.00213637 0.00534887
v 0.01914371 0.00222985 0.00536805
v 0.01957773 0.00245268 0.00511087
v 0.01920274 0.00254334 0.00513035
v 0.01963749 0.00275599 0.00485278
v 0.01925962 0.00284363 0.00487244
v 0.01969460 0.00304437 0.00457393
v 0.01931398 0.00312881 0.00459365
v 0.01974867 0.00331587 0.00427367
v 0.01936543 0.00339697 0.00429328
v 0.01979979 0.00357128 0.00394907
v 0.01941408 0.00364909 0.00396838
v 0.01984770 0.00381007 0.00359758
v 0.01945972 0.00388483 0.00361637
v 0.01989157 0.00402845 0.00321911
v 0.01950151 0.00410040 0.00323707
v 0.01993060 0.00422290 0.00281467
v 0.01953866 0.00429232 0.00283145
v 0.01996406 0.00439017 0.00238638
v 0.01957048 0.00445733 0.00240158
v 0.01999134 0.00452744 0.00193672
v 0.01959637 0.00459265 0.00194989
v 0.02001225 0.00463357 0.00146935
v 0.01961615 0.00469719 0.00148001
v 0.02002671 0.00470791 0.00098821
v 0.01962977 0.00477032 0.00099586
v 0.01963751 0.00481274 0.00050128
v 0.02082114 0.00456828 0.00048812
v 0.01476974 0.00410802 0.00434102
v 0.01479405 0.00430987 0.00402197
v 0.01481712 0.00449892 0.00367560
v 0.01483831 0.00467177 0.00330088
v 0.01485701 0.00482534 0.00289793
v 0.01487271 0.00495677 0.00246804
v 0.01488498 0.00506368 0.00201289
v 0.01489385 0.00514539 0.00153535
v 0.01489945 0.00520169 0.00103863
v 0.02082130 0.00095989 0.00565739
v 0.02089842 0.00129861 0.00545665
v 0.02630328 -0.00320394 0.00211213
v 0.02622591 -0.00288686 0.00230687
v 0.02612425 -0.00319253 0.00254132
v 0.02638792 -0.00294477 0.00186374
v 0.02643907 -0.00328759 0.00168972
v 0.02647432 -0.00317920 0.00156361
v 0.02650241 -0.00353344 0.00139997
v 0.02653210 -0.00344328 0.00127755
v 0.02652968 -0.00416964 0.00097150
v 0.02653894 -0.00380741 0.00112589
v 0.02648346 -0.00397058 0.00133156
v 0.02125046 0.00113972 0.00541902
v 0.02167583 0.00129570 0.00515887
v 0.02132812 0.00146853 0.00520028
v 0.02175345 0.00161307 0.00492191
v 0.02140357 0.00178761 0.00496277
v 0.02182834 0.00191908 0.00466588
v 0.02147636 0.00209502 0.00470597
v 0.02189999 0.00221169 0.00439033
v 0.02154599 0.00238872 0.00442939
v 0.02196790 0.00248886 0.00409479
v 0.02161197 0.00266667 0.00413253
v 0.02203202 0.00275041 0.00377654
v 0.02167427 0.00292882 0.00381262
v 0.02209199 0.00299495 0.00343337
v 0.02173255 0.00317391 0.00346739
v 0.02214687 0.00321872 0.00306554
v 0.02178589 0.00339816 0.00309705
v 0.02219581 0.00341824 0.00267432
v 0.02183344 0.00359805 0.00270284
v 0.02223800 0.00359023 0.00226202
v 0.02187439 0.00377032 0.00228704
v 0.02227272 0.00373186 0.00183125
v 0.02190806 0.00391210 0.00185226
v 0.02229968 0.00384184 0.00138573
v 0.02193416 0.00402213 0.00140221
v 0.02231866 0.00391932 0.00092942
v 0.02195249 0.00409959 0.00094089
v 0.02232976 0.00396467 0.00046626
v 0.02196317 0.00414487 0.00047223
v 0.02097370 0.00162868 0.00523769
v 0.02061501 0.00177561 0.00527102
v 0.02104684 0.00194872 0.00499978
v 0.02068556 0.00209586 0.00503288
v 0.02111739 0.00225678 0.00474238
v 0.02075360 0.00240386 0.00477506
v 0.02118486 0.00255085 0.00446496
v 0.02081867 0.00269757 0.00449701
v 0.02124880 0.00282887 0.00416699
v 0.02088032 0.00297500 0.00419817
v 0.02130918 0.00309097 0.00384567
v 0.02093854 0.00323641 0.00387568
v 0.02136569 0.00333600 0.00349866
v 0.02099305 0.00348078 0.00352717
v 0.02141741 0.00356017 0.00312610
v 0.02104295 0.00370433 0.00315272
v 0.02146350 0.00375995 0.00272922
v 0.02108740 0.00390352 0.00275349
v 0.02150317 0.00393205 0.00231026
v 0.02112562 0.00407505 0.00233173
v 0.02153575 0.00407363 0.00187182
v 0.02115696 0.00421608 0.00188999
v 0.02156094 0.00418343 0.00141762
v 0.02118115 0.00432537 0.00143200
v 0.02157860 0.00426066 0.00095166
v 0.02119806 0.00440218 0.00096174
v 0.02158887 0.00430576 0.00047785
v 0.02120785 0.00444698 0.00048314
v 0.02210198 0.00142503 0.00487480
v 0.02253319 0.00152531 0.00455965
v 0.02217817 0.00172894 0.00461996
v 0.02260548 0.00181368 0.00428833
v 0.02225103 0.00201979 0.00434588
v 0.02267387 0.00208730 0.00399768
v 0.02232007 0.00229553 0.00405212
v 0.02273831 0.00234575 0.00368508
v 0.02238523 0.00255586 0.00373602
v 0.02279845 0.00258744 0.00334840
v 0.02244613 0.00279927 0.00339542
v 0.02285341 0.00280867 0.00298799
v 0.02250185 0.00302205 0.00303062
v 0.02290235 0.00300601 0.00260517
v 0.02255153 0.00322072 0.00264293
v 0.02294450 0.00317623 0.00220222
v 0.02259437 0.00339205 0.00223466
v 0.02297918 0.00331654 0.00178175
v 0.02262965 0.00353319 0.00180844
v 0.02300610 0.00342561 0.00134743
v 0.02265706 0.00364286 0.00136794
v 0.02302506 0.00350258 0.00090315
v 0.02267639 0.00372018 0.00091713
v 0.02303615 0.00354770 0.00045277
v 0.02268770 0.00376548 0.00045990
v 0.02295007 0.00159555 0.00421820
v 0.02301766 0.00186616 0.00393184
v 0.02308124 0.00212188 0.00362392
v 0.02314051 0.00236102 0.00329239
v 0.02319459 0.00257996 0.00293759
v 0.02324269 0.00277529 0.00256085
v 0.02328407 0.00294383 0.00216443
v 0.02331808 0.00308280 0.00175091
v 0.02334445 0.00319088 0.00132389
v 0.02336300 0.00326720 0.00088722
v 0.02337384 0.00331198 0.00044471
v 0.02334935 0.00163276 0.00385570
v 0.02341211 0.00188486 0.00355353
v 0.02347052 0.00212065 0.00322821
v 0.02352376 0.00233654 0.00288011
v 0.02357107 0.00252918 0.00251054
v 0.02361172 0.00269544 0.00212173
v 0.02364511 0.00283257 0.00171622
v 0.02367096 0.00293927 0.00129755
v 0.02368914 0.00301464 0.00086950
v 0.02369976 0.00305889 0.00043579
v 0.02510840 0.00151636 0.00075752
v 0.02534398 0.00117539 0.00073111
v 0.02556171 0.00082284 0.00070344
v 0.02372990 0.00163517 0.00347468
v 0.02409053 0.00159996 0.00307795
v 0.02378750 0.00186681 0.00315654
v 0.02414217 0.00180759 0.00274611
v 0.02383994 0.00207892 0.00281612
v 0.02418797 0.00199289 0.00239376
v 0.02388648 0.00226821 0.00245471
v 0.02422726 0.00215286 0.00202306
v 0.02392644 0.00243160 0.00207451
v 0.02425949 0.00228487 0.00163643
v 0.02395924 0.00256641 0.00167799
v 0.02428442 0.00238764 0.00123724
v 0.02398462 0.00267133 0.00126861
v 0.02430193 0.00246028 0.00082909
v 0.02400246 0.00274547 0.00085009
v 0.02431214 0.00250296 0.00041555
v 0.02401286 0.00278902 0.00042605
v 0.02442953 0.00152313 0.00267053
v 0.02447459 0.00170383 0.00232806
v 0.02451323 0.00185986 0.00196770
v 0.02454491 0.00198861 0.00159177
v 0.02456940 0.00208887 0.00120358
v 0.02458660 0.00215975 0.00080661
v 0.02459663 0.00220141 0.00040431
v 0.02474567 0.00140184 0.00225798
v 0.02478364 0.00155341 0.00190869
v 0.02481475 0.00167851 0.00154423
v 0.02483881 0.00177591 0.00116778
v 0.02485570 0.00184479 0.00078272
v 0.02486555 0.00188528 0.00039240
v 0.02511809 0.00155553 0.00037983
v 0.02535349 0.00121313 0.00036666
v 0.02557099 0.00085902 0.00035288
v 0.02576984 0.00049422 0.00033839
v 0.02594952 0.00011979 0.00032319
v 0.02576085 0.00045973 0.00067428
v 0.02554583 0.00076128 0.00104886
v 0.02530449 0.00102039 0.00144143
v 0.02503756 0.00123445 0.00184638
v 0.02657029 -0.00405291 0.00076381
v 0.02653772 -0.00443258 0.00064101
v 0.02655206 -0.00439331 0.00054501
v 0.02649613 -0.00477759 0.00043913
v 0.02650619 -0.00475202 0.00035757
v 0.02616956 -0.00587338 0.00004714
v 0.02631953 -0.00549939 0.00009343
v 0.02631157 -0.00551555 0.00018147
v 0.02642360 -0.00513784 0.00027019
v 0.02640563 -0.00517977 0.00038969
v 0.02117092 0.00080260 0.00561965
v 0.02185841 0.00045451 0.00552841
v 0.02194169 0.00078612 0.00532850
v 0.02229770 0.00059207 0.00526178
v 0.02237883 0.00091250 0.00504595
v 0.02272529 0.00070571 0.00496518
v 0.02280343 0.00101330 0.00473447
v 0.02313727 0.00079288 0.00464363
v 0.02321170 0.00108544 0.00439927
v 0.02353181 0.00085025 0.00430175
v 0.02360192 0.00112564 0.00404503
v 0.02390739 0.00087462 0.00394385
v 0.02397263 0.00113085 0.00367603
v 0.02426245 0.00086325 0.00357400
v 0.02432275 0.00109959 0.00329428
v 0.02459634 0.00081489 0.00319400
v 0.02465139 0.00102963 0.00290223
v 0.02490754 0.00072771 0.00280629
v 0.02495671 0.00091798 0.00250457
v 0.02519522 0.00059884 0.00241516
v 0.02523791 0.00076248 0.00210634
v 0.02545836 0.00042682 0.00202464
v 0.02549401 0.00056235 0.00171236
v 0.02569528 0.00021130 0.00163956
v 0.02572358 0.00031799 0.00132770
v 0.02590489 -0.00004746 0.00126647
v 0.02592601 0.00003138 0.00095902
v 0.02608689 -0.00034662 0.00091109
v 0.02610116 -0.00029403 0.00061179
v 0.02624130 -0.00068247 0.00057857
v 0.02624931 -0.00065350 0.00029075
v 0.02636842 -0.00105013 0.00027355
v 0.02610951 -0.00026316 0.00030731
v 0.02594085 0.00008707 0.00064370
v 0.02574547 0.00040104 0.00100498
v 0.02552322 0.00067420 0.00138617
v 0.02527450 0.00090378 0.00178106
v 0.02500025 0.00108781 0.00218395
v 0.02470139 0.00122630 0.00258984
v 0.02437869 0.00132067 0.00299301
v 0.02403376 0.00137324 0.00338805
v 0.02366795 0.00138752 0.00377018
v 0.02328254 0.00136607 0.00413676
v 0.02287851 0.00131059 0.00448561
v 0.02245748 0.00122423 0.00481205
v 0.02202300 0.00111010 0.00511083
v 0.02159596 0.00096894 0.00537725
v 0.02646644 -0.00145190 0.00025572
v 0.02664253 -0.00310269 0.00035416
v 0.02663401 -0.00267594 0.00019864
v 0.01926586 -0.00440440 0.00675663
v 0.01936617 -0.00457957 0.00668330
v 0.01945254 -0.00460106 0.00666883
v 0.01990775 -0.00457191 0.00665798
v 0.01987582 -0.00470635 0.00659791
v 0.02009479 -0.00476082 0.00656123
v 0.02051200 -0.00486474 0.00648382
v 0.02054474 -0.00473917 0.00654555
v 0.02031154 -0.00481476 0.00652375
v 0.02027491 -0.00480562 0.00653105
v 0.02086188 -0.00482220 0.00647318
v 0.02067084 -0.00490435 0.00645218
v 0.02072497 -0.00491791 0.00643779
v 0.02101060 -0.00498947 0.00636185
v 0.02117370 -0.00490385 0.00638185
v 0.02093735 -0.00497112 0.00638133
v 0.02082575 -0.00494316 0.00641100
v 0.02112648 -0.00501838 0.00632339
v 0.02113447 -0.00502038 0.00632074
v 0.02147945 -0.00498397 0.00627334
v 0.02135304 -0.00507490 0.00624821
v 0.02169862 -0.00516089 0.00611058
v 0.02177885 -0.00506250 0.00614932
v 0.02152199 -0.00511694 0.00618093
v 0.02143784 -0.00509601 0.00621444
v 0.02172793 -0.00516818 0.00609697
v 0.02173557 -0.00517008 0.00609342
v 0.02207165 -0.00513939 0.00601109
v 0.02191125 -0.00521377 0.00601181
v 0.02202701 -0.00524257 0.00595803
v 0.02057860 -0.00460705 0.00659007
v 0.02089863 -0.00469476 0.00651763
v 0.02121320 -0.00478105 0.00642565
v 0.02152133 -0.00486572 0.00631601
v 0.02182268 -0.00494872 0.00619043
v 0.02211704 -0.00503001 0.00605028
v 0.02235770 -0.00521463 0.00585982
v 0.02240418 -0.00510959 0.00589680
v 0.02268426 -0.00518752 0.00573132
v 0.02204235 -0.00524638 0.00595090
v 0.02229355 -0.00530895 0.00581648
v 0.02231080 -0.00531324 0.00580725
v 0.02243679 -0.00534462 0.00573984
v 0.02266964 -0.00540257 0.00559869
v 0.02290968 -0.00536023 0.00552295
v 0.02280395 -0.00543599 0.00551728
v 0.02286261 -0.00545062 0.00547792
v 0.02295694 -0.00526375 0.00555491
v 0.02303914 -0.00549465 0.00535948
v 0.02314350 -0.00552067 0.00528947
v 0.02343648 -0.00549979 0.00514755
v 0.02319083 -0.00553256 0.00525444
v 0.02338898 -0.00558232 0.00510780
v 0.02339953 -0.00558497 0.00509999
v 0.02374373 -0.00567057 0.00482334
v 0.02377972 -0.00567948 0.00479337
v 0.02393061 -0.00563113 0.00472630
v 0.02322310 -0.00533855 0.00536919
v 0.02230125 -0.00455692 0.00612816
v 0.02259212 -0.00465440 0.00596831
v 0.02268778 -0.00440417 0.00597257
v 0.02297077 -0.00450953 0.00579770
v 0.02306979 -0.00424756 0.00578321
v 0.02334217 -0.00436159 0.00559545
v 0.02344452 -0.00408470 0.00556312
v 0.02370607 -0.00420930 0.00536489
v 0.02105255 -0.00415009 0.00661050
v 0.02137684 -0.00425431 0.00651674
v 0.02146251 -0.00396798 0.00652770
v 0.02178249 -0.00407932 0.00641369
v 0.02187560 -0.00377924 0.00640498
v 0.02218910 -0.00389815 0.00627220
v 0.02228956 -0.00357966 0.00624349
v 0.02259472 -0.00370716 0.00609368
v 0.02269577 -0.00339368 0.00604831
v 0.02299069 -0.00353054 0.00588363
v 0.02309064 -0.00322561 0.00582395
v 0.02337434 -0.00337282 0.00564674
v 0.01892116 -0.00273723 0.00692014
v 0.01958112 -0.00295183 0.00686012
v 0.01966450 -0.00257283 0.00683029
v 0.02023397 -0.00317821 0.00678402
v 0.02032068 -0.00281035 0.00675619
v 0.02088219 -0.00341556 0.00668788
v 0.02097180 -0.00306184 0.00666137
v 0.02131352 -0.00319215 0.00658823
v 0.02140685 -0.00284250 0.00654390
v 0.02174448 -0.00298080 0.00644807
v 0.02183967 -0.00263853 0.00638737
v 0.02216928 -0.00278506 0.00627164
v 0.02226518 -0.00245059 0.00619619
v 0.02258501 -0.00260614 0.00606324
v 0.02268062 -0.00228004 0.00597487
v 0.02298930 -0.00244562 0.00582727
v 0.02039195 0.00075818 0.00587395
v 0.02108979 0.00045835 0.00580292
v 0.02177346 0.00011646 0.00571123
v 0.02221442 0.00026435 0.00546013
v 0.02264452 0.00038977 0.00517817
v 0.02305967 0.00049039 0.00487023
v 0.02345803 0.00056333 0.00454075
v 0.02383806 0.00060535 0.00419400
v 0.02419805 0.00061349 0.00383407
v 0.02453695 0.00058532 0.00346479
v 0.02485338 0.00051996 0.00308797
v 0.02514699 0.00041550 0.00270568
v 0.02541675 0.00026984 0.00232097
v 0.02566075 0.00008199 0.00193790
v 0.02587759 -0.00014876 0.00156335
v 0.02606658 -0.00042108 0.00120269
v 0.02622761 -0.00073184 0.00086125
v 0.02636077 -0.00107713 0.00054409
v 0.02015412 -0.00351821 0.00679296
v 0.02079951 -0.00374121 0.00669476
v 0.02122063 -0.00353771 0.00661503
v 0.02164851 -0.00332213 0.00649264
v 0.02207222 -0.00311880 0.00633222
v 0.02248792 -0.00293176 0.00613802
v 0.02289311 -0.00276245 0.00591429
v 0.02328520 -0.00261252 0.00566555
v 0.02347229 -0.00199839 0.00545768
v 0.02375476 -0.00218727 0.00528866
v 0.02072230 -0.00404454 0.00668297
v 0.02113411 -0.00385515 0.00662216
v 0.02155259 -0.00365908 0.00651993
v 0.02197406 -0.00345133 0.00637705
v 0.02238942 -0.00325642 0.00619839
v 0.02279524 -0.00307862 0.00598824
v 0.02318882 -0.00291946 0.00575100
v 0.02356847 -0.00278078 0.00549124
v 0.02402224 -0.00237837 0.00510953
v 0.02419841 -0.00180923 0.00486618
v 0.02444982 -0.00202555 0.00468688
v 0.02383757 -0.00295003 0.00530635
v 0.02427621 -0.00257209 0.00492163
v 0.02468848 -0.00224486 0.00449682
v 0.02484936 -0.00172876 0.00422652
v 0.02506953 -0.00197380 0.00403493
v 0.02514403 -0.00173248 0.00388902
v 0.02534502 -0.00199428 0.00369683
v 0.02541444 -0.00176934 0.00354713
v 0.02559462 -0.00204809 0.00335726
v 0.02565872 -0.00184036 0.00320479
v 0.02581726 -0.00213541 0.00301850
v 0.02587577 -0.00194591 0.00286439
v 0.02601221 -0.00225694 0.00268328
v 0.02606493 -0.00208642 0.00252868
v 0.02617884 -0.00241280 0.00235427
v 0.02622564 -0.00226168 0.00220034
v 0.02631680 -0.00260245 0.00203403
v 0.02635785 -0.00247058 0.00188069
v 0.02642616 -0.00282455 0.00172393
v 0.02646152 -0.00271212 0.00157187
v 0.02650692 -0.00307784 0.00142628
v 0.02653650 -0.00298506 0.00127775
v 0.02655903 -0.00336076 0.00114499
v 0.02658290 -0.00328719 0.00100268
v 0.02658463 -0.00367092 0.00088442
v 0.02660307 -0.00361550 0.00075129
v 0.02658671 -0.00400554 0.00064913
v 0.02660022 -0.00396660 0.00052806
v 0.02656390 -0.00436105 0.00044357
v 0.02657311 -0.00433606 0.00033749
v 0.02651405 -0.00473224 0.00027219
v 0.02169332 -0.00435687 0.00640388
v 0.02200154 -0.00445774 0.00627383
v 0.02209356 -0.00418913 0.00628209
v 0.02239546 -0.00429741 0.00613454
v 0.02249283 -0.00401581 0.00612326
v 0.02278631 -0.00413224 0.00595974
v 0.02288901 -0.00383380 0.00592925
v 0.02317270 -0.00395971 0.00575177
v 0.02327444 -0.00366712 0.00570593
v 0.02354565 -0.00380317 0.00551717
v 0.02364489 -0.00351996 0.00545859
v 0.02390393 -0.00366758 0.00526104
v 0.02409409 -0.00312076 0.00511233
v 0.02433981 -0.00329228 0.00490659
v 0.02451840 -0.00276764 0.00472239
v 0.02474724 -0.00296321 0.00450783
v 0.02491295 -0.00246539 0.00429231
v 0.02512126 -0.00268925 0.00407875
v 0.02527291 -0.00222315 0.00383490
v 0.02545827 -0.00247641 0.00362821
v 0.02407315 -0.00575258 0.00451809
v 0.02407963 -0.00575419 0.00451200
v 0.02416196 -0.00569323 0.00449741
v 0.02388453 -0.00570559 0.00469504
v 0.02411821 -0.00576381 0.00447128
v 0.02426557 -0.00580057 0.00431573
v 0.02438217 -0.00575273 0.00425707
v 0.02433506 -0.00581790 0.00424238
v 0.02434091 -0.00581936 0.00423544
v 0.02470904 -0.00560342 0.00402019
v 0.02450662 -0.00553236 0.00427854
v 0.02442360 -0.00568178 0.00426976
v 0.02420516 -0.00561782 0.00451316
v 0.02459960 -0.00588392 0.00392836
v 0.02468318 -0.00590478 0.00381641
v 0.02478762 -0.00586355 0.00374432
v 0.02482672 -0.00594060 0.00362416
v 0.02496192 -0.00597430 0.00342000
v 0.02503571 -0.00599269 0.00330858
v 0.02517475 -0.00591051 0.00319511
v 0.02510968 -0.00601110 0.00318132
v 0.02522116 -0.00603886 0.00298953
v 0.02532941 -0.00596016 0.00290358
v 0.02523626 -0.00604262 0.00296354
v 0.02526627 -0.00605012 0.00290362
v 0.02474914 -0.00592124 0.00372806
v 0.02482458 -0.00580183 0.00375163
v 0.02507518 -0.00573799 0.00347539
v 0.02523804 -0.00580115 0.00318988
v 0.02536548 -0.00556206 0.00315293
v 0.02550242 -0.00564538 0.00285849
v 0.02562329 -0.00538930 0.00279841
v 0.02573244 -0.00549749 0.00250100
v 0.02584079 -0.00525534 0.00243042
v 0.02592142 -0.00539056 0.00213495
v 0.02545787 -0.00609804 0.00250687
v 0.02557737 -0.00612789 0.00222432
v 0.02566220 -0.00614894 0.00198071
v 0.02570269 -0.00608750 0.00198196
v 0.02567054 -0.00615101 0.00195676
v 0.02576063 -0.00617339 0.00166174
v 0.02579406 -0.00612193 0.00166115
v 0.02570761 -0.00616020 0.00185029
v 0.02568330 -0.00615417 0.00192010
v 0.02583897 -0.00619327 0.00133630
v 0.02586708 -0.00615187 0.00133496
v 0.02579823 -0.00618276 0.00152594
v 0.02579634 -0.00618227 0.00153477
v 0.02585512 -0.00619743 0.00126116
v 0.02587304 -0.00620206 0.00117773
v 0.02595169 -0.00622093 0.00056198
v 0.02587658 -0.00620297 0.00116123
v 0.02589976 -0.00620846 0.00100639
v 0.02594014 -0.00614344 0.00099738
v 0.02592154 -0.00621361 0.00086089
v 0.02599689 -0.00617981 0.00032573
v 0.02597064 -0.00622564 0.00027667
v 0.02602889 -0.00612263 0.00030662
v 0.02599705 -0.00612733 0.00065163
v 0.02552061 -0.00591811 0.00259505
v 0.02563896 -0.00597137 0.00228677
v 0.02572986 -0.00580260 0.00225057
v 0.02581935 -0.00587587 0.00193827
v 0.02590219 -0.00570423 0.00189153
v 0.02596168 -0.00580216 0.00158059
v 0.02603257 -0.00565103 0.00153293
v 0.02606087 -0.00577554 0.00122779
v 0.02617418 -0.00553702 0.00113849
v 0.02615822 -0.00571872 0.00085432
v 0.02287435 -0.00475031 0.00579577
v 0.02324347 -0.00461337 0.00561158
v 0.02360494 -0.00447487 0.00539806
v 0.02395885 -0.00433301 0.00515495
v 0.02415319 -0.00381507 0.00505163
v 0.02439087 -0.00396073 0.00482621
v 0.02457307 -0.00346280 0.00468501
v 0.02479164 -0.00363476 0.00445323
v 0.02496063 -0.00316117 0.00428364
v 0.02515716 -0.00336130 0.00405190
v 0.02531208 -0.00291616 0.00385809
v 0.02548491 -0.00314503 0.00363048
v 0.02562508 -0.00273245 0.00341498
v 0.02577325 -0.00299072 0.00319577
v 0.02589786 -0.00261578 0.00295965
v 0.02602066 -0.00290340 0.00275289
v 0.02607610 -0.00273480 0.00263005
v 0.02575581 -0.00233045 0.00316127
v 0.02595643 -0.00243380 0.00282677
v 0.02612891 -0.00257088 0.00249734
v 0.02314717 -0.00484455 0.00561202
v 0.02341185 -0.00493754 0.00541870
v 0.02350727 -0.00471618 0.00541584
v 0.02376329 -0.00481756 0.00520885
v 0.02385945 -0.00458696 0.00518915
v 0.02410373 -0.00469641 0.00496480
v 0.02420095 -0.00445430 0.00492926
v 0.02443016 -0.00457521 0.00469229
v 0.02461472 -0.00410692 0.00459006
v 0.02482337 -0.00425357 0.00434519
v 0.02499412 -0.00380805 0.00421337
v 0.02518002 -0.00398172 0.00396563
v 0.02533635 -0.00356260 0.00381277
v 0.02549818 -0.00376471 0.00356692
v 0.02563969 -0.00337541 0.00339654
v 0.02577641 -0.00360686 0.00315687
v 0.02590275 -0.00325068 0.00297112
v 0.02601358 -0.00351160 0.00274144
v 0.02620868 -0.00348232 0.00232527
v 0.02636110 -0.00352117 0.00191342
v 0.02647034 -0.00362985 0.00151223
v 0.02366923 -0.00502898 0.00521452
v 0.02400953 -0.00491623 0.00498690
v 0.02433562 -0.00480506 0.00472891
v 0.02464517 -0.00469572 0.00444587
v 0.02484551 -0.00481512 0.00419031
v 0.02501631 -0.00439985 0.00409187
v 0.02519354 -0.00454557 0.00383082
v 0.02534933 -0.00415551 0.00371072
v 0.02550206 -0.00432915 0.00344933
v 0.02564265 -0.00396727 0.00331501
v 0.02576975 -0.00416978 0.00305753
v 0.02589509 -0.00383876 0.00291193
v 0.02599574 -0.00407046 0.00266210
v 0.02610579 -0.00377275 0.00250708
v 0.02617942 -0.00403334 0.00226843
v 0.02627403 -0.00377189 0.00210507
v 0.02632033 -0.00406034 0.00188110
v 0.02639943 -0.00383754 0.00171105
v 0.02641981 -0.00415215 0.00150536
v 0.02648042 -0.00430921 0.00114792
v 0.02650227 -0.00452939 0.00081454
v 0.02648395 -0.00480874 0.00051623
v 0.02606203 -0.00606582 0.00028455
v 0.02605850 -0.00601148 0.00061395
v 0.02574106 -0.00602079 0.00197206
v 0.02589169 -0.00594521 0.00162121
v 0.02600270 -0.00589601 0.00126666
v 0.02606936 -0.00589572 0.00092123
v 0.02612100 -0.00589530 0.00056954
v 0.02618118 -0.00578190 0.00051430
v 0.02609434 -0.00601066 0.00025733
v 0.02610961 -0.00598396 0.00024024
v 0.02463019 -0.00574315 0.00401572
v 0.02489870 -0.00567201 0.00375231
v 0.02504747 -0.00538761 0.00372013
v 0.02521369 -0.00547605 0.00344031
v 0.02535769 -0.00516522 0.00337576
v 0.02549825 -0.00527841 0.00309018
v 0.02563032 -0.00497677 0.00300759
v 0.02574377 -0.00511725 0.00272149
v 0.02586003 -0.00484471 0.00263122
v 0.02594556 -0.00501306 0.00234884
v 0.02604641 -0.00477111 0.00225612
v 0.02610417 -0.00496740 0.00198099
v 0.02619022 -0.00475727 0.00188783
v 0.02622119 -0.00498131 0.00162299
v 0.02629333 -0.00480396 0.00153101
v 0.02629690 -0.00505524 0.00127931
v 0.02635572 -0.00491177 0.00119017
v 0.02633018 -0.00518893 0.00095483
v 0.02637610 -0.00507962 0.00087133
v 0.02631893 -0.00538033 0.00065575
v 0.02635221 -0.00530471 0.00058224
v 0.02625988 -0.00562465 0.00038982
v 0.02628100 -0.00558012 0.00033125
v 0.02614848 -0.00591256 0.00016648
v 0.02615804 -0.00589448 0.00013156
v 0.02538674 -0.00586128 0.00289627
v 0.02562403 -0.00572567 0.00255751
v 0.02582551 -0.00560257 0.00219851
v 0.02598563 -0.00552256 0.00183562
v 0.02614553 -0.00516077 0.00170266
v 0.02616942 -0.00535083 0.00142156
v 0.02623457 -0.00520214 0.00135546
v 0.02622854 -0.00541910 0.00108596
v 0.02628075 -0.00530266 0.00102556
v 0.02624273 -0.00554531 0.00077045
v 0.02628217 -0.00546119 0.00071792
v 0.02620945 -0.00572695 0.00047966
v 0.02623588 -0.00567410 0.00043857
v 0.02612394 -0.00595827 0.00021990
v 0.02613699 -0.00593423 0.00019569
v 0.02467300 -0.00520439 0.00425512
v 0.02503111 -0.00493329 0.00392633
v 0.02535503 -0.00469053 0.00356274
v 0.02563814 -0.00450221 0.00318197
v 0.02587945 -0.00437166 0.00279490
v 0.02607835 -0.00430127 0.00240783
v 0.02623449 -0.00429254 0.00202593
v 0.02634891 -0.00434680 0.00165375
v 0.02642399 -0.00446445 0.00129663
v 0.02645933 -0.00464518 0.00096156
v 0.02645391 -0.00488556 0.00065535
v 0.01515319 -0.00352872 0.00711936
v 0.01529749 -0.00356471 0.00711185
v 0.01535106 -0.00357807 0.00710907
v 0.01621416 -0.00379327 0.00704513
v 0.01647749 -0.00385892 0.00702563
v 0.01665222 -0.00373369 0.00704403
v 0.01662586 -0.00389591 0.00701141
v 0.01724366 -0.00404991 0.00695221
v 0.01731202 -0.00390190 0.00698688
v 0.01728437 -0.00406006 0.00694830
v 0.01740630 -0.00409045 0.00693662
v 0.01771773 -0.00416809 0.00689987
v 0.01796776 -0.00406938 0.00692025
v 0.01544161 -0.00251210 0.00710759
v 0.01673409 -0.00322534 0.00707431
v 0.01667934 -0.00356625 0.00706191
v 0.01739853 -0.00340398 0.00703280
v 0.01734058 -0.00373825 0.00701044
v 0.01844552 -0.00434953 0.00681398
v 0.01861910 -0.00423686 0.00684363
v 0.01823563 -0.00429720 0.00683875
v 0.01793859 -0.00422315 0.00687380
v 0.01858901 -0.00438539 0.00679361
v 0.01918983 -0.00453551 0.00670833
v 0.01923484 -0.00454676 0.00670194
v 0.01799772 -0.00390977 0.00694930
v 0.01865025 -0.00408235 0.00687768
v 0.01929797 -0.00425621 0.00679500
v 0.01812109 -0.00324765 0.00699138
v 0.01805884 -0.00358263 0.00698134
v 0.01877976 -0.00343760 0.00693591
v 0.01871418 -0.00376454 0.00691859
v 0.01943268 -0.00363395 0.00686736
v 0.01936423 -0.00395023 0.00684368
v 0.02000878 -0.00413949 0.00675511
v 0.01994062 -0.00443120 0.00669994
v 0.01549044 -0.00214952 0.00707683
v 0.01678906 -0.00287926 0.00706838
v 0.01684557 -0.00252389 0.00705003
v 0.02382572 -0.00530557 0.00499034
v 0.02357601 -0.00522606 0.00520428
v 0.02331739 -0.00514398 0.00540467
v 0.02305194 -0.00506028 0.00559471
v 0.02277913 -0.00497523 0.00577528
v 0.02249787 -0.00488843 0.00594475
v 0.02220875 -0.00479999 0.00610181
v 0.02191155 -0.00470978 0.00624506
v 0.02160658 -0.00461782 0.00637315
v 0.02129405 -0.00452412 0.00648459
v 0.02097436 -0.00442873 0.00657755
v 0.02064897 -0.00433190 0.00665000
v 0.02007962 -0.00383645 0.00678416
v 0.01950439 -0.00330341 0.00687202
v 0.01884813 -0.00309748 0.00693561
v 0.01818567 -0.00290072 0.00698542
v 0.01690567 -0.00215196 0.00702144
v 0.01825453 -0.00253474 0.00696582
v 0.01832943 -0.00214282 0.00693070
v 0.01900054 -0.00235019 0.00688785
v 0.01907981 -0.00196197 0.00683940
v 0.01974815 -0.00219175 0.00678366
v 0.01983123 -0.00181225 0.00672120
v 0.02040804 -0.00243956 0.00671104
v 0.02049514 -0.00206948 0.00664965
v 0.02106224 -0.00270440 0.00661721
v 0.02115265 -0.00234679 0.00655653
v 0.02149977 -0.00249226 0.00648316
v 0.02159218 -0.00214194 0.00640693
v 0.02193400 -0.00229582 0.00631142
v 0.02202739 -0.00195315 0.00622110
v 0.02235985 -0.00211587 0.00610671
v 0.02245321 -0.00178146 0.00600354
v 0.02277470 -0.00195400 0.00587323
v 0.02286715 -0.00162864 0.00575806
v 0.02317645 -0.00181216 0.00561462
v 0.02326725 -0.00149675 0.00548844
v 0.02356287 -0.00169237 0.00533468
v 0.02365138 -0.00138785 0.00519858
v 0.02393269 -0.00159676 0.00503716
v 0.02401832 -0.00130423 0.00489216
v 0.02428311 -0.00152714 0.00472614
v 0.02436535 -0.00124798 0.00457309
v 0.02461419 -0.00148624 0.00440481
v 0.02469250 -0.00122168 0.00424454
v 0.02492596 -0.00147547 0.00407311
v 0.02499977 -0.00122665 0.00390668
v 0.02521578 -0.00149535 0.00373078
v 0.02528459 -0.00126349 0.00355961
v 0.02548099 -0.00154933 0.00338519
v 0.02554438 -0.00133570 0.00321052
v 0.02571975 -0.00163858 0.00304028
v 0.02577745 -0.00144417 0.00286323
v 0.02593107 -0.00176327 0.00269845
v 0.02598290 -0.00158879 0.00252018
v 0.02611434 -0.00192347 0.00236247
v 0.02616044 -0.00176897 0.00218268
v 0.02626931 -0.00211837 0.00203367
v 0.02630967 -0.00198434 0.00185279
v 0.02639580 -0.00234725 0.00171410
v 0.02643020 -0.00223436 0.00153432
v 0.02649359 -0.00260921 0.00140758
v 0.02652197 -0.00251744 0.00123159
v 0.02656270 -0.00290234 0.00111846
v 0.02658517 -0.00283104 0.00094929
v 0.02660338 -0.00322379 0.00085138
v 0.02662022 -0.00317163 0.00069199
v 0.02661824 -0.00356992 0.00061090
v 0.02663003 -0.00353459 0.00046437
v 0.02661074 -0.00393643 0.00040159
v 0.01559913 -0.00137465 0.00699223
v 0.01426118 -0.00060434 0.00690450
v 0.01360090 -0.00003257 0.00680772
v 0.01367487 0.00071525 0.00662185
v 0.01453253 0.00192268 0.00613683
v 0.01307290 0.00226008 0.00609600
v 0.01304671 0.00193566 0.00624472
v 0.01301939 0.00159959 0.00637980
v 0.01377285 0.00176398 0.00625781
v 0.01697126 -0.00175614 0.00698021
v 0.01765224 -0.00194858 0.00696061
v 0.01772162 -0.00155513 0.00690775
v 0.01840386 -0.00175063 0.00688013
v 0.01847701 -0.00136188 0.00681485
v 0.01915815 -0.00157625 0.00677563
v 0.01923557 -0.00119346 0.00669730
v 0.01991369 -0.00143480 0.00664372
v 0.01999548 -0.00105984 0.00655199
v 0.02058193 -0.00170055 0.00657286
v 0.02066829 -0.00133327 0.00648151
v 0.02124290 -0.00198950 0.00648022
v 0.02133289 -0.00163302 0.00638915
v 0.02168399 -0.00179200 0.00631607
v 0.02177506 -0.00144302 0.00621092
v 0.02211973 -0.00161108 0.00611674
v 0.02221092 -0.00127024 0.00599809
v 0.02254515 -0.00144798 0.00588641
v 0.02263558 -0.00111606 0.00575505
v 0.02295789 -0.00130459 0.00562907
v 0.02304682 -0.00098246 0.00548597
v 0.02335609 -0.00118304 0.00534863
v 0.02344285 -0.00087182 0.00519478
v 0.02373770 -0.00108560 0.00504895
v 0.02382165 -0.00078673 0.00488520
v 0.02410151 -0.00101484 0.00473359
v 0.02418207 -0.00072969 0.00456083
v 0.02444494 -0.00097279 0.00440643
v 0.02452170 -0.00070263 0.00422553
v 0.02476801 -0.00096186 0.00407064
v 0.02484049 -0.00070797 0.00388250
v 0.02507060 -0.00098342 0.00372665
v 0.02513811 -0.00074737 0.00353255
v 0.02535017 -0.00103841 0.00337503
v 0.02541219 -0.00082167 0.00317657
v 0.02560432 -0.00112992 0.00302263
v 0.02566050 -0.00093349 0.00282103
v 0.02583152 -0.00125852 0.00267314
v 0.02588197 -0.00108256 0.00246790
v 0.02603125 -0.00142340 0.00232752
v 0.02607595 -0.00126870 0.00211889
v 0.02620306 -0.00162447 0.00198778
v 0.02624168 -0.00149219 0.00177790
v 0.02634626 -0.00186165 0.00165781
v 0.02637863 -0.00175220 0.00144935
v 0.02646065 -0.00213368 0.00134194
v 0.02648675 -0.00204684 0.00113801
v 0.02654632 -0.00243832 0.00104487
v 0.02656630 -0.00237316 0.00084852
v 0.02660363 -0.00277234 0.00077122
v 0.02661796 -0.00272678 0.00058573
v 0.02663330 -0.00313116 0.00052578
v 0.02663836 -0.00350974 0.00031294
v 0.01430552 -0.00021671 0.00682916
v 0.01565442 -0.00097940 0.00693263
v 0.01570749 -0.00059076 0.00686075
v 0.01703575 -0.00136187 0.00692507
v 0.01709843 -0.00097281 0.00685650
v 0.01778944 -0.00116605 0.00684084
v 0.01785578 -0.00078170 0.00676045
v 0.01854895 -0.00097697 0.00673552
v 0.01861971 -0.00059631 0.00664281
v 0.01931207 -0.00081404 0.00660512
v 0.01938762 -0.00043847 0.00649923
v 0.02007656 -0.00068788 0.00644622
v 0.02015683 -0.00031950 0.00632601
v 0.02075414 -0.00096815 0.00637586
v 0.02083934 -0.00060581 0.00625558
v 0.02142245 -0.00127788 0.00628365
v 0.02151145 -0.00092472 0.00616344
v 0.02186526 -0.00109562 0.00609121
v 0.02195447 -0.00075043 0.00595665
v 0.02230083 -0.00093127 0.00586485
v 0.02238934 -0.00059481 0.00571673
v 0.02272439 -0.00078634 0.00560917
v 0.02281144 -0.00045966 0.00544835
v 0.02313382 -0.00066310 0.00532837
v 0.02321866 -0.00034763 0.00515565
v 0.02352733 -0.00056424 0.00502628
v 0.02360933 -0.00026144 0.00484254
v 0.02390304 -0.00049236 0.00470671
v 0.02398166 -0.00020362 0.00451286
v 0.02425983 -0.00044986 0.00437325
v 0.02433455 -0.00017664 0.00417030
v 0.02459543 -0.00043874 0.00402980
v 0.02466577 -0.00018284 0.00381881
v 0.02490962 -0.00046167 0.00367968
v 0.02497506 -0.00022467 0.00346173
v 0.02520200 -0.00052015 0.00332393
v 0.02526194 -0.00030340 0.00310033
v 0.02547034 -0.00061486 0.00296375
v 0.02552464 -0.00041892 0.00273434
v 0.02571293 -0.00074735 0.00260354
v 0.02576143 -0.00057324 0.00236847
v 0.02592862 -0.00091798 0.00224587
v 0.02597090 -0.00076729 0.00200722
v 0.02611646 -0.00112707 0.00189444
v 0.02615229 -0.00100071 0.00165493
v 0.02627584 -0.00137417 0.00155373
v 0.02630511 -0.00127236 0.00131654
v 0.02640637 -0.00165780 0.00122860
v 0.02642913 -0.00158001 0.00099688
v 0.02650817 -0.00197531 0.00092376
v 0.02652476 -0.00191974 0.00070097
v 0.02658181 -0.00232256 0.00064415
v 0.02659273 -0.00228691 0.00043349
v 0.02662807 -0.00269470 0.00039436
v 0.02664796 -0.00308605 0.00017848
v 0.02659915 -0.00226605 0.00021825
v 0.02654332 -0.00185762 0.00023729
v 0.02653646 -0.00188057 0.00047152
v 0.02645916 -0.00147690 0.00050840
v 0.02644675 -0.00151954 0.00075612
v 0.02634769 -0.00112318 0.00080957
v 0.02632911 -0.00118843 0.00106780
v 0.02620814 -0.00080176 0.00113644
v 0.02618298 -0.00089167 0.00140174
v 0.02604033 -0.00051679 0.00148405
v 0.02600830 -0.00063283 0.00175279
v 0.02584428 -0.00027155 0.00184714
v 0.02580539 -0.00041382 0.00211604
v 0.02562044 -0.00006780 0.00222080
v 0.02557488 -0.00023564 0.00248661
v 0.02536974 0.00009396 0.00259959
v 0.02531793 -0.00009809 0.00285947
v 0.02509385 0.00021531 0.00297680
v 0.02503646 0.00000130 0.00322821
v 0.02479492 0.00029786 0.00334931
v 0.02473238 0.00006329 0.00359212
v 0.02447347 0.00034279 0.00371649
v 0.02440588 0.00008819 0.00395151
v 0.02412953 0.00035116 0.00407696
v 0.02405727 0.00007816 0.00430309
v 0.02376501 0.00032496 0.00442689
v 0.02368864 0.00003541 0.00464293
v 0.02338101 0.00026686 0.00476243
v 0.02330113 -0.00003725 0.00496721
v 0.02297931 0.00017990 0.00507950
v 0.02289649 -0.00013718 0.00527200
v 0.02256144 0.00006690 0.00537401
v 0.02247629 -0.00026169 0.00555332
v 0.02212927 -0.00006943 0.00564163
v 0.02204253 -0.00040809 0.00580693
v 0.02168714 -0.00022682 0.00587761
v 0.02159973 -0.00057416 0.00602820
v 0.02100731 0.00010816 0.00596956
v 0.02092377 -0.00024683 0.00612027
v 0.02031463 0.00040421 0.00604039
v 0.02023621 0.00004472 0.00619088
v 0.01953578 0.00029895 0.00624434
v 0.01946220 -0.00006729 0.00637914
v 0.01875785 0.00015040 0.00641688
v 0.01868934 -0.00022035 0.00653678
v 0.01798439 -0.00002883 0.00656100
v 0.01792074 -0.00040249 0.00666717
v 0.01721884 -0.00021181 0.00668112
v 0.01715942 -0.00058933 0.00677501
v 0.01580777 0.00016507 0.00668162
v 0.01575855 -0.00020914 0.00677696
v 0.01438776 0.00053380 0.00664552
v 0.01434763 0.00016284 0.00674276
v 0.01370904 0.00107505 0.00651261
v 0.01374163 0.00142479 0.00639155
v 0.01446289 0.00124813 0.00641684
v 0.01449830 0.00159060 0.00628368
v 0.01590141 0.00088959 0.00645493
v 0.01594613 0.00123908 0.00632198
v 0.01733344 0.00052371 0.00645520
v 0.01738879 0.00088085 0.00632177
v 0.01810799 0.00069998 0.00630743
v 0.01816804 0.00105421 0.00615871
v 0.01889152 0.00087426 0.00613306
v 0.01895665 0.00122615 0.00596782
v 0.01598965 0.00157952 0.00617487
v 0.01744297 0.00123033 0.00617372
v 0.01822694 0.00140084 0.00599434
v 0.01967972 0.00101424 0.00592833
v 0.01974981 0.00136146 0.00574562
v 0.01981840 0.00170025 0.00554528
v 0.01988529 0.00202950 0.00532643
v 0.01995023 0.00234788 0.00508825
v 0.02001284 0.00265349 0.00483010
v 0.02007269 0.00294436 0.00455135
v 0.02012936 0.00321852 0.00425137
v 0.02018293 0.00347657 0.00392726
v 0.02023311 0.00371783 0.00357652
v 0.02027905 0.00393848 0.00319912
v 0.02031994 0.00413499 0.00279613
v 0.02035504 0.00430410 0.00236972
v 0.02038371 0.00444297 0.00192238
v 0.02040575 0.00455043 0.00145782
v 0.02042105 0.00462579 0.00097998
v 0.02042983 0.00466964 0.00049279
v 0.01960832 0.00065971 0.00609428
v 0.01882523 0.00051544 0.00628250
v 0.01804679 0.00033882 0.00644131
v 0.01727682 0.00015935 0.00657474
v 0.01585534 0.00053145 0.00657454
v 0.01442611 0.00089571 0.00653716
v 0.01883304 0.00484878 0.00100948
v 0.01882104 0.00477851 0.00149878
v 0.01880345 0.00467780 0.00197282
v 0.01878027 0.00454716 0.00242773
v 0.01875166 0.00438763 0.00285998
v 0.01871816 0.00420192 0.00326723
v 0.01868045 0.00399322 0.00364751
v 0.01863927 0.00376499 0.00399999
v 0.01859543 0.00352094 0.00432499
v 0.01854911 0.00326104 0.00462515
v 0.01850016 0.00298390 0.00490345
v 0.01844891 0.00269136 0.00516065
v 0.01839571 0.00238526 0.00539748
v 0.01834089 0.00206737 0.00561474
v 0.01828459 0.00173889 0.00581336
v 0.01749600 0.00157152 0.00601020
v 0.01603206 0.00191032 0.00601267
v 0.01456572 0.00224379 0.00597530
v 0.01309814 0.00257221 0.00593273
v 0.02397521 -0.00555137 0.00474535
v 0.02429173 -0.00545893 0.00452675
v 0.02458955 -0.00537408 0.00427250
v 0.02486714 -0.00529699 0.00399190
v 0.02520191 -0.00505008 0.00365464
v 0.02550067 -0.00483439 0.00328817
v 0.02575750 -0.00467423 0.00290910
v 0.02597170 -0.00457232 0.00252760
v 0.02614290 -0.00453044 0.00214958
v 0.02627206 -0.00454958 0.00178000
v 0.02636122 -0.00463078 0.00142333
v 0.02641023 -0.00477392 0.00108512
v 0.02641757 -0.00497747 0.00077286
v 0.02638142 -0.00523664 0.00049422
v 0.02629852 -0.00554293 0.00026146
v 0.02616518 -0.00588119 0.00009142
v 0.02018213 0.00157894 0.00551956
v 0.02025196 0.00190924 0.00530054
v 0.02031977 0.00222893 0.00506231
v 0.02038515 0.00253611 0.00480425
v 0.02044766 0.00282876 0.00452576
v 0.02050687 0.00310490 0.00422625
v 0.02056281 0.00336496 0.00390284
v 0.02061520 0.00360807 0.00355309
v 0.02066317 0.00383045 0.00317703
v 0.02070587 0.00402854 0.00277577
v 0.02074256 0.00419908 0.00235152
v 0.02077259 0.00433920 0.00190683
v 0.02079573 0.00444772 0.00144538
v 0.02081184 0.00452390 0.00097117
v 0.02071310 -0.00499741 -0.00640160
v 0.02151033 -0.00519685 -0.00614106
v 0.02466482 -0.00606542 -0.00368165
v 0.02566696 -0.00619024 -0.00191721
v 0.02025684 -0.00520803 -0.00630113
v 0.02024760 -0.00520755 -0.00630191
v 0.02027985 -0.00501625 -0.00641960
v 0.01797764 -0.00508859 -0.00648713
v 0.01760625 -0.00506913 -0.00651530
v 0.01763623 -0.00484355 -0.00663305
v 0.01757047 -0.00506726 -0.00651801
v 0.01938667 -0.00504777 -0.00644587
v 0.01936836 -0.00516147 -0.00637539
v 0.01855882 -0.00511905 -0.00644306
v 0.02067334 -0.00522986 -0.00625617
v 0.02066770 -0.00522956 -0.00625711
v 0.02076300 -0.00523456 -0.00624130
v 0.02108794 -0.00525227 -0.00618440
v 0.02109410 -0.00521815 -0.00620817
v 0.02135840 -0.00527042 -0.00612193
v 0.02149482 -0.00528359 -0.00608060
v 0.02167040 -0.00530055 -0.00602741
v 0.02170013 -0.00530428 -0.00601623
v 0.02189316 -0.00532857 -0.00594363
v 0.02197883 -0.00533935 -0.00591141
v 0.02266277 -0.00545799 -0.00557081
v 0.02259730 -0.00544465 -0.00560855
v 0.02258846 -0.00544284 -0.00561364
v 0.02228454 -0.00538676 -0.00577366
v 0.02228314 -0.00538512 -0.00577544
v 0.02227637 -0.00538549 -0.00577734
v 0.02267904 -0.00546131 -0.00556143
v 0.02298330 -0.00552928 -0.00537057
v 0.02303322 -0.00554192 -0.00533541
v 0.02309707 -0.00555809 -0.00529044
v 0.02327287 -0.00560262 -0.00516662
v 0.02339334 -0.00563659 -0.00507139
v 0.02379876 -0.00575799 -0.00472206
v 0.02404398 -0.00584052 -0.00447060
v 0.02406132 -0.00584674 -0.00445088
v 0.02347927 -0.00566083 -0.00500346
v 0.02354293 -0.00567878 -0.00495314
v 0.02373495 -0.00573824 -0.00477969
v 0.02409744 -0.00585970 -0.00440981
v 0.02420340 -0.00589772 -0.00428929
v 0.02434012 -0.00594977 -0.00411664
v 0.02437044 -0.00596132 -0.00407836
v 0.02464683 -0.00607198 -0.00369342
v 0.02465013 -0.00607332 -0.00368869
v 0.02466302 -0.00607887 -0.00366772
v 0.02484622 -0.00615777 -0.00336956
v 0.02493603 -0.00619847 -0.00320288
v 0.02499981 -0.00622738 -0.00308450
v 0.02521444 -0.00610483 -0.00293164
v 0.02518929 -0.00631680 -0.00268534
v 0.02518163 -0.00631307 -0.00270248
v 0.02517392 -0.00630943 -0.00271962
v 0.02502374 -0.00623823 -0.00304008
v 0.02544846 -0.00618980 -0.00241030
v 0.02542048 -0.00642356 -0.00208425
v 0.02541096 -0.00642764 -0.00208993
v 0.02523080 -0.00633702 -0.00258745
v 0.02524314 -0.00634318 -0.00255507
v 0.02536167 -0.00640229 -0.00224419
v 0.02564461 -0.00637567 -0.00160664
v 0.02562498 -0.00652545 -0.00128836
v 0.02561374 -0.00653439 -0.00129357
v 0.02556193 -0.00650649 -0.00155248
v 0.02553074 -0.00649004 -0.00167261
v 0.02547189 -0.00645898 -0.00189926
v 0.02541931 -0.00643193 -0.00206383
v 0.02583550 -0.00635094 -0.00087766
v 0.02582469 -0.00642682 -0.00057573
v 0.02570483 -0.00658418 -0.00060646
v 0.02568393 -0.00657262 -0.00083483
v 0.02566876 -0.00656433 -0.00094230
v 0.02584968 -0.00624605 -0.00117283
v 0.02563220 -0.00654434 -0.00120130
v 0.02562299 -0.00653938 -0.00124732
v 0.02572573 -0.00659575 -0.00028466
v 0.02572148 -0.00659339 -0.00041003
v 0.02571853 -0.00659175 -0.00045688
v 0.02581588 -0.00648615 -0.00000005
v 0.02573375 -0.00660021 -0.00000020
v 0.02573358 -0.00660012 -0.00005302
v 0.02581800 -0.00647279 -0.00027337
v 0.02582051 -0.00647972 -0.00000004
v 0.02443555 -0.00598611 -0.00399613
v 0.02104191 -0.00524917 -0.00619503
v 0.01942483 -0.00479697 -0.00658200
v 0.01766928 -0.00458279 -0.00675227
v 0.01770111 -0.00431810 -0.00685576
v 0.02108713 -0.00525182 0.00617509
v 0.02104187 -0.00524917 0.00618460
v 0.02104187 -0.00524917 0.00579257
v 0.02104190 -0.00524917 -0.00341702
v 0.02104188 -0.00524917 0.00341717
v 0.02170001 -0.00530494 0.00600387
v 0.02155815 -0.00528866 0.00605337
v 0.02104191 -0.00524917 -0.00580395
v 0.02149451 -0.00528251 0.00607268
v 0.02147209 -0.00528035 0.00607949
v 0.02117045 -0.00525668 0.00615758
v 0.02243980 -0.00541429 0.00568368
v 0.02228116 -0.00538718 0.00576170
v 0.02215197 -0.00536510 0.00582524
v 0.02189253 -0.00532801 0.00593425
v 0.02185820 -0.00532310 0.00594868
v 0.02303626 -0.00554251 0.00532228
v 0.02339311 -0.00563610 0.00506152
v 0.02334943 -0.00562345 0.00509734
v 0.02327130 -0.00560221 0.00515617
v 0.02272204 -0.00547036 0.00552459
v 0.02266138 -0.00545831 0.00555878
v 0.02259708 -0.00544554 0.00559502
v 0.02299908 -0.00553307 0.00534855
v 0.02303259 -0.00554158 0.00532487
v 0.02405980 -0.00584646 0.00443923
v 0.02409343 -0.00585797 0.00440375
v 0.02431518 -0.00593953 0.00414030
v 0.02385843 -0.00577748 0.00465172
v 0.02373404 -0.00573814 0.00476780
v 0.02347918 -0.00566101 0.00499093
v 0.02360933 -0.00569868 0.00488420
v 0.02450913 -0.00601541 -0.00388589
v 0.02434025 -0.00594936 0.00410682
v 0.02466205 -0.00607880 0.00365383
v 0.02514025 -0.00629316 0.00278290
v 0.02498064 -0.00621840 0.00311017
v 0.02497480 -0.00621567 0.00312214
v 0.02493551 -0.00619811 0.00319236
v 0.02479055 -0.00613334 0.00345138
v 0.02471978 -0.00610280 0.00356703
v 0.02461629 -0.00605978 0.00372263
v 0.02452399 -0.00602142 0.00386140
v 0.02436987 -0.00596098 0.00406725
v 0.02517384 -0.00630956 0.00270289
v 0.02518848 -0.00631670 0.00266804
v 0.02541887 -0.00643157 0.00205725
v 0.02557252 -0.00651216 0.00118435
v 0.02572483 -0.00659525 0.00031144
v 0.02572328 -0.00659439 0.00036527
v 0.02570197 -0.00658258 0.00063174
v 0.02569446 -0.00657843 0.00072548
v 0.02566396 -0.00656169 0.00096649
v 0.02564977 -0.00655391 0.00107855
v 0.02562247 -0.00653913 0.00122948
v 0.02560665 -0.00653056 0.00131697
v 0.02558789 -0.00652040 0.00142072
v 0.02552318 -0.00648595 0.00169527
v 0.02551687 -0.00648259 0.00172208
v 0.02541164 -0.00642780 0.00208199
v 0.02540061 -0.00642223 0.00211303
v 0.02528592 -0.00636425 0.00243597
v 0.02522486 -0.00633445 0.00258139
v 0.02058950 -0.00522547 0.00625602
v 0.02055032 -0.00522342 0.00626182
v 0.02024648 -0.00520749 0.00629143
v 0.02015965 -0.00520294 0.00629989
v 0.01972685 -0.00518026 0.00633818
v 0.01814636 -0.00509744 0.00646550
v 0.01777381 -0.00507792 0.00649359
v 0.01752598 -0.00506493 0.00651228
v 0.01760555 -0.00506910 0.00650628
v 0.02092575 -0.00524309 0.00620627
v 0.02067196 -0.00522979 0.00624382
v 0.01936782 -0.00516145 0.00636845
v 0.01924713 -0.00515512 0.00637862
v 0.01872020 -0.00512751 0.00642099
v 0.01763747 -0.00482894 0.00663250
v 0.01938828 -0.00503152 0.00644629
v 0.02581808 -0.00646946 0.00029900
v 0.02071474 -0.00498157 0.00640216
v 0.02028146 -0.00500027 0.00642011
v 0.01767022 -0.00457040 0.00675114
v 0.01770175 -0.00430807 0.00685429
v 0.01942607 -0.00478275 0.00658163
v 0.02109610 -0.00520062 0.00620977
v 0.02067377 -0.00522143 0.00625176
v 0.02151230 -0.00517950 0.00614270
v 0.02466683 -0.00604383 0.00369040
v 0.02521615 -0.00608445 0.00294216
v 0.02566836 -0.00617334 0.00193129
v 0.02542215 -0.00640536 0.00209950
v 0.02545005 -0.00617071 0.00242278
v 0.02564600 -0.00636038 0.00162334
v 0.02562623 -0.00651260 0.00130765
v 0.02585074 -0.00623424 0.00119047
v 0.02583636 -0.00634173 0.00089815
v 0.02582523 -0.00642009 0.00059891
f 1 2 3
f 4 5 6
f 7 8 9
f 10 11 12
f 13 14 15
f 16 17 18
f 19 20 21
f 22 23 24
f 25 26 9
f 27 28 29
f 30 31 32
f 32 31 33
f 33 31 34
f 33 34 35
f 29 28 32
f 32 28 36
f 32 36 30
f 37 38 39
f 39 38 40
f 39 40 41
f 37 39 42
f 42 39 43
f 42 43 44
f 45 46 47
f 47 46 48
f 48 49 43
f 43 49 50
f 43 50 44
f 51 52 53
f 53 52 54
f 53 54 55
f 55 54 56
f 56 54 57
f 56 57 58
f 59 60 61
f 61 60 62
f 61 62 57
f 57 62 63
f 57 63 58
f 9 26 64
f 26 65 64
f 64 65 66
f 64 66 29
f 29 66 67
f 29 67 27
f 68 69 70
f 71 72 73
f 73 72 74
f 74 75 73
f 73 75 76
f 73 76 77
f 78 79 80
f 69 81 70
f 70 81 82
f 70 82 80
f 80 82 83
f 80 83 78
f 84 85 86
f 86 85 87
f 86 87 88
f 88 89 86
f 86 89 90
f 86 90 3
f 3 90 91
f 3 91 92
f 93 94 95
f 93 95 21
f 21 95 96
f 21 96 19
f 97 98 99
f 99 98 100
f 100 101 102
f 102 101 103
f 102 103 93
f 93 103 104
f 93 104 94
f 20 105 21
f 21 105 106
f 21 106 107
f 23 108 24
f 24 108 109
f 24 109 6
f 6 109 110
f 6 110 111
f 112 113 114
f 114 113 18
f 114 18 115
f 115 18 17
f 116 117 118
f 118 117 119
f 118 119 120
f 121 122 13
f 14 123 15
f 15 123 124
f 15 124 116
f 116 124 125
f 116 125 117
f 120 126 118
f 118 126 127
f 118 127 128
f 128 127 129
f 128 129 130
f 10 12 131
f 131 12 132
f 131 132 133
f 134 135 136
f 136 135 137
f 136 137 138
f 138 139 136
f 136 139 140
f 136 140 132
f 132 140 141
f 132 141 133
f 142 143 144
f 144 143 145
f 146 147 148
f 148 147 143
f 148 143 149
f 149 143 142
f 146 150 147
f 147 150 151
f 147 151 134
f 134 151 152
f 134 152 135
f 11 153 12
f 12 153 154
f 12 154 121
f 121 154 155
f 121 155 122
f 156 157 158
f 158 157 159
f 157 160 159
f 159 160 161
f 159 161 162
f 40 163 41
f 41 163 164
f 41 164 145
f 145 164 165
f 145 165 144
f 166 113 167
f 167 113 168
f 18 169 170
f 170 171 18
f 18 171 128
f 18 128 16
f 16 128 130
f 166 172 113
f 113 172 173
f 113 173 18
f 18 173 174
f 18 174 169
f 118 175 176
f 13 15 121
f 121 15 177
f 121 177 178
f 118 176 116
f 116 176 179
f 116 179 180
f 180 181 116
f 116 181 182
f 116 182 15
f 15 182 183
f 15 183 177
f 171 184 128
f 128 184 185
f 128 185 118
f 118 185 186
f 118 186 175
f 187 132 188
f 188 132 12
f 188 12 189
f 189 12 190
f 191 134 192
f 192 134 136
f 192 136 193
f 193 136 194
f 187 195 132
f 132 195 196
f 132 196 136
f 136 196 197
f 136 197 194
f 198 199 147
f 147 199 200
f 147 200 143
f 143 200 201
f 143 201 202
f 203 145 204
f 204 145 143
f 204 143 205
f 205 143 202
f 191 206 134
f 134 206 207
f 134 207 147
f 147 207 208
f 147 208 198
f 178 209 121
f 121 209 210
f 121 210 12
f 12 210 211
f 12 211 190
f 212 213 47
f 213 214 47
f 47 214 162
f 47 162 45
f 45 162 161
f 215 216 159
f 159 216 217
f 159 217 158
f 158 217 218
f 214 219 162
f 162 219 220
f 162 220 159
f 159 220 221
f 159 221 215
f 222 223 47
f 47 223 224
f 47 224 212
f 48 43 47
f 47 43 225
f 47 225 222
f 226 227 41
f 41 227 228
f 41 228 39
f 39 228 229
f 39 229 230
f 230 231 39
f 39 231 232
f 39 232 43
f 43 232 233
f 43 233 225
f 203 234 145
f 145 234 235
f 145 235 41
f 41 235 236
f 41 236 226
f 52 237 238
f 239 240 57
f 57 240 241
f 57 241 61
f 61 241 242
f 61 242 243
f 238 244 52
f 52 244 245
f 52 245 54
f 54 245 246
f 54 246 247
f 247 248 54
f 54 248 249
f 54 249 57
f 57 249 250
f 57 250 239
f 243 251 61
f 61 251 33
f 61 33 59
f 59 33 35
f 251 252 33
f 33 252 253
f 33 253 254
f 254 255 33
f 33 255 256
f 33 256 32
f 32 256 257
f 8 258 9
f 9 258 80
f 9 80 25
f 25 80 79
f 259 260 64
f 64 260 261
f 64 261 9
f 9 261 262
f 9 262 7
f 263 264 70
f 70 264 265
f 70 265 266
f 266 267 70
f 70 267 77
f 70 77 68
f 68 77 76
f 268 269 73
f 73 269 270
f 270 4 73
f 73 4 6
f 73 6 71
f 71 6 111
f 267 271 77
f 77 271 272
f 77 272 73
f 73 272 273
f 73 273 268
f 258 274 80
f 80 274 275
f 80 275 70
f 70 275 276
f 70 276 263
f 24 277 278
f 278 1 24
f 24 1 3
f 24 3 22
f 22 3 92
f 279 280 107
f 279 107 281
f 282 281 86
f 86 281 107
f 86 107 84
f 84 107 106
f 2 283 3
f 3 283 284
f 3 284 86
f 86 284 285
f 86 285 282
f 100 102 99
f 99 102 286
f 99 286 287
f 288 289 93
f 93 289 290
f 93 290 102
f 102 290 291
f 102 291 286
f 280 292 107
f 107 292 293
f 107 293 21
f 21 293 294
f 21 294 93
f 93 294 295
f 93 295 288
f 5 296 6
f 6 296 297
f 6 297 24
f 24 297 298
f 24 298 277
f 257 299 32
f 32 299 300
f 32 300 29
f 29 300 301
f 301 302 29
f 29 302 303
f 29 303 64
f 64 303 304
f 64 304 259
f 305 306 158
f 158 306 307
f 158 307 156
f 112 308 113
f 113 308 309
f 113 309 310
f 310 309 311
f 310 311 99
f 99 311 312
f 99 312 97
f 218 313 158
f 158 313 314
f 158 314 305
f 305 314 315
f 315 316 305
f 305 316 317
f 305 317 318
f 287 319 99
f 99 319 320
f 99 320 310
f 310 320 321
f 310 321 113
f 113 321 322
f 113 322 168
f 323 324 325
f 326 327 328
f 329 330 331
f 127 332 129
f 131 333 10
f 334 335 331
f 336 337 338
f 339 340 341
f 342 343 344
f 344 343 340
f 345 346 347
f 347 346 348
f 347 348 349
f 337 350 338
f 338 350 351
f 338 351 352
f 336 338 353
f 353 338 354
f 353 354 355
f 354 356 357
f 357 358 354
f 354 358 359
f 354 359 355
f 331 335 360
f 360 335 361
f 360 361 362
f 363 364 330
f 364 365 330
f 330 365 366
f 330 366 331
f 331 366 367
f 331 367 334
f 142 144 368
f 368 144 165
f 368 165 164
f 42 369 37
f 37 369 38
f 38 369 40
f 40 369 370
f 40 370 163
f 163 370 371
f 163 371 164
f 164 371 363
f 164 363 368
f 368 363 330
f 368 330 142
f 142 330 329
f 142 329 149
f 150 146 329
f 329 146 148
f 329 148 149
f 372 138 137
f 137 135 373
f 373 135 152
f 373 152 151
f 133 141 374
f 374 141 140
f 374 140 372
f 372 140 139
f 372 139 138
f 326 154 327
f 327 154 153
f 327 153 11
f 10 333 11
f 11 333 375
f 11 375 327
f 13 122 326
f 326 122 155
f 326 155 154
f 123 14 376
f 123 376 124
f 119 117 377
f 377 117 125
f 377 125 124
f 119 377 120
f 120 377 378
f 120 378 126
f 115 17 379
f 379 17 16
f 379 16 332
f 332 16 130
f 332 130 129
f 311 309 380
f 380 309 308
f 380 308 381
f 381 308 112
f 381 112 114
f 151 150 373
f 373 150 329
f 373 329 382
f 382 329 331
f 382 331 383
f 383 331 360
f 383 360 384
f 385 386 387
f 387 386 384
f 387 384 388
f 388 384 360
f 137 373 372
f 372 373 382
f 372 382 374
f 374 382 383
f 374 383 389
f 389 383 384
f 389 384 390
f 390 384 386
f 390 386 391
f 391 386 385
f 391 385 392
f 392 328 391
f 391 328 327
f 391 327 390
f 390 327 375
f 390 375 389
f 389 375 333
f 389 333 374
f 374 333 131
f 374 131 133
f 393 347 341
f 341 347 349
f 341 349 339
f 340 343 341
f 341 343 394
f 341 394 393
f 393 394 395
f 325 396 397
f 397 396 398
f 399 379 400
f 400 379 332
f 400 332 378
f 378 332 127
f 378 127 126
f 376 398 401
f 401 398 396
f 401 396 402
f 402 396 325
f 402 325 403
f 404 405 403
f 325 324 403
f 403 324 404
f 406 407 381
f 381 407 380
f 405 406 399
f 399 406 381
f 399 381 379
f 379 381 114
f 379 114 115
f 124 376 377
f 377 376 401
f 377 401 378
f 378 401 402
f 378 402 400
f 400 402 403
f 400 403 399
f 399 403 405
f 351 345 352
f 352 345 347
f 352 347 397
f 397 347 393
f 397 393 325
f 325 393 395
f 325 395 323
f 362 356 360
f 360 356 354
f 360 354 388
f 388 354 338
f 388 338 387
f 387 338 352
f 387 352 385
f 385 352 397
f 385 397 392
f 392 397 398
f 392 398 328
f 328 398 376
f 328 376 326
f 326 376 14
f 326 14 13
f 408 409 410
f 343 342 411
f 75 74 412
f 412 74 72
f 98 97 413
f 312 311 380
f 98 413 100
f 94 104 414
f 414 104 103
f 414 103 101
f 95 415 96
f 96 415 19
f 19 415 20
f 20 415 416
f 20 416 105
f 85 84 417
f 417 84 106
f 418 88 417
f 417 88 87
f 417 87 85
f 89 419 90
f 90 419 91
f 109 108 420
f 108 23 420
f 420 23 22
f 420 22 419
f 419 22 92
f 419 92 91
f 110 421 111
f 111 421 410
f 111 410 71
f 75 412 76
f 76 412 422
f 76 422 68
f 83 82 423
f 423 82 81
f 423 81 422
f 422 81 69
f 422 69 68
f 424 79 425
f 425 79 78
f 425 78 83
f 65 26 424
f 424 26 25
f 424 25 79
f 426 427 424
f 424 427 428
f 424 428 65
f 65 428 429
f 65 429 66
f 66 429 67
f 67 429 430
f 67 430 27
f 27 430 28
f 28 430 431
f 28 431 36
f 432 433 434
f 434 433 435
f 436 437 438
f 438 437 439
f 438 439 432
f 440 441 442
f 442 441 443
f 444 445 446
f 445 447 446
f 446 447 448
f 446 448 449
f 450 451 452
f 452 451 453
f 452 453 454
f 454 453 455
f 454 455 442
f 442 455 456
f 442 456 440
f 450 452 457
f 457 452 458
f 457 458 411
f 343 411 394
f 394 411 458
f 323 395 459
f 460 405 461
f 405 404 461
f 461 404 324
f 461 324 459
f 459 324 323
f 97 312 413
f 413 312 380
f 413 380 462
f 380 407 462
f 462 407 406
f 462 406 460
f 460 406 405
f 101 100 414
f 414 100 413
f 414 413 463
f 463 413 462
f 463 462 464
f 464 462 460
f 464 460 465
f 465 460 461
f 465 461 466
f 466 461 459
f 95 94 415
f 415 94 414
f 415 414 416
f 416 414 463
f 416 463 467
f 467 463 464
f 467 464 468
f 468 464 465
f 468 465 469
f 469 465 466
f 469 466 470
f 106 105 417
f 417 105 416
f 417 416 418
f 418 416 467
f 418 467 471
f 471 467 468
f 471 468 472
f 472 468 469
f 472 469 473
f 473 469 470
f 408 446 474
f 474 446 449
f 474 449 475
f 475 436 474
f 474 436 438
f 474 438 408
f 408 438 476
f 408 476 409
f 83 423 425
f 425 423 434
f 425 434 424
f 424 434 435
f 424 435 426
f 432 434 438
f 438 434 423
f 438 423 476
f 476 423 422
f 476 422 409
f 409 422 412
f 409 412 410
f 410 412 72
f 410 72 71
f 110 109 421
f 421 109 420
f 421 420 410
f 410 420 477
f 410 477 408
f 408 477 478
f 408 478 446
f 446 478 442
f 446 442 444
f 444 442 443
f 89 88 419
f 419 88 418
f 419 418 420
f 420 418 471
f 420 471 477
f 477 471 472
f 477 472 478
f 478 472 473
f 478 473 442
f 442 473 470
f 442 470 454
f 454 470 466
f 454 466 452
f 452 466 459
f 452 459 458
f 458 459 395
f 458 395 394
f 348 346 479
f 427 426 480
f 307 306 481
f 482 483 160
f 484 485 486
f 487 488 489
f 490 491 492
f 493 494 495
f 496 51 53
f 53 55 496
f 496 55 56
f 496 56 497
f 497 56 58
f 497 58 498
f 498 58 63
f 63 62 498
f 498 62 60
f 498 60 499
f 499 60 59
f 499 59 35
f 500 501 502
f 502 501 503
f 502 503 499
f 499 503 504
f 499 504 498
f 505 506 480
f 480 506 507
f 480 507 508
f 509 510 505
f 505 510 511
f 505 511 506
f 512 513 514
f 514 513 515
f 516 517 515
f 515 517 518
f 515 518 514
f 516 515 519
f 519 515 520
f 519 520 521
f 521 520 522
f 521 522 523
f 524 525 522
f 522 525 526
f 522 526 523
f 527 528 529
f 529 528 530
f 529 530 524
f 524 530 531
f 524 531 525
f 527 529 532
f 532 529 533
f 532 533 534
f 535 536 537
f 537 536 538
f 537 538 533
f 533 538 539
f 533 539 534
f 540 479 541
f 541 479 495
f 541 495 542
f 542 495 494
f 491 543 492
f 492 543 544
f 492 544 545
f 545 544 546
f 545 546 493
f 547 548 549
f 549 548 487
f 550 551 552
f 551 553 552
f 552 553 554
f 552 554 549
f 549 554 555
f 549 555 547
f 556 550 557
f 486 485 557
f 557 485 558
f 557 558 556
f 48 46 559
f 559 46 45
f 559 45 483
f 483 45 161
f 483 161 160
f 482 160 560
f 560 160 157
f 560 157 481
f 481 157 156
f 481 156 307
f 44 50 559
f 559 50 49
f 559 49 48
f 486 370 369
f 483 484 559
f 559 484 486
f 559 486 44
f 44 486 369
f 44 369 42
f 30 36 431
f 35 34 499
f 499 34 31
f 499 31 30
f 440 524 441
f 441 524 522
f 441 522 443
f 443 522 444
f 440 456 524
f 524 456 455
f 524 455 529
f 529 455 453
f 529 453 451
f 451 450 529
f 529 450 457
f 529 457 533
f 533 457 411
f 533 411 342
f 444 522 445
f 445 522 520
f 445 520 447
f 447 520 515
f 447 515 448
f 439 437 505
f 505 437 513
f 505 513 509
f 509 513 512
f 437 436 513
f 513 436 475
f 513 475 515
f 515 475 449
f 515 449 448
f 30 431 499
f 499 431 430
f 499 430 502
f 502 430 429
f 502 429 428
f 428 427 502
f 502 427 480
f 502 480 500
f 500 480 508
f 426 435 480
f 480 435 433
f 480 433 505
f 505 433 432
f 505 432 439
f 552 367 366
f 550 552 557
f 557 552 366
f 557 366 365
f 487 489 549
f 549 489 356
f 549 356 362
f 362 361 549
f 549 361 335
f 549 335 552
f 552 335 334
f 552 334 367
f 365 364 557
f 557 364 363
f 557 363 486
f 486 363 371
f 486 371 370
f 359 358 489
f 489 358 357
f 489 357 356
f 355 359 492
f 492 359 489
f 492 489 490
f 490 489 488
f 355 492 353
f 353 492 545
f 353 545 336
f 493 495 545
f 545 495 337
f 545 337 336
f 349 348 537
f 537 348 479
f 537 479 535
f 535 479 540
f 346 345 479
f 479 345 351
f 479 351 495
f 495 351 350
f 495 350 337
f 342 344 533
f 533 344 340
f 533 340 537
f 537 340 339
f 537 339 349
f 561 562 563
f 562 564 565
f 565 566 562
f 562 566 567
f 562 567 563
f 563 567 568
f 569 570 571
f 571 570 572
f 571 572 573
f 573 572 574
f 573 574 575
f 575 574 576
f 575 576 577
f 578 579 563
f 563 579 580
f 563 580 561
f 581 582 583
f 583 582 584
f 583 584 563
f 563 584 585
f 563 585 578
f 571 586 569
f 569 586 587
f 569 587 562
f 562 587 588
f 562 588 564
f 589 590 591
f 568 592 563
f 563 592 593
f 563 593 594
f 594 595 563
f 563 595 596
f 563 596 597
f 598 583 599
f 599 583 563
f 598 600 583
f 583 600 601
f 583 601 602
f 602 603 583
f 583 603 604
f 583 604 581
f 605 606 607
f 607 606 608
f 605 609 606
f 606 609 610
f 606 610 611
f 611 612 606
f 606 612 613
f 606 613 614
f 615 616 606
f 615 606 617
f 590 617 618
f 618 617 606
f 618 606 619
f 619 606 614
f 616 620 606
f 606 620 621
f 606 621 622
f 622 623 606
f 606 623 624
f 606 624 625
f 597 626 563
f 563 626 608
f 563 608 599
f 599 608 606
f 599 606 627
f 627 606 625
f 590 618 591
f 591 618 628
f 591 628 629
f 629 630 591
f 591 630 631
f 591 631 632
f 632 633 591
f 591 633 634
f 591 634 635
f 635 636 591
f 591 636 637
f 591 637 638
f 638 639 591
f 591 639 640
f 591 640 641
f 641 642 591
f 591 642 643
f 591 643 644
f 644 645 591
f 591 645 646
f 591 646 647
f 647 648 591
f 591 648 649
f 591 649 650
f 651 652 591
f 650 653 591
f 591 653 654
f 591 654 651
f 652 655 591
f 591 655 656
f 591 656 589
f 213 212 657
f 229 658 230
f 281 659 279
f 574 660 576
f 651 661 652
f 232 231 662
f 663 664 657
f 665 666 667
f 667 318 317
f 665 667 668
f 668 667 317
f 668 317 669
f 669 317 316
f 669 316 670
f 670 316 315
f 670 315 671
f 672 673 313
f 671 315 673
f 673 315 314
f 673 314 313
f 313 218 672
f 672 218 674
f 672 674 675
f 675 674 676
f 676 674 677
f 677 674 678
f 677 678 679
f 680 223 681
f 681 223 222
f 681 222 682
f 682 222 683
f 222 225 683
f 683 225 233
f 683 233 684
f 233 232 684
f 684 232 662
f 684 662 575
f 575 662 573
f 228 227 587
f 587 227 226
f 587 226 588
f 226 236 588
f 588 236 235
f 588 235 564
f 235 234 564
f 564 234 203
f 564 203 565
f 565 203 204
f 565 204 566
f 566 204 685
f 566 685 567
f 567 685 568
f 568 685 686
f 568 686 592
f 592 686 200
f 592 200 593
f 200 199 593
f 593 199 198
f 593 198 594
f 594 198 208
f 594 208 595
f 595 208 207
f 595 207 596
f 207 206 596
f 596 206 687
f 596 687 597
f 597 687 626
f 206 191 687
f 687 191 192
f 687 192 626
f 626 192 193
f 626 193 608
f 608 193 194
f 608 194 607
f 607 194 197
f 196 609 197
f 197 609 605
f 197 605 607
f 196 195 609
f 609 195 187
f 609 187 610
f 610 187 188
f 610 188 611
f 611 188 189
f 611 189 612
f 612 189 190
f 612 190 613
f 613 190 211
f 613 211 614
f 614 211 210
f 614 210 619
f 178 177 628
f 628 177 629
f 210 209 619
f 619 209 178
f 619 178 618
f 618 178 628
f 177 183 629
f 629 183 182
f 629 182 630
f 630 182 631
f 182 181 631
f 631 181 180
f 631 180 632
f 632 180 688
f 632 688 633
f 185 635 634
f 185 184 635
f 635 184 171
f 635 171 636
f 636 171 637
f 171 170 637
f 637 170 169
f 637 169 638
f 638 169 174
f 638 174 639
f 174 173 639
f 639 173 172
f 639 172 640
f 640 172 166
f 640 166 641
f 166 167 641
f 641 167 168
f 641 168 642
f 642 168 322
f 642 322 643
f 643 322 321
f 643 321 644
f 644 321 320
f 644 320 645
f 645 320 319
f 645 319 646
f 646 319 287
f 646 287 647
f 647 287 286
f 647 286 648
f 648 286 291
f 648 291 649
f 653 650 289
f 289 650 649
f 289 649 290
f 290 649 291
f 282 589 656
f 652 661 655
f 655 661 659
f 655 659 656
f 656 659 281
f 656 281 282
f 615 617 283
f 283 617 590
f 283 590 284
f 284 590 589
f 284 589 285
f 285 589 282
f 283 2 615
f 615 2 1
f 615 1 616
f 616 1 278
f 616 278 620
f 620 278 277
f 620 277 621
f 277 298 621
f 621 298 297
f 621 297 622
f 622 297 296
f 622 296 623
f 296 5 623
f 623 5 4
f 623 4 624
f 624 4 270
f 624 270 625
f 625 270 627
f 627 270 269
f 627 269 599
f 599 269 268
f 599 268 598
f 598 268 689
f 598 689 600
f 268 273 689
f 689 273 272
f 689 272 600
f 600 272 271
f 600 271 601
f 601 271 602
f 271 267 602
f 602 267 266
f 602 266 603
f 603 266 265
f 603 265 604
f 690 584 582
f 265 264 604
f 604 264 690
f 604 690 581
f 581 690 582
f 264 263 690
f 690 263 276
f 690 276 584
f 578 7 579
f 579 7 262
f 579 262 261
f 276 275 584
f 584 275 274
f 584 274 585
f 585 274 258
f 585 258 578
f 578 258 8
f 578 8 7
f 660 574 691
f 574 572 691
f 691 572 570
f 691 570 304
f 304 570 569
f 304 569 259
f 259 569 562
f 259 562 260
f 260 562 561
f 260 561 261
f 261 561 580
f 261 580 579
f 692 577 301
f 301 300 692
f 692 300 299
f 692 299 693
f 693 299 257
f 693 257 694
f 694 257 256
f 694 256 695
f 695 256 255
f 695 255 696
f 697 698 699
f 699 698 700
f 701 702 703
f 703 702 698
f 703 698 704
f 704 698 697
f 705 706 700
f 700 706 707
f 700 707 699
f 244 238 708
f 709 710 711
f 708 238 711
f 711 238 237
f 711 237 709
f 708 712 244
f 244 712 713
f 244 713 245
f 245 713 714
f 245 714 246
f 246 714 715
f 246 715 247
f 247 715 705
f 247 705 248
f 248 705 700
f 248 700 249
f 249 700 250
f 250 700 239
f 239 700 698
f 239 698 240
f 240 698 702
f 240 702 241
f 716 251 701
f 701 251 243
f 701 243 702
f 702 243 242
f 702 242 241
f 254 253 716
f 716 253 252
f 716 252 251
f 703 717 701
f 701 717 696
f 701 696 716
f 716 696 255
f 716 255 254
f 577 576 301
f 301 576 660
f 301 660 302
f 302 660 691
f 302 691 303
f 303 691 304
f 289 288 653
f 653 288 295
f 653 295 654
f 654 295 294
f 654 294 651
f 651 294 293
f 651 293 661
f 661 293 292
f 661 292 659
f 659 292 280
f 659 280 279
f 180 179 688
f 688 179 176
f 688 176 633
f 633 176 175
f 633 175 634
f 634 175 186
f 634 186 185
f 204 205 685
f 685 205 202
f 685 202 686
f 686 202 201
f 686 201 200
f 587 586 228
f 228 586 571
f 228 571 229
f 229 571 573
f 229 573 658
f 658 573 662
f 658 662 230
f 230 662 231
f 680 663 223
f 223 663 657
f 223 657 224
f 224 657 212
f 679 678 718
f 718 678 719
f 718 719 664
f 664 719 720
f 664 720 657
f 657 720 214
f 657 214 213
f 678 221 719
f 719 221 220
f 719 220 720
f 720 220 219
f 720 219 214
f 218 217 674
f 674 217 216
f 674 216 678
f 678 216 215
f 678 215 221
f 721 680 681
f 681 682 721
f 721 682 683
f 721 683 722
f 722 683 684
f 722 684 575
f 679 718 723
f 723 718 664
f 723 664 721
f 721 664 663
f 721 663 680
f 724 725 692
f 692 725 577
f 692 693 724
f 724 693 694
f 724 694 695
f 695 696 724
f 724 696 717
f 724 717 726
f 726 717 703
f 726 703 704
f 727 728 729
f 728 730 729
f 729 730 731
f 729 731 732
f 733 734 729
f 729 734 735
f 729 735 736
f 737 738 729
f 729 738 739
f 740 741 729
f 742 743 744
f 736 745 729
f 729 745 746
f 729 746 737
f 747 748 729
f 740 729 749
f 750 722 575
f 733 729 744
f 744 729 751
f 744 751 752
f 753 754 755
f 755 754 756
f 755 756 757
f 757 756 758
f 757 758 759
f 743 760 744
f 744 760 757
f 744 757 761
f 761 757 759
f 739 762 729
f 729 762 763
f 729 763 764
f 748 765 729
f 729 765 766
f 729 766 727
f 729 767 768
f 769 770 729
f 729 770 771
f 729 771 772
f 772 773 729
f 729 773 774
f 729 774 775
f 741 776 729
f 729 776 777
f 729 777 778
f 577 725 779
f 780 781 782
f 782 781 783
f 782 783 784
f 752 785 744
f 744 785 786
f 744 786 787
f 764 788 729
f 729 788 789
f 729 789 790
f 790 791 729
f 729 791 792
f 729 792 793
f 793 794 729
f 729 794 795
f 729 795 767
f 768 796 729
f 729 796 797
f 729 797 798
f 775 799 729
f 729 799 800
f 729 800 747
f 732 801 729
f 729 801 802
f 729 802 803
f 778 804 729
f 729 804 805
f 729 805 806
f 784 807 782
f 782 807 729
f 782 729 808
f 808 729 806
f 779 809 577
f 577 809 780
f 577 780 575
f 575 780 782
f 575 782 750
f 787 810 744
f 744 810 811
f 744 811 742
f 798 812 729
f 729 812 813
f 729 813 769
f 803 814 729
f 729 814 815
f 729 815 749
f 707 706 816
f 726 704 817
f 817 704 697
f 817 697 816
f 816 697 699
f 816 699 707
f 818 819 820
f 784 783 821
f 821 783 822
f 821 822 823
f 823 822 824
f 823 824 825
f 825 824 818
f 825 818 826
f 826 818 820
f 712 783 713
f 713 783 781
f 713 781 780
f 710 822 711
f 711 822 783
f 711 783 708
f 708 783 712
f 779 725 724
f 779 724 809
f 809 724 780
f 780 724 726
f 780 726 817
f 817 816 780
f 780 816 706
f 780 706 705
f 705 715 780
f 780 715 714
f 780 714 713
f 752 827 785
f 828 829 830
f 831 832 833
f 834 835 755
f 755 835 753
f 761 759 836
f 837 793 838
f 838 793 792
f 838 792 839
f 839 792 791
f 839 791 840
f 791 790 840
f 840 790 789
f 840 789 841
f 841 789 788
f 842 843 762
f 762 843 844
f 762 844 763
f 763 844 845
f 763 845 764
f 764 845 846
f 764 846 788
f 788 846 847
f 788 847 841
f 762 739 842
f 842 739 738
f 842 738 848
f 848 738 737
f 848 737 849
f 849 737 850
f 851 852 850
f 850 852 853
f 850 853 849
f 854 855 851
f 855 856 851
f 851 856 857
f 851 857 852
f 836 858 761
f 761 858 859
f 761 859 860
f 860 859 861
f 860 861 854
f 862 863 756
f 756 863 864
f 756 864 758
f 758 864 865
f 758 865 759
f 759 865 866
f 759 866 836
f 862 756 835
f 835 756 754
f 835 754 753
f 867 868 869
f 869 868 870
f 830 829 869
f 869 829 871
f 869 871 867
f 872 873 874
f 874 873 875
f 819 876 875
f 875 876 877
f 875 877 874
f 823 825 875
f 825 826 875
f 875 826 820
f 875 820 819
f 827 752 878
f 752 751 878
f 878 751 729
f 878 729 821
f 821 729 807
f 821 807 784
f 787 786 830
f 830 786 873
f 830 873 828
f 828 873 872
f 743 869 833
f 833 869 870
f 833 870 831
f 743 742 869
f 869 742 811
f 869 811 830
f 830 811 810
f 830 810 787
f 834 755 832
f 832 755 757
f 832 757 833
f 833 757 760
f 833 760 743
f 734 733 860
f 860 733 744
f 860 744 761
f 854 851 860
f 860 851 735
f 860 735 734
f 737 746 850
f 850 746 745
f 850 745 851
f 851 745 736
f 851 736 735
f 786 785 873
f 873 785 827
f 873 827 875
f 875 827 878
f 875 878 823
f 823 878 821
f 679 723 677
f 677 723 879
f 677 879 676
f 676 879 675
f 880 881 882
f 882 881 883
f 883 881 884
f 884 881 885
f 884 885 886
f 887 888 886
f 888 887 889
f 889 887 890
f 889 890 891
f 892 893 891
f 731 730 894
f 894 730 895
f 730 728 895
f 895 728 727
f 895 727 896
f 896 727 766
f 896 766 897
f 897 766 765
f 897 765 898
f 898 765 748
f 898 748 747
f 747 800 899
f 900 901 902
f 902 901 903
f 902 903 899
f 899 903 904
f 899 904 747
f 747 904 898
f 905 906 900
f 772 771 905
f 905 771 770
f 905 770 906
f 906 770 907
f 770 769 907
f 907 769 813
f 907 813 908
f 908 813 812
f 908 812 909
f 812 798 909
f 909 798 797
f 909 797 910
f 910 797 796
f 910 796 911
f 911 796 768
f 911 768 912
f 768 767 912
f 912 767 795
f 912 795 837
f 837 795 794
f 837 794 793
f 900 902 905
f 905 902 773
f 905 773 772
f 800 799 899
f 899 799 775
f 899 775 902
f 902 775 774
f 902 774 773
f 894 893 731
f 731 893 892
f 731 892 732
f 732 892 801
f 891 890 892
f 892 890 802
f 892 802 801
f 749 815 887
f 887 815 814
f 887 814 890
f 890 814 803
f 890 803 802
f 886 885 887
f 887 885 740
f 887 740 749
f 741 913 776
f 776 913 914
f 776 914 777
f 777 914 778
f 804 778 915
f 915 778 914
f 915 914 916
f 916 914 917
f 741 740 913
f 913 740 885
f 913 885 914
f 914 885 881
f 914 881 917
f 917 881 880
f 670 671 782
f 782 671 673
f 673 672 782
f 782 672 675
f 782 675 879
f 879 723 782
f 782 723 721
f 782 721 750
f 750 721 722
f 782 808 670
f 670 808 806
f 670 806 669
f 669 806 805
f 669 805 668
f 668 805 665
f 804 918 805
f 805 918 666
f 805 666 665
f 804 915 918
f 918 915 916
f 918 916 919
f 919 916 917
f 919 917 920
f 920 917 880
f 920 880 921
f 921 880 882
f 922 923 52
f 52 923 237
f 922 52 924
f 924 52 51
f 924 51 925
f 926 925 51
f 498 927 497
f 497 927 926
f 497 926 496
f 496 926 51
f 498 504 927
f 927 504 503
f 927 503 928
f 928 503 501
f 928 501 929
f 929 501 500
f 929 500 930
f 930 500 508
f 509 931 510
f 510 931 932
f 510 932 511
f 511 932 933
f 511 933 506
f 506 933 930
f 506 930 507
f 507 930 508
f 509 512 931
f 931 512 514
f 931 514 934
f 514 518 934
f 934 518 517
f 934 517 935
f 935 517 516
f 935 516 936
f 936 516 519
f 936 519 937
f 519 521 937
f 937 521 523
f 937 523 938
f 523 526 938
f 938 526 525
f 938 525 939
f 939 525 531
f 939 531 940
f 940 531 530
f 940 530 941
f 532 942 527
f 527 942 941
f 527 941 528
f 528 941 530
f 532 534 942
f 942 534 539
f 942 539 943
f 943 539 538
f 943 538 944
f 944 538 536
f 944 536 945
f 945 536 535
f 945 535 946
f 946 535 540
f 946 540 947
f 947 540 541
f 947 541 948
f 948 541 542
f 948 542 494
f 949 950 490
f 494 493 948
f 948 493 546
f 948 546 951
f 951 546 544
f 951 544 952
f 952 544 543
f 952 543 950
f 950 543 491
f 950 491 490
f 490 488 949
f 949 488 487
f 949 487 953
f 953 487 548
f 953 548 954
f 548 547 954
f 954 547 555
f 954 555 955
f 555 554 955
f 955 554 553
f 955 553 956
f 956 553 551
f 956 551 957
f 551 550 957
f 957 550 556
f 957 556 958
f 958 556 558
f 958 558 959
f 959 558 485
f 959 485 960
f 960 485 961
f 961 485 484
f 961 484 483
f 483 482 961
f 961 482 560
f 961 560 962
f 962 560 481
f 962 481 963
f 963 481 306
f 964 963 305
f 305 963 306
f 964 305 965
f 965 305 318
f 965 318 966
f 966 318 667
f 966 667 967
f 967 667 666
f 967 666 968
f 968 666 969
f 969 666 918
f 969 918 970
f 918 919 970
f 970 919 920
f 970 920 971
f 971 920 921
f 971 921 972
f 972 921 882
f 972 882 973
f 974 889 975
f 975 889 891
f 975 891 976
f 891 893 976
f 976 893 894
f 976 894 977
f 977 894 895
f 977 895 978
f 978 895 896
f 978 896 979
f 979 896 897
f 979 897 980
f 981 907 982
f 982 907 908
f 982 908 983
f 897 898 980
f 980 898 984
f 984 898 904
f 984 904 985
f 985 904 903
f 985 903 986
f 986 903 901
f 986 901 987
f 987 901 900
f 987 900 981
f 981 900 906
f 981 906 907
f 908 909 983
f 983 909 910
f 983 910 988
f 988 910 911
f 988 911 989
f 989 911 912
f 989 912 990
f 990 912 837
f 973 882 991
f 991 882 883
f 991 883 992
f 992 883 884
f 992 884 993
f 993 884 886
f 993 886 974
f 974 886 888
f 974 888 889
f 841 994 840
f 840 994 995
f 840 995 839
f 839 995 838
f 838 995 990
f 838 990 837
f 844 996 845
f 845 996 997
f 845 997 846
f 846 997 994
f 846 994 847
f 847 994 841
f 998 999 849
f 844 843 996
f 996 843 842
f 996 842 999
f 999 842 848
f 999 848 849
f 856 855 1000
f 1000 855 1001
f 849 853 998
f 998 853 852
f 998 852 1000
f 1000 852 857
f 1000 857 856
f 1001 855 1002
f 1002 855 854
f 1002 854 861
f 861 859 1002
f 1002 859 858
f 1002 858 1003
f 1003 858 836
f 1003 836 1004
f 1004 836 866
f 1004 866 1005
f 1005 866 865
f 1005 865 864
f 864 863 1005
f 1005 863 862
f 1005 862 1006
f 1006 862 835
f 1006 835 1007
f 1007 835 834
f 867 871 1008
f 1008 871 1009
f 834 832 1007
f 1007 832 831
f 1007 831 1010
f 1010 831 870
f 1010 870 1008
f 1008 870 868
f 1008 868 867
f 874 1011 872
f 872 1011 1012
f 872 1012 828
f 828 1012 1009
f 828 1009 829
f 829 1009 871
f 874 877 1011
f 1011 877 876
f 1011 876 1013
f 1013 876 819
f 1013 819 1014
f 710 1015 822
f 822 1015 1016
f 822 1016 824
f 824 1016 1017
f 824 1017 818
f 818 1017 1014
f 818 1014 819
f 1015 710 709
f 1015 709 1018
f 1018 709 237
f 1018 237 923
f 929 930 1018
f 967 968 1015
f 1015 968 969
f 1015 969 1016
f 969 970 1016
f 1016 970 971
f 1016 971 1017
f 992 993 1012
f 954 955 1015
f 1015 955 956
f 1015 956 957
f 957 958 1015
f 1015 958 959
f 1015 959 960
f 1012 1011 992
f 992 1011 1013
f 992 1013 1014
f 925 926 927
f 932 931 1015
f 1015 931 934
f 1015 934 935
f 951 952 1015
f 1015 952 950
f 960 961 1015
f 1015 961 962
f 1015 962 963
f 966 967 965
f 965 967 1015
f 965 1015 964
f 964 1015 963
f 971 972 1017
f 1017 972 973
f 1017 973 1014
f 1014 973 991
f 1014 991 992
f 1018 930 1015
f 1015 930 933
f 1015 933 932
f 935 936 1015
f 1015 936 937
f 1015 937 938
f 950 949 1015
f 1015 949 953
f 1015 953 954
f 1018 923 922
f 943 1015 942
f 942 1015 941
f 943 944 1015
f 1015 944 945
f 1015 945 946
f 924 925 922
f 922 925 927
f 922 927 1018
f 1018 927 928
f 1018 928 929
f 938 939 1015
f 1015 939 940
f 1015 940 941
f 946 947 1015
f 1015 947 948
f 1015 948 951
f 1004 993 974
f 1007 1010 993
f 1010 1008 993
f 993 1008 1009
f 993 1009 1012
f 1004 1005 993
f 993 1005 1006
f 993 1006 1007
f 976 999 998
f 974 975 1004
f 1004 975 976
f 1004 976 1003
f 1003 976 1002
f 988 989 979
f 979 989 978
f 978 989 977
f 977 989 990
f 977 990 976
f 976 990 995
f 976 995 994
f 994 997 976
f 976 997 996
f 976 996 999
f 998 1000 976
f 976 1000 1001
f 976 1001 1002
f 981 979 980
f 981 982 979
f 979 982 983
f 979 983 988
f 980 984 981
f 981 984 985
f 981 985 987
f 987 985 986
f 1019 1020 1021
f 1021 1020 1022
f 1019 1023 1020
f 1020 1023 1024
f 1020 1024 1025
f 1026 1027 1028
f 1029 1030 1031
f 1031 1030 1032
f 1031 1032 1033
f 1033 1034 1031
f 1031 1034 1035
f 1031 1035 1036
f 1036 1037 1031
f 1031 1037 1038
f 1031 1038 1039
f 1040 1041 1028
f 1042 1043 1028
f 1028 1043 1044
f 1028 1044 1045
f 1046 1047 1028
f 1028 1047 1048
f 1049 1050 1028
f 1028 1050 1051
f 1028 1051 1052
f 1053 1054 1055
f 1056 1029 1057
f 1057 1029 1031
f 1057 1031 1024
f 1024 1031 1058
f 1024 1058 1025
f 1059 1060 1061
f 1061 1060 1031
f 1061 1031 1062
f 1062 1031 1039
f 1063 1064 1065
f 1066 1067 1028
f 1028 1067 1068
f 1028 1068 1069
f 1069 1070 1028
f 1028 1070 1071
f 1028 1071 1072
f 1072 1073 1028
f 1028 1073 1074
f 1028 1074 1026
f 1027 1075 1028
f 1028 1075 1076
f 1028 1076 1077
f 1078 1079 1028
f 1028 1079 1080
f 1028 1080 1081
f 1082 1083 1028
f 1028 1083 1084
f 1028 1085 1086
f 1087 1028 1088
f 1088 1028 1089
f 1087 1090 1028
f 1028 1090 1091
f 1028 1091 1042
f 1045 1092 1028
f 1028 1092 1093
f 1028 1093 1046
f 1048 1094 1028
f 1028 1094 1095
f 1028 1095 1096
f 1096 1097 1028
f 1028 1097 1098
f 1028 1098 1049
f 1054 1053 1099
f 1099 1053 1100
f 1099 1100 1101
f 1101 1102 1099
f 1099 1102 1103
f 1099 1103 1104
f 1053 1105 1106
f 1022 1020 1028
f 1028 1020 1107
f 1028 1107 1040
f 1041 1108 1028
f 1028 1108 1109
f 1028 1109 1110
f 1077 1111 1028
f 1028 1111 1112
f 1028 1112 1078
f 1081 1113 1028
f 1028 1113 1114
f 1028 1114 1082
f 1086 1115 1028
f 1028 1115 1116
f 1028 1116 1117
f 1052 1118 1028
f 1028 1118 1119
f 1028 1119 1120
f 1120 1121 1028
f 1028 1121 1122
f 1028 1122 1123
f 1123 1124 1028
f 1028 1124 1053
f 1028 1053 1125
f 1104 1103 1126
f 1126 1103 1127
f 1126 1127 1128
f 1055 1129 1053
f 1053 1129 1130
f 1053 1130 1131
f 1106 1132 1053
f 1053 1132 1133
f 1053 1133 1134
f 1134 1135 1053
f 1053 1135 1136
f 1053 1136 1137
f 1110 1138 1028
f 1028 1138 1139
f 1028 1139 1140
f 1084 1141 1028
f 1028 1141 1142
f 1028 1142 1085
f 1117 1143 1028
f 1028 1143 1144
f 1028 1144 1089
f 1131 1145 1053
f 1053 1145 1146
f 1053 1146 1147
f 1137 1148 1053
f 1053 1148 1149
f 1053 1149 1150
f 1150 1151 1053
f 1053 1151 1152
f 1053 1152 1153
f 1154 1155 1053
f 1053 1155 1156
f 1156 1157 1053
f 1053 1157 1158
f 1053 1158 1159
f 1159 1160 1053
f 1053 1160 1161
f 1053 1161 1125
f 1140 1162 1028
f 1028 1162 1163
f 1028 1163 1063
f 1063 1065 1028
f 1028 1065 1164
f 1028 1164 1165
f 1165 1166 1028
f 1028 1166 1167
f 1028 1167 1066
f 1147 1168 1053
f 1053 1168 1169
f 1053 1169 1105
f 1153 1170 1053
f 1053 1170 1171
f 1053 1171 1154
f 1172 1173 1174
f 1174 1173 1175
f 1172 1176 1173
f 1173 1176 1177
f 1173 1177 1178
f 1128 1179 1126
f 1126 1179 1173
f 1126 1173 1180
f 1180 1173 1178
f 1181 1182 1183
f 1184 1185 1186
f 1187 1188 1184
f 1188 1187 1189
f 1190 1191 1192
f 1193 1194 1195
f 1191 1190 1196
f 1197 1198 1199
f 1200 1201 1202
f 1203 1204 1205
f 1206 1207 1208
f 1209 1210 1211
f 1212 1213 1214
f 1215 1216 1217
f 1218 1219 1220
f 1221 1222 1223
f 1224 1225 1226
f 1227 1228 1229
f 1230 1231 1232
f 1233 1191 1234
f 1233 1192 1191
f 1234 1235 1236
f 1237 1238 1239
f 1240 1241 1242
f 1243 1244 1245
f 1246 1247 1248
f 1249 1250 1251
f 1252 1253 1254
f 1255 1256 1257
f 1258 1259 1260
f 1261 1030 1029
f 1056 1057 1262
f 1148 1137 1263
f 1133 1132 1264
f 1265 1266 1119
f 1119 1266 1120
f 1120 1266 1121
f 1121 1266 1267
f 1121 1267 1122
f 1268 1124 1267
f 1267 1124 1123
f 1267 1123 1122
f 1269 1100 1268
f 1268 1100 1053
f 1268 1053 1124
f 1270 1102 1269
f 1269 1102 1101
f 1269 1101 1100
f 1271 1127 1270
f 1270 1127 1103
f 1270 1103 1102
f 1272 1179 1271
f 1271 1179 1128
f 1271 1128 1127
f 1174 1175 1272
f 1272 1175 1173
f 1272 1173 1179
f 1174 1272 1172
f 1172 1272 1273
f 1172 1273 1176
f 1176 1273 1274
f 1176 1274 1177
f 1177 1274 1275
f 1177 1275 1178
f 1178 1275 1180
f 1180 1275 1276
f 1180 1276 1126
f 1054 1099 1277
f 1277 1099 1104
f 1278 1129 1277
f 1277 1129 1055
f 1277 1055 1054
f 1279 1280 1146
f 1146 1145 1279
f 1279 1145 1131
f 1279 1131 1278
f 1278 1131 1130
f 1278 1130 1129
f 1169 1168 1280
f 1280 1168 1147
f 1280 1147 1146
f 1281 1282 1105
f 1264 1132 1282
f 1282 1132 1106
f 1282 1106 1105
f 1263 1137 1283
f 1137 1136 1283
f 1283 1136 1135
f 1283 1135 1264
f 1264 1135 1134
f 1264 1134 1133
f 1284 1150 1263
f 1263 1150 1149
f 1263 1149 1148
f 1170 1153 1285
f 1285 1153 1152
f 1285 1152 1284
f 1284 1152 1151
f 1284 1151 1150
f 1155 1154 1286
f 1286 1154 1171
f 1286 1171 1287
f 1288 1157 1289
f 1289 1157 1156
f 1161 1160 1290
f 1290 1160 1159
f 1290 1159 1288
f 1288 1159 1158
f 1288 1158 1157
f 1022 1028 1291
f 1125 1292 1028
f 1028 1292 1293
f 1028 1293 1291
f 1024 1023 1294
f 1294 1023 1019
f 1294 1019 1295
f 1295 1019 1021
f 1295 1021 1296
f 1262 1057 1297
f 1056 1262 1029
f 1029 1262 1298
f 1029 1298 1261
f 1299 1300 1301
f 1302 1303 1298
f 1298 1303 1304
f 1298 1304 1261
f 1305 1306 1307
f 1307 1306 1308
f 1309 1310 1311
f 1311 1310 1312
f 1313 1314 1315
f 1315 1314 1316
f 1317 1318 1319
f 1319 1318 1320
f 1320 1321 1319
f 1319 1321 1322
f 1319 1322 1313
f 1323 1324 1325
f 1325 1324 1326
f 1325 1326 1317
f 1317 1326 1327
f 1317 1327 1318
f 1323 1325 1328
f 1328 1325 1329
f 1328 1329 1330
f 1331 1332 1333
f 1333 1334 1331
f 1331 1334 1335
f 1331 1335 1329
f 1329 1335 1336
f 1329 1336 1330
f 1332 1331 1337
f 1337 1331 1338
f 1339 1340 1341
f 1341 1340 1342
f 1339 1343 1340
f 1340 1343 1344
f 1340 1344 1338
f 1338 1344 1345
f 1338 1345 1337
f 1346 1347 1348
f 1348 1347 1349
f 1348 1349 1342
f 1342 1349 1350
f 1342 1350 1341
f 1351 1352 1348
f 1348 1352 1353
f 1348 1353 1346
f 1354 1355 1351
f 1351 1355 1356
f 1351 1356 1352
f 1357 1358 1359
f 1360 1361 1362
f 1362 1361 1363
f 1362 1363 1357
f 1357 1363 1364
f 1357 1364 1358
f 1260 1259 1362
f 1362 1259 1365
f 1362 1365 1360
f 1258 1260 1366
f 1366 1260 1367
f 1366 1367 1368
f 1369 1370 1371
f 1371 1370 1372
f 1371 1372 1367
f 1367 1372 1373
f 1367 1373 1368
f 1374 1375 1376
f 1376 1375 1377
f 1376 1377 1371
f 1371 1377 1378
f 1371 1378 1369
f 1379 1380 1381
f 1382 1383 1374
f 1374 1383 1384
f 1374 1384 1375
f 1380 1379 1385
f 1385 1379 1386
f 1385 1386 1387
f 1388 1389 1390
f 1390 1389 1391
f 1390 1391 1386
f 1386 1391 1392
f 1386 1392 1387
f 1393 1394 1395
f 1395 1394 1396
f 1395 1396 1390
f 1390 1396 1397
f 1390 1397 1388
f 1398 1399 1400
f 1400 1399 1401
f 1400 1401 1402
f 1403 1404 1405
f 1404 1406 1405
f 1405 1406 1407
f 1405 1407 1398
f 1403 1408 1409
f 1409 1408 1410
f 1411 1412 1413
f 1411 1413 1414
f 1414 1413 1415
f 1414 1415 1410
f 1416 1417 1418
f 1416 1418 1419
f 1418 1420 1419
f 1419 1420 1421
f 1419 1421 1411
f 1411 1421 1422
f 1411 1422 1412
f 1423 1424 1416
f 1416 1424 1425
f 1416 1425 1417
f 1191 1426 1423
f 1423 1426 1427
f 1423 1427 1424
f 1277 1428 1278
f 1278 1428 1429
f 1278 1429 1279
f 1279 1429 1430
f 1279 1430 1280
f 1280 1430 1281
f 1280 1281 1169
f 1169 1281 1105
f 1265 1431 1266
f 1266 1431 1432
f 1266 1432 1267
f 1267 1432 1433
f 1267 1433 1268
f 1268 1433 1434
f 1268 1434 1269
f 1269 1434 1435
f 1269 1435 1270
f 1270 1435 1436
f 1270 1436 1271
f 1271 1436 1437
f 1271 1437 1272
f 1272 1437 1438
f 1272 1438 1273
f 1273 1438 1439
f 1273 1439 1274
f 1274 1439 1440
f 1274 1440 1275
f 1275 1440 1441
f 1275 1441 1276
f 1276 1441 1442
f 1443 1444 1445
f 1446 1447 1448
f 1448 1447 1449
f 1448 1449 1450
f 1450 1449 1451
f 1450 1451 1452
f 1452 1451 1453
f 1452 1453 1454
f 1454 1453 1455
f 1454 1455 1456
f 1456 1455 1457
f 1456 1457 1458
f 1458 1457 1459
f 1458 1459 1460
f 1460 1459 1461
f 1460 1461 1462
f 1462 1461 1463
f 1462 1463 1464
f 1464 1463 1465
f 1464 1465 1466
f 1466 1465 1467
f 1466 1467 1468
f 1468 1467 1469
f 1468 1469 1470
f 1470 1469 1471
f 1470 1471 1472
f 1472 1471 1473
f 1472 1473 1474
f 1474 1473 1475
f 1474 1475 1476
f 1476 1475 1477
f 1476 1477 1478
f 1478 1477 1479
f 1480 1481 1482
f 1482 1481 1483
f 1444 1484 1445
f 1445 1484 1485
f 1445 1485 1486
f 1486 1485 1487
f 1486 1487 1488
f 1488 1487 1489
f 1488 1489 1490
f 1490 1489 1491
f 1490 1491 1492
f 1492 1491 1493
f 1492 1493 1494
f 1494 1493 1495
f 1494 1495 1496
f 1496 1495 1497
f 1496 1497 1498
f 1498 1497 1499
f 1498 1499 1500
f 1500 1499 1501
f 1500 1501 1502
f 1502 1501 1503
f 1502 1503 1504
f 1504 1503 1505
f 1504 1505 1506
f 1506 1505 1507
f 1506 1507 1508
f 1508 1507 1509
f 1508 1509 1510
f 1510 1509 1482
f 1510 1482 1511
f 1511 1482 1483
f 1511 1483 1512
f 1513 1514 1252
f 1443 1445 1515
f 1515 1445 1486
f 1515 1486 1516
f 1516 1486 1488
f 1516 1488 1517
f 1517 1488 1490
f 1517 1490 1518
f 1518 1490 1492
f 1518 1492 1519
f 1519 1492 1494
f 1519 1494 1520
f 1520 1494 1496
f 1520 1496 1521
f 1521 1496 1498
f 1521 1498 1522
f 1522 1498 1500
f 1522 1500 1523
f 1523 1500 1502
f 1523 1502 1524
f 1524 1502 1504
f 1524 1504 1525
f 1525 1504 1506
f 1525 1506 1526
f 1526 1506 1508
f 1526 1508 1527
f 1527 1508 1510
f 1527 1510 1528
f 1528 1510 1511
f 1528 1511 1513
f 1513 1511 1512
f 1513 1512 1514
f 1447 1480 1449
f 1449 1480 1482
f 1449 1482 1451
f 1451 1482 1509
f 1451 1509 1453
f 1453 1509 1507
f 1453 1507 1455
f 1455 1507 1505
f 1455 1505 1457
f 1457 1505 1503
f 1457 1503 1459
f 1459 1503 1501
f 1459 1501 1461
f 1461 1501 1499
f 1461 1499 1463
f 1463 1499 1497
f 1463 1497 1465
f 1465 1497 1495
f 1465 1495 1467
f 1467 1495 1493
f 1467 1493 1469
f 1469 1493 1491
f 1469 1491 1471
f 1471 1491 1489
f 1471 1489 1473
f 1473 1489 1487
f 1473 1487 1475
f 1475 1487 1485
f 1475 1485 1477
f 1477 1485 1484
f 1477 1484 1479
f 1479 1484 1444
f 1256 1446 1257
f 1257 1446 1448
f 1257 1448 1529
f 1529 1448 1450
f 1529 1450 1530
f 1530 1450 1452
f 1530 1452 1531
f 1531 1452 1454
f 1531 1454 1532
f 1532 1454 1456
f 1532 1456 1533
f 1533 1456 1458
f 1533 1458 1534
f 1534 1458 1460
f 1534 1460 1535
f 1535 1460 1462
f 1535 1462 1536
f 1536 1462 1464
f 1536 1464 1537
f 1537 1464 1466
f 1537 1466 1538
f 1538 1466 1468
f 1538 1468 1539
f 1539 1468 1470
f 1539 1470 1540
f 1540 1470 1472
f 1540 1472 1541
f 1541 1472 1474
f 1541 1474 1542
f 1542 1474 1476
f 1542 1476 1543
f 1543 1476 1478
f 1543 1478 1544
f 1545 1546 1547
f 1547 1546 1548
f 1547 1548 1549
f 1549 1548 1550
f 1549 1550 1551
f 1551 1550 1552
f 1551 1552 1553
f 1553 1552 1554
f 1553 1554 1555
f 1555 1554 1556
f 1555 1556 1557
f 1557 1556 1558
f 1557 1558 1559
f 1559 1558 1560
f 1559 1560 1561
f 1561 1560 1562
f 1561 1562 1563
f 1564 1249 1565
f 1244 1246 1566
f 1241 1243 1567
f 1238 1240 1568
f 1569 1237 1570
f 1571 1572 1573
f 1573 1572 1574
f 1573 1574 1575
f 1575 1574 1576
f 1575 1576 1577
f 1577 1576 1578
f 1577 1578 1579
f 1580 1581 1582
f 1582 1581 1583
f 1582 1583 1584
f 1584 1583 1585
f 1584 1585 1586
f 1586 1585 1587
f 1586 1587 1588
f 1588 1587 1589
f 1588 1589 1590
f 1590 1589 1591
f 1590 1591 1592
f 1592 1591 1593
f 1592 1593 1594
f 1594 1593 1595
f 1594 1595 1596
f 1597 1598 1599
f 1599 1598 1600
f 1599 1600 1601
f 1601 1600 1602
f 1601 1602 1603
f 1603 1602 1604
f 1603 1604 1605
f 1605 1604 1606
f 1605 1606 1607
f 1607 1606 1608
f 1607 1608 1609
f 1609 1608 1610
f 1609 1610 1611
f 1611 1610 1612
f 1611 1612 1613
f 1613 1612 1614
f 1613 1614 1615
f 1615 1614 1616
f 1615 1616 1617
f 1617 1616 1618
f 1617 1618 1579
f 1579 1618 1619
f 1579 1619 1577
f 1577 1619 1620
f 1577 1620 1575
f 1575 1620 1621
f 1575 1621 1573
f 1573 1621 1622
f 1573 1622 1571
f 1571 1622 1623
f 1235 1624 1625
f 1626 1597 1627
f 1627 1597 1599
f 1627 1599 1628
f 1628 1599 1601
f 1628 1601 1629
f 1629 1601 1603
f 1629 1603 1630
f 1630 1603 1605
f 1630 1605 1631
f 1631 1605 1607
f 1631 1607 1632
f 1632 1607 1609
f 1632 1609 1596
f 1596 1609 1611
f 1596 1611 1594
f 1594 1611 1613
f 1594 1613 1592
f 1592 1613 1615
f 1592 1615 1590
f 1590 1615 1617
f 1590 1617 1588
f 1588 1617 1579
f 1588 1579 1586
f 1586 1579 1578
f 1586 1578 1584
f 1584 1578 1576
f 1584 1576 1582
f 1582 1576 1574
f 1582 1574 1580
f 1580 1574 1572
f 1633 1634 1635
f 1635 1634 1636
f 1635 1636 1637
f 1637 1636 1638
f 1637 1638 1639
f 1639 1638 1640
f 1639 1640 1641
f 1641 1640 1642
f 1641 1642 1643
f 1643 1642 1644
f 1643 1644 1645
f 1645 1644 1646
f 1645 1646 1647
f 1647 1646 1648
f 1647 1648 1649
f 1650 1626 1651
f 1651 1626 1627
f 1651 1627 1652
f 1652 1627 1628
f 1652 1628 1653
f 1653 1628 1629
f 1653 1629 1654
f 1654 1629 1630
f 1654 1630 1655
f 1655 1630 1631
f 1655 1631 1656
f 1656 1631 1632
f 1656 1632 1649
f 1649 1632 1596
f 1649 1596 1647
f 1647 1596 1595
f 1647 1595 1645
f 1645 1595 1593
f 1645 1593 1643
f 1643 1593 1591
f 1643 1591 1641
f 1641 1591 1589
f 1641 1589 1639
f 1639 1589 1587
f 1639 1587 1637
f 1637 1587 1585
f 1637 1585 1635
f 1635 1585 1583
f 1635 1583 1633
f 1633 1583 1581
f 1657 1650 1658
f 1658 1650 1651
f 1658 1651 1659
f 1659 1651 1652
f 1659 1652 1660
f 1660 1652 1653
f 1660 1653 1661
f 1661 1653 1654
f 1661 1654 1662
f 1662 1654 1655
f 1662 1655 1663
f 1663 1655 1656
f 1663 1656 1664
f 1664 1656 1649
f 1664 1649 1665
f 1665 1649 1648
f 1665 1648 1666
f 1666 1648 1646
f 1666 1646 1667
f 1667 1646 1644
f 1667 1644 1668
f 1668 1644 1642
f 1668 1642 1669
f 1669 1642 1640
f 1669 1640 1670
f 1670 1640 1638
f 1670 1638 1671
f 1671 1638 1636
f 1671 1636 1672
f 1672 1636 1634
f 1672 1673 1671
f 1671 1673 1674
f 1671 1674 1670
f 1670 1674 1675
f 1670 1675 1669
f 1669 1675 1676
f 1669 1676 1668
f 1668 1676 1677
f 1668 1677 1667
f 1667 1677 1678
f 1667 1678 1666
f 1666 1678 1679
f 1666 1679 1665
f 1665 1679 1680
f 1665 1680 1664
f 1664 1680 1681
f 1664 1681 1663
f 1663 1681 1682
f 1663 1682 1662
f 1662 1682 1683
f 1662 1683 1661
f 1661 1683 1684
f 1661 1684 1660
f 1249 1251 1565
f 1565 1251 1685
f 1565 1685 1686
f 1686 1685 1687
f 1686 1687 1688
f 1688 1687 1689
f 1688 1689 1690
f 1690 1689 1691
f 1690 1691 1692
f 1692 1691 1693
f 1692 1693 1694
f 1694 1693 1695
f 1694 1695 1696
f 1696 1695 1697
f 1696 1697 1698
f 1698 1697 1699
f 1698 1699 1700
f 1700 1699 1701
f 1700 1701 1702
f 1564 1703 1704
f 1704 1703 1705
f 1704 1705 1706
f 1706 1705 1707
f 1706 1707 1708
f 1708 1707 1709
f 1708 1709 1710
f 1710 1709 1711
f 1710 1711 1712
f 1712 1711 1713
f 1712 1713 1714
f 1714 1713 1715
f 1714 1715 1716
f 1716 1715 1717
f 1716 1717 1718
f 1718 1717 1719
f 1718 1719 1720
f 1720 1719 1721
f 1720 1721 1230
f 1564 1565 1703
f 1703 1565 1686
f 1703 1686 1705
f 1705 1686 1688
f 1705 1688 1707
f 1707 1688 1690
f 1707 1690 1709
f 1709 1690 1692
f 1709 1692 1711
f 1711 1692 1694
f 1711 1694 1713
f 1713 1694 1696
f 1713 1696 1715
f 1715 1696 1698
f 1715 1698 1717
f 1717 1698 1700
f 1717 1700 1719
f 1719 1700 1702
f 1719 1702 1721
f 1246 1248 1566
f 1566 1248 1722
f 1566 1722 1723
f 1723 1722 1724
f 1723 1724 1725
f 1725 1724 1726
f 1725 1726 1727
f 1727 1726 1728
f 1727 1728 1729
f 1729 1728 1730
f 1729 1730 1731
f 1731 1730 1732
f 1731 1732 1733
f 1733 1732 1734
f 1733 1734 1735
f 1735 1734 1232
f 1735 1232 1736
f 1736 1232 1231
f 1736 1231 1737
f 1243 1245 1567
f 1567 1245 1738
f 1567 1738 1739
f 1739 1738 1740
f 1739 1740 1741
f 1741 1740 1742
f 1741 1742 1743
f 1743 1742 1744
f 1743 1744 1745
f 1745 1744 1746
f 1745 1746 1747
f 1747 1746 1748
f 1747 1748 1749
f 1749 1748 1750
f 1749 1750 1751
f 1751 1750 1752
f 1751 1752 1753
f 1753 1752 1754
f 1753 1754 1755
f 1244 1566 1245
f 1245 1566 1723
f 1245 1723 1738
f 1738 1723 1725
f 1738 1725 1740
f 1740 1725 1727
f 1740 1727 1742
f 1742 1727 1729
f 1742 1729 1744
f 1744 1729 1731
f 1744 1731 1746
f 1746 1731 1733
f 1746 1733 1748
f 1748 1733 1735
f 1748 1735 1750
f 1750 1735 1736
f 1750 1736 1752
f 1752 1736 1737
f 1752 1737 1754
f 1241 1567 1242
f 1242 1567 1739
f 1242 1739 1756
f 1756 1739 1741
f 1756 1741 1757
f 1757 1741 1743
f 1757 1743 1758
f 1758 1743 1745
f 1758 1745 1759
f 1759 1745 1747
f 1759 1747 1760
f 1760 1747 1749
f 1760 1749 1761
f 1761 1749 1751
f 1761 1751 1762
f 1762 1751 1753
f 1762 1753 1763
f 1763 1753 1755
f 1763 1755 1764
f 1240 1242 1568
f 1568 1242 1756
f 1568 1756 1765
f 1765 1756 1757
f 1765 1757 1766
f 1766 1757 1758
f 1766 1758 1767
f 1767 1758 1759
f 1767 1759 1768
f 1768 1759 1760
f 1768 1760 1769
f 1769 1760 1761
f 1769 1761 1770
f 1770 1761 1762
f 1770 1762 1771
f 1771 1762 1763
f 1771 1763 1772
f 1772 1763 1764
f 1772 1764 1773
f 1237 1239 1570
f 1570 1239 1774
f 1570 1774 1775
f 1775 1774 1776
f 1775 1776 1777
f 1777 1776 1778
f 1777 1778 1779
f 1779 1778 1780
f 1779 1780 1781
f 1781 1780 1782
f 1781 1782 1783
f 1783 1782 1784
f 1783 1784 1785
f 1785 1784 1786
f 1785 1786 1787
f 1787 1786 1788
f 1787 1788 1789
f 1789 1788 1790
f 1789 1790 1791
f 1238 1568 1239
f 1239 1568 1765
f 1239 1765 1774
f 1774 1765 1766
f 1774 1766 1776
f 1776 1766 1767
f 1776 1767 1778
f 1778 1767 1768
f 1778 1768 1780
f 1780 1768 1769
f 1780 1769 1782
f 1782 1769 1770
f 1782 1770 1784
f 1784 1770 1771
f 1784 1771 1786
f 1786 1771 1772
f 1786 1772 1788
f 1788 1772 1773
f 1788 1773 1790
f 1569 1570 1792
f 1792 1570 1775
f 1792 1775 1793
f 1793 1775 1777
f 1793 1777 1794
f 1794 1777 1779
f 1794 1779 1795
f 1795 1779 1781
f 1795 1781 1796
f 1796 1781 1783
f 1796 1783 1797
f 1797 1783 1785
f 1797 1785 1798
f 1798 1785 1787
f 1798 1787 1799
f 1799 1787 1789
f 1799 1789 1800
f 1800 1789 1791
f 1800 1791 1801
f 1802 1225 1803
f 1803 1225 1224
f 1803 1224 1804
f 1805 1806 1807
f 1808 1226 1809
f 1809 1226 1225
f 1809 1225 1810
f 1810 1225 1802
f 1810 1802 1227
f 1227 1229 1810
f 1810 1229 1811
f 1810 1811 1809
f 1809 1811 1812
f 1809 1812 1808
f 1808 1812 1813
f 1808 1813 1814
f 1815 1816 1817
f 1814 1818 1808
f 1808 1818 1819
f 1808 1819 1226
f 1226 1819 1820
f 1226 1820 1224
f 1224 1820 1821
f 1224 1821 1804
f 1804 1821 1822
f 1818 1815 1819
f 1819 1815 1817
f 1819 1817 1820
f 1820 1817 1823
f 1820 1823 1821
f 1821 1823 1824
f 1821 1824 1822
f 1822 1824 1825
f 1826 1806 1827
f 1827 1806 1805
f 1827 1805 1828
f 1829 1830 1831
f 1831 1830 1828
f 1831 1828 1832
f 1832 1828 1805
f 1832 1805 1833
f 1833 1805 1807
f 1833 1807 1834
f 1834 1807 1835
f 1816 1829 1817
f 1817 1829 1831
f 1817 1831 1823
f 1823 1831 1832
f 1823 1832 1824
f 1824 1832 1833
f 1824 1833 1825
f 1825 1833 1834
f 1835 1222 1836
f 1836 1222 1221
f 1836 1221 1837
f 1838 1839 1840
f 1841 1837 1842
f 1842 1837 1221
f 1842 1221 1843
f 1843 1221 1223
f 1843 1223 1844
f 1216 1218 1845
f 1846 1839 1847
f 1847 1839 1838
f 1847 1838 1848
f 1219 1841 1840
f 1840 1841 1842
f 1840 1842 1838
f 1838 1842 1843
f 1838 1843 1848
f 1848 1843 1844
f 1848 1844 1849
f 1218 1220 1845
f 1845 1220 1850
f 1845 1850 1851
f 1851 1850 1852
f 1851 1852 1853
f 1854 1855 1856
f 1215 1217 1857
f 1857 1217 1858
f 1857 1858 1859
f 1859 1858 1854
f 1859 1854 1860
f 1860 1854 1856
f 1860 1856 1861
f 1852 1862 1853
f 1853 1862 1863
f 1853 1863 1864
f 1216 1845 1217
f 1217 1845 1851
f 1217 1851 1858
f 1858 1851 1853
f 1858 1853 1854
f 1854 1853 1864
f 1854 1864 1855
f 1849 1865 1848
f 1848 1865 1866
f 1848 1866 1847
f 1847 1866 1867
f 1847 1867 1846
f 1846 1867 1868
f 1846 1868 1869
f 1219 1840 1220
f 1220 1840 1839
f 1220 1839 1850
f 1850 1839 1846
f 1850 1846 1852
f 1852 1846 1869
f 1852 1869 1862
f 1830 1870 1828
f 1828 1870 1871
f 1828 1871 1827
f 1827 1871 1872
f 1827 1872 1826
f 1826 1872 1873
f 1826 1873 1874
f 1835 1807 1222
f 1222 1807 1806
f 1222 1806 1223
f 1223 1806 1826
f 1223 1826 1844
f 1844 1826 1874
f 1844 1874 1849
f 1875 1228 1876
f 1876 1228 1227
f 1876 1227 1877
f 1877 1227 1802
f 1877 1802 1878
f 1878 1802 1803
f 1878 1803 1879
f 1879 1803 1804
f 1879 1804 1880
f 1880 1804 1822
f 1880 1822 1881
f 1881 1822 1825
f 1881 1825 1882
f 1882 1825 1834
f 1882 1834 1883
f 1883 1834 1835
f 1883 1835 1884
f 1884 1835 1836
f 1884 1836 1885
f 1885 1836 1837
f 1885 1837 1886
f 1886 1837 1841
f 1886 1841 1887
f 1887 1841 1219
f 1887 1219 1888
f 1888 1219 1218
f 1888 1218 1889
f 1889 1218 1216
f 1889 1216 1890
f 1890 1216 1215
f 1890 1215 1213
f 1210 1212 1891
f 1204 1206 1892
f 1207 1209 1893
f 1894 1895 1896
f 1896 1895 1897
f 1896 1897 1898
f 1898 1897 1899
f 1898 1899 1900
f 1900 1899 1901
f 1900 1901 1902
f 1902 1901 1903
f 1902 1903 1904
f 1904 1903 1905
f 1904 1905 1906
f 1906 1905 1907
f 1906 1907 1908
f 1908 1907 1909
f 1908 1909 1910
f 1910 1909 1911
f 1910 1911 1912
f 1912 1911 1913
f 1912 1913 1914
f 1914 1913 1915
f 1914 1915 1916
f 1916 1915 1917
f 1916 1917 1918
f 1234 1236 1233
f 1233 1236 1919
f 1233 1919 1192
f 1192 1919 1920
f 1192 1920 1190
f 1190 1920 1921
f 1190 1921 1196
f 1235 1625 1236
f 1236 1625 1922
f 1236 1922 1919
f 1919 1922 1923
f 1919 1923 1920
f 1920 1923 1924
f 1920 1924 1921
f 1925 1624 1926
f 1926 1624 1235
f 1926 1235 1927
f 1927 1235 1234
f 1927 1234 1191
f 1928 1657 1929
f 1929 1657 1658
f 1929 1658 1930
f 1930 1658 1659
f 1930 1659 1918
f 1918 1659 1660
f 1918 1660 1916
f 1916 1660 1684
f 1916 1684 1914
f 1914 1684 1683
f 1914 1683 1912
f 1912 1683 1682
f 1912 1682 1910
f 1910 1682 1681
f 1910 1681 1908
f 1908 1681 1680
f 1908 1680 1906
f 1906 1680 1679
f 1906 1679 1904
f 1904 1679 1678
f 1904 1678 1902
f 1902 1678 1677
f 1902 1677 1900
f 1900 1677 1676
f 1900 1676 1898
f 1898 1676 1675
f 1898 1675 1896
f 1896 1675 1674
f 1896 1674 1894
f 1894 1674 1673
f 1931 1197 1932
f 1201 1203 1933
f 1934 1935 1936
f 1212 1214 1891
f 1891 1214 1937
f 1891 1937 1938
f 1938 1937 1939
f 1938 1939 1940
f 1940 1939 1934
f 1940 1934 1941
f 1941 1934 1936
f 1941 1936 1942
f 1209 1211 1893
f 1893 1211 1943
f 1893 1943 1944
f 1944 1943 1945
f 1944 1945 1946
f 1946 1945 1947
f 1946 1947 1195
f 1195 1947 1948
f 1195 1948 1193
f 1210 1891 1211
f 1211 1891 1938
f 1211 1938 1943
f 1943 1938 1940
f 1943 1940 1945
f 1945 1940 1941
f 1945 1941 1947
f 1947 1941 1942
f 1947 1942 1948
f 1949 1950 1951
f 1206 1208 1892
f 1892 1208 1952
f 1892 1952 1953
f 1953 1952 1954
f 1953 1954 1955
f 1955 1954 1949
f 1955 1949 1956
f 1956 1949 1951
f 1956 1951 1957
f 1958 1959 1960
f 1203 1205 1933
f 1933 1205 1961
f 1933 1961 1962
f 1962 1961 1963
f 1962 1963 1964
f 1964 1963 1958
f 1964 1958 1965
f 1965 1958 1960
f 1965 1960 1966
f 1204 1892 1205
f 1205 1892 1953
f 1205 1953 1961
f 1961 1953 1955
f 1961 1955 1963
f 1963 1955 1956
f 1963 1956 1958
f 1958 1956 1957
f 1958 1957 1959
f 1207 1893 1208
f 1208 1893 1944
f 1208 1944 1952
f 1952 1944 1946
f 1952 1946 1954
f 1954 1946 1195
f 1954 1195 1949
f 1949 1195 1194
f 1949 1194 1950
f 1200 1202 1967
f 1967 1202 1968
f 1967 1968 1969
f 1969 1968 1970
f 1969 1970 1971
f 1197 1199 1932
f 1932 1199 1972
f 1932 1972 1973
f 1973 1972 1974
f 1973 1974 1975
f 1976 1977 1978
f 1978 1977 1979
f 1978 1979 1980
f 1980 1979 1981
f 1980 1981 1191
f 1982 1191 1981
f 1983 1984 1985
f 1985 1984 1970
f 1970 1984 1971
f 1971 1984 1986
f 1971 1986 1987
f 1987 1974 1971
f 1971 1974 1972
f 1971 1972 1969
f 1969 1972 1199
f 1969 1199 1967
f 1967 1199 1198
f 1967 1198 1200
f 1988 1989 1990
f 1990 1989 1977
f 1990 1977 1991
f 1991 1977 1976
f 1991 1976 1992
f 1992 1976 1931
f 1989 1993 1977
f 1977 1993 1994
f 1977 1994 1979
f 1979 1994 1995
f 1987 1996 1974
f 1974 1996 1997
f 1974 1997 1975
f 1975 1997 1998
f 1975 1998 1999
f 1931 1932 1992
f 1992 1932 1973
f 1992 1973 1991
f 1991 1973 1975
f 1991 1975 1990
f 1990 1975 1999
f 1990 1999 1988
f 1201 1933 1202
f 1202 1933 1962
f 1202 1962 1968
f 1968 1962 1964
f 1968 1964 1970
f 1970 1964 1965
f 1970 1965 1985
f 1985 1965 1966
f 1985 1966 1983
f 1213 1215 1214
f 1214 1215 1857
f 1214 1857 1937
f 1937 1857 1859
f 1937 1859 1939
f 1939 1859 1860
f 1939 1860 1934
f 1934 1860 1861
f 1934 1861 1935
f 2000 2001 2002
f 2002 2001 2003
f 2002 2003 2004
f 2004 2003 2005
f 2004 2005 2006
f 2006 2005 2007
f 2006 2007 2008
f 2008 2007 2009
f 2008 2009 2010
f 2010 2009 2011
f 2010 2011 2012
f 2012 2011 2013
f 2012 2013 2014
f 2014 2013 2015
f 2014 2015 2016
f 2016 2015 2017
f 2016 2017 2018
f 2018 2017 2019
f 2018 2019 2020
f 2001 2021 2003
f 2003 2021 2022
f 2003 2022 2005
f 2005 2022 2023
f 2005 2023 2007
f 2007 2023 2024
f 2007 2024 2009
f 2009 2024 2025
f 2009 2025 2011
f 2011 2025 2026
f 2011 2026 2013
f 2013 2026 2027
f 2013 2027 2015
f 2015 2027 2028
f 2015 2028 2017
f 2017 2028 2029
f 2017 2029 2019
f 2030 1357 1351
f 1351 1357 1359
f 1351 1359 1354
f 2031 2000 2032
f 2032 2000 2002
f 2032 2002 2033
f 2033 2002 2004
f 2033 2004 2034
f 2034 2004 2006
f 2034 2006 2035
f 2035 2006 2008
f 2035 2008 2036
f 2036 2008 2010
f 2036 2010 2037
f 2037 2010 2012
f 2037 2012 2038
f 2038 2012 2014
f 2038 2014 2039
f 2039 2014 2016
f 2039 2016 2040
f 2040 2016 2018
f 2040 2018 2041
f 2041 2018 2020
f 2042 2031 2043
f 2043 2031 2032
f 2043 2032 2044
f 2044 2032 2033
f 2044 2033 2045
f 2045 2033 2034
f 2045 2034 2046
f 2046 2034 2035
f 2046 2035 2047
f 2047 2035 2036
f 2047 2036 2048
f 2048 2036 2037
f 2048 2037 2049
f 2049 2037 2038
f 2049 2038 2050
f 2050 2038 2039
f 2050 2039 2051
f 2051 2039 2040
f 2051 2040 2052
f 2052 2040 2041
f 2053 2042 2054
f 2054 2042 2043
f 2054 2043 2055
f 2055 2043 2044
f 2055 2044 2056
f 2056 2044 2045
f 2056 2045 2057
f 2057 2045 2046
f 2057 2046 2058
f 2058 2046 2047
f 2058 2047 2059
f 2059 2047 2048
f 2059 2048 2060
f 2060 2048 2049
f 2060 2049 2061
f 2061 2049 2050
f 2061 2050 2062
f 2062 2050 2051
f 2062 2051 2063
f 2063 2051 2052
f 2063 2064 2062
f 2062 2064 2065
f 2062 2065 2061
f 2061 2065 2066
f 2061 2066 2060
f 2060 2066 2067
f 2060 2067 2059
f 2059 2067 2068
f 2059 2068 2058
f 2058 2068 2069
f 2058 2069 2057
f 2057 2069 2070
f 2057 2070 2056
f 2056 2070 2071
f 2056 2071 2055
f 2055 2071 2072
f 2055 2072 2054
f 2054 2072 2073
f 2054 2073 2053
f 2053 2073 2074
f 2053 2074 2075
f 2076 2077 2078
f 2078 2077 2079
f 2078 2079 2080
f 2080 2079 2081
f 2080 2081 2082
f 2082 2081 2083
f 2082 2083 2084
f 2085 2086 2087
f 2087 2086 2088
f 2087 2088 2089
f 2089 2088 2090
f 2089 2090 2091
f 2091 2090 2092
f 2091 2092 2093
f 2093 2092 2094
f 2093 2094 2095
f 2095 2094 2096
f 2095 2096 2097
f 2086 2098 2088
f 2088 2098 2099
f 2088 2099 2090
f 2090 2099 2100
f 2090 2100 2092
f 2092 2100 2101
f 2092 2101 2094
f 2094 2101 2102
f 2094 2102 2096
f 2103 2104 2105
f 1230 1232 1720
f 1720 1232 1734
f 1720 1734 1718
f 1718 1734 1732
f 1718 1732 1716
f 1716 1732 1730
f 1716 1730 1714
f 1714 1730 1728
f 1714 1728 1712
f 1712 1728 1726
f 1712 1726 1710
f 1710 1726 1724
f 1710 1724 1708
f 1708 1724 1722
f 1708 1722 1706
f 1706 1722 1248
f 1706 1248 1704
f 1704 1248 1247
f 1704 1247 1564
f 1564 1247 2105
f 1564 2105 1249
f 1249 2105 2104
f 1249 2104 1250
f 2106 2107 2108
f 2108 2107 2109
f 2108 2109 2110
f 2110 2109 2111
f 2110 2111 2112
f 2112 2111 2113
f 2112 2113 2114
f 2114 2113 2115
f 2114 2115 2116
f 2116 2115 2117
f 2116 2117 2118
f 2118 2117 2119
f 2118 2119 2120
f 2120 2119 2121
f 2120 2121 2122
f 2102 1189 2096
f 2096 1189 1187
f 2096 1187 2097
f 2097 1187 1184
f 2097 1184 2123
f 2123 1184 1186
f 2121 2124 2122
f 2122 2124 2125
f 2122 2125 2126
f 2126 2125 2127
f 2127 2125 2128
f 2128 2125 2129
f 2128 2129 2130
f 2098 2131 2099
f 2099 2131 2132
f 2099 2132 2100
f 2100 2132 2133
f 2100 2133 2101
f 2101 2133 2134
f 2101 2134 2102
f 2102 2134 2135
f 2102 2135 1189
f 1189 2135 2136
f 1189 2136 1188
f 1188 2136 2137
f 1188 2137 1184
f 1184 2137 2138
f 1184 2138 1185
f 1185 2138 2139
f 1185 2139 2140
f 2131 2141 2132
f 2132 2141 2142
f 2132 2142 2133
f 2133 2142 2143
f 2133 2143 2134
f 2134 2143 2144
f 2134 2144 2135
f 2135 2144 2145
f 2135 2145 2136
f 2136 2145 2146
f 2136 2146 2137
f 2137 2146 2147
f 2137 2147 2138
f 2138 2147 2148
f 2138 2148 2139
f 2139 2148 2149
f 2139 2149 2140
f 2150 2130 2140
f 2140 2130 2129
f 2140 2129 1185
f 1185 2129 2125
f 1185 2125 1186
f 1186 2125 2124
f 1186 2124 2123
f 2123 2124 2121
f 2123 2121 2097
f 2097 2121 2119
f 2097 2119 2095
f 2095 2119 2117
f 2095 2117 2093
f 2093 2117 2115
f 2093 2115 2091
f 2091 2115 2113
f 2091 2113 2089
f 2089 2113 2111
f 2089 2111 2087
f 2087 2111 2109
f 2087 2109 2085
f 2085 2109 2107
f 2141 2151 2142
f 2142 2151 2152
f 2142 2152 2143
f 2143 2152 2153
f 2143 2153 2144
f 2144 2153 2154
f 2144 2154 2145
f 2145 2154 2155
f 2145 2155 2146
f 2146 2155 2156
f 2146 2156 2147
f 2147 2156 2157
f 2147 2157 2148
f 2148 2157 2158
f 2148 2158 2149
f 2149 2158 2159
f 2149 2159 2140
f 2140 2159 2160
f 2140 2160 2150
f 2150 2160 2161
f 2150 2161 1623
f 2151 2103 2152
f 2152 2103 2105
f 2152 2105 2153
f 2153 2105 1247
f 2153 1247 2154
f 2154 1247 1246
f 2154 1246 2155
f 2155 1246 1244
f 2155 1244 2156
f 2156 1244 1243
f 2156 1243 2157
f 2157 1243 1241
f 2157 1241 2158
f 2158 1241 1240
f 2158 1240 2159
f 2159 1240 1238
f 2159 1238 2160
f 2160 1238 1237
f 2160 1237 2161
f 2161 1237 1569
f 2161 1569 1623
f 1623 1569 1792
f 1623 1792 1571
f 1571 1792 1793
f 1571 1793 1572
f 1572 1793 1794
f 1572 1794 1580
f 1580 1794 1795
f 1580 1795 1581
f 1581 1795 1796
f 1581 1796 1633
f 1633 1796 1797
f 1633 1797 1634
f 1634 1797 1798
f 1634 1798 1672
f 1672 1798 1799
f 1672 1799 1673
f 1673 1799 1800
f 1673 1800 1894
f 1894 1800 1801
f 1894 1801 1895
f 1381 1382 1379
f 1379 1382 1374
f 1379 1374 2162
f 2162 1374 1376
f 2162 1376 2163
f 2163 1376 1371
f 2163 1371 2164
f 2164 1371 1367
f 2164 1367 2165
f 2165 1367 1260
f 2165 1260 2166
f 2166 1260 1362
f 2166 1362 2167
f 2167 1362 1357
f 2167 1357 2168
f 2168 1357 2030
f 2169 2170 2171
f 2171 2170 2172
f 2171 2172 2173
f 2173 2172 2174
f 2173 2174 2175
f 2175 2174 2176
f 2175 2176 2177
f 2177 2176 2178
f 2177 2178 2179
f 2179 2178 2180
f 2179 2180 2181
f 2182 1395 2183
f 2183 1395 1390
f 2183 1390 2184
f 2184 1390 1386
f 2184 1386 2185
f 2185 1386 1379
f 2185 1379 2186
f 2186 1379 2162
f 2186 2162 2187
f 2187 2162 2163
f 2187 2163 2188
f 2188 2163 2164
f 2188 2164 2189
f 2189 2164 2165
f 2189 2165 2190
f 2190 2165 2166
f 2190 2166 2191
f 2191 2166 2167
f 2191 2167 2192
f 2192 2167 2168
f 2192 2168 2193
f 2193 2168 2030
f 2194 2195 2196
f 2196 2195 2197
f 2196 2197 2198
f 2198 2197 2199
f 2198 2199 2200
f 2200 2199 2201
f 2200 2201 2202
f 2202 2201 2203
f 2202 2203 2204
f 2204 2203 2181
f 2204 2181 2205
f 2205 2181 2180
f 2205 2180 2084
f 2084 2180 2178
f 2084 2178 2082
f 2082 2178 2176
f 2082 2176 2080
f 2080 2176 2174
f 2080 2174 2078
f 2078 2174 2172
f 2078 2172 2076
f 2076 2172 2170
f 2195 2182 2197
f 2197 2182 2183
f 2197 2183 2199
f 2199 2183 2184
f 2199 2184 2201
f 2201 2184 2185
f 2201 2185 2203
f 2203 2185 2186
f 2203 2186 2181
f 2181 2186 2187
f 2181 2187 2179
f 2179 2187 2188
f 2179 2188 2177
f 2177 2188 2189
f 2177 2189 2175
f 2175 2189 2190
f 2175 2190 2173
f 2173 2190 2191
f 2173 2191 2171
f 2171 2191 2192
f 2171 2192 2169
f 2169 2192 2193
f 1411 2206 1419
f 1419 2206 2207
f 1419 2207 1416
f 1416 2207 2208
f 1416 2208 1423
f 1423 2208 2209
f 1423 2209 1191
f 1403 1405 1408
f 1408 1405 2210
f 1408 2210 2211
f 2211 2210 2212
f 2211 2212 2213
f 2213 2212 2214
f 2213 2214 2215
f 2215 2214 2216
f 2215 2216 2217
f 1398 1400 1405
f 1405 1400 2218
f 1405 2218 2210
f 2210 2218 2219
f 2210 2219 2212
f 2212 2219 2220
f 2212 2220 2214
f 2214 2220 2221
f 2214 2221 2216
f 2206 1181 2207
f 2207 1181 1183
f 2207 1183 2208
f 2208 1183 2222
f 2208 2222 2209
f 2209 2222 2223
f 2209 2223 1191
f 2224 1191 2223
f 1410 1408 1414
f 1414 1408 2211
f 1414 2211 1411
f 1411 2211 2213
f 1411 2213 2206
f 2206 2213 2215
f 2206 2215 1181
f 1181 2215 2217
f 1181 2217 1182
f 2225 2194 2226
f 2226 2194 2196
f 2226 2196 2227
f 2227 2196 2198
f 2227 2198 2228
f 2228 2198 2200
f 2228 2200 2229
f 2229 2200 2202
f 2229 2202 2230
f 2230 2202 2204
f 2230 2204 2231
f 2231 2204 2205
f 2231 2205 2232
f 2232 2205 2084
f 2232 2084 2233
f 2233 2084 2083
f 2233 2083 2234
f 2234 2083 2081
f 2234 2081 2235
f 2235 2081 2079
f 2235 2079 2075
f 2075 2079 2077
f 2075 2077 2053
f 2053 2077 2076
f 2053 2076 2042
f 2042 2076 2170
f 2042 2170 2031
f 2031 2170 2169
f 2031 2169 2000
f 2000 2169 2193
f 2000 2193 2001
f 2001 2193 2030
f 2001 2030 2021
f 2021 2030 1351
f 2021 1351 2022
f 2022 1351 1348
f 2022 1348 2023
f 2023 1348 1342
f 2023 1342 2024
f 2024 1342 1340
f 2024 1340 2025
f 2025 1340 1338
f 2025 1338 2026
f 2026 1338 1331
f 2026 1331 2027
f 2027 1331 1329
f 2027 1329 2028
f 2028 1329 1325
f 2028 1325 2029
f 2029 1325 1317
f 2029 1317 2019
f 2019 1317 1319
f 2019 1319 2020
f 2236 2237 2238
f 2238 2237 2239
f 2238 2239 2240
f 2240 2239 2241
f 2240 2241 2242
f 2242 2241 2243
f 2242 2243 2244
f 2244 2243 2245
f 2244 2245 2246
f 2246 2245 2247
f 2246 2247 2248
f 2248 2247 2249
f 2248 2249 2250
f 2250 2249 2251
f 2250 2251 2252
f 2252 2251 2253
f 2252 2253 2254
f 2254 2253 2255
f 2254 2255 2256
f 2256 2255 2257
f 2256 2257 2258
f 2258 2257 2259
f 2236 2260 2237
f 2237 2260 2225
f 2237 2225 2239
f 2239 2225 2226
f 2239 2226 2241
f 2241 2226 2227
f 2241 2227 2243
f 2243 2227 2228
f 2243 2228 2245
f 2245 2228 2229
f 2245 2229 2247
f 2247 2229 2230
f 2247 2230 2249
f 2249 2230 2231
f 2249 2231 2251
f 2251 2231 2232
f 2251 2232 2253
f 2253 2232 2233
f 2253 2233 2255
f 2255 2233 2234
f 2255 2234 2257
f 2257 2234 2235
f 2257 2235 2259
f 2259 2235 2075
f 2224 2223 2261
f 2261 2223 2222
f 2261 2222 2262
f 2262 2222 1183
f 2262 1183 2263
f 2263 1183 1182
f 2263 1182 2264
f 2264 1182 2217
f 2264 2217 2265
f 2265 2217 2216
f 2265 2216 2260
f 2260 2216 2221
f 2260 2221 2225
f 2225 2221 2220
f 2225 2220 2194
f 2194 2220 2219
f 2194 2219 2195
f 2195 2219 2218
f 2195 2218 2182
f 2182 2218 1400
f 2182 1400 1395
f 1395 1400 1402
f 1395 1402 1393
f 2258 2266 2256
f 2256 2266 2267
f 2256 2267 2254
f 2254 2267 2268
f 2254 2268 2252
f 2252 2268 2269
f 2252 2269 2250
f 2250 2269 2270
f 2250 2270 2248
f 2248 2270 2271
f 2248 2271 2246
f 2246 2271 2272
f 2246 2272 2244
f 2244 2272 2273
f 2244 2273 2242
f 2242 2273 2274
f 2242 2274 2240
f 2240 2274 2275
f 2240 2275 2238
f 2238 2275 2276
f 2238 2276 2236
f 2236 2276 2277
f 2236 2277 2260
f 2260 2277 2278
f 2260 2278 2265
f 2265 2278 2279
f 2265 2279 2264
f 2264 2279 2280
f 2264 2280 2263
f 2263 2280 2281
f 2263 2281 2262
f 2262 2281 1925
f 2262 1925 2261
f 2261 1925 1926
f 2261 1926 2224
f 2224 1926 1927
f 2224 1927 1191
f 2064 2106 2065
f 2065 2106 2108
f 2065 2108 2066
f 2066 2108 2110
f 2066 2110 2067
f 2067 2110 2112
f 2067 2112 2068
f 2068 2112 2114
f 2068 2114 2069
f 2069 2114 2116
f 2069 2116 2070
f 2070 2116 2118
f 2070 2118 2071
f 2071 2118 2120
f 2071 2120 2072
f 2072 2120 2122
f 2072 2122 2073
f 2073 2122 2126
f 2073 2126 2074
f 2074 2126 2127
f 2074 2127 2075
f 2075 2127 2128
f 2075 2128 2259
f 2259 2128 2130
f 2259 2130 2258
f 2258 2130 2150
f 2258 2150 2266
f 2266 2150 1623
f 2266 1623 2267
f 2267 1623 1622
f 2267 1622 2268
f 2268 1622 1621
f 2268 1621 2269
f 2269 1621 1620
f 2269 1620 2270
f 2270 1620 1619
f 2270 1619 2271
f 2271 1619 1618
f 2271 1618 2272
f 2272 1618 1616
f 2272 1616 2273
f 2273 1616 1614
f 2273 1614 2274
f 2274 1614 1612
f 2274 1612 2275
f 2275 1612 1610
f 2275 1610 2276
f 2276 1610 1608
f 2276 1608 2277
f 2277 1608 1606
f 2277 1606 2278
f 2278 1606 1604
f 2278 1604 2279
f 2279 1604 1602
f 2279 1602 2280
f 2280 1602 1600
f 2280 1600 2281
f 2281 1600 1598
f 2281 1598 1925
f 1925 1598 1597
f 1925 1597 1624
f 1624 1597 1626
f 1624 1626 1625
f 1625 1626 1650
f 1625 1650 1922
f 1922 1650 1657
f 1922 1657 1923
f 1923 1657 1928
f 1923 1928 1924
f 1296 2282 1295
f 1295 2282 2283
f 1295 2283 1294
f 1294 2283 1297
f 1294 1297 1024
f 1024 1297 1057
f 2284 1311 1307
f 1307 1311 1312
f 1307 1312 1305
f 2285 2284 2286
f 2286 2284 1307
f 2286 1307 1299
f 1299 1307 1308
f 1299 1308 1300
f 1316 1309 1315
f 1315 1309 1311
f 1315 1311 2287
f 2287 1311 2284
f 2287 2284 2288
f 2288 2284 2285
f 2288 2285 2289
f 2290 2291 2292
f 2292 2291 2293
f 2292 2293 2294
f 2294 2293 2295
f 2294 2295 2296
f 2296 2295 2297
f 1021 1022 1296
f 1296 1022 1291
f 1296 1291 2282
f 2282 1291 2298
f 2282 2298 2299
f 1301 1302 1299
f 1299 1302 1298
f 1299 1298 2286
f 2286 1298 1262
f 2286 1262 2285
f 2285 1262 1297
f 2285 1297 2289
f 2289 1297 2283
f 2289 2283 2300
f 2300 2283 2282
f 2300 2282 2301
f 2301 2282 2299
f 1292 2302 1293
f 1293 2302 2303
f 1293 2303 1291
f 1291 2303 2304
f 1291 2304 2298
f 2298 2304 2305
f 2298 2305 2299
f 2299 2305 2306
f 2299 2306 2301
f 2301 2306 2290
f 2301 2290 2300
f 2300 2290 2292
f 2300 2292 2289
f 2289 2292 2294
f 2289 2294 2288
f 2288 2294 2296
f 2288 2296 2287
f 2287 2296 2297
f 2287 2297 1315
f 1125 1161 1292
f 1292 1161 1290
f 1292 1290 2302
f 2302 1290 1288
f 2302 1288 2307
f 2307 1288 1289
f 2308 2309 2310
f 2310 2309 2311
f 2310 2311 2312
f 2312 2311 2313
f 2312 2313 1287
f 1287 2313 2307
f 1287 2307 1286
f 1286 2307 1289
f 1286 1289 1155
f 1155 1289 1156
f 1171 1170 1287
f 1287 1170 1285
f 1287 1285 2312
f 2312 1285 1284
f 2312 1284 2310
f 2310 1284 1263
f 2310 1263 2308
f 2308 1263 1283
f 2308 1283 2314
f 2314 1283 1264
f 2314 1264 2315
f 2315 1264 1282
f 2315 1282 2316
f 2316 1282 1281
f 2316 1281 2317
f 2317 1281 1430
f 2317 1430 2318
f 2318 1430 1429
f 2318 1429 2319
f 2319 1429 1428
f 2319 1428 1442
f 1442 1428 1277
f 1442 1277 1276
f 1276 1277 1104
f 1276 1104 1126
f 2320 2321 2322
f 2322 2321 2323
f 2322 2323 2324
f 2324 2323 2325
f 2324 2325 2326
f 2326 2325 2327
f 2326 2327 2328
f 2328 2327 2329
f 2328 2329 2330
f 2330 2329 2331
f 2330 2331 2332
f 1546 1255 1548
f 1548 1255 1257
f 1548 1257 1550
f 1550 1257 1529
f 1550 1529 1552
f 1552 1529 1530
f 1552 1530 1554
f 1554 1530 1531
f 1554 1531 1556
f 1556 1531 1532
f 1556 1532 1558
f 1558 1532 1533
f 1558 1533 1560
f 1560 1533 1534
f 1560 1534 1562
f 1562 1534 1535
f 1562 1535 1563
f 1563 1535 1536
f 1563 1536 2333
f 2333 1536 1537
f 2333 1537 2334
f 2334 1537 1538
f 2334 1538 2335
f 2335 1538 1539
f 2335 1539 2336
f 2336 1539 1540
f 2336 1540 2337
f 2337 1540 1541
f 2337 1541 2338
f 2338 1541 1542
f 2338 1542 2339
f 2339 1542 1543
f 2339 1543 2340
f 2340 1543 1544
f 2340 1544 2341
f 2342 2320 2343
f 2343 2320 2322
f 2343 2322 2344
f 2344 2322 2324
f 2344 2324 2345
f 2345 2324 2326
f 2345 2326 2346
f 2346 2326 2328
f 2346 2328 2347
f 2347 2328 2330
f 2347 2330 2348
f 2348 2330 2332
f 2348 2332 2349
f 2350 2342 2351
f 2351 2342 2343
f 2351 2343 2352
f 2352 2343 2344
f 2352 2344 2353
f 2353 2344 2345
f 2353 2345 2354
f 2354 2345 2346
f 2354 2346 2355
f 2355 2346 2347
f 2355 2347 2356
f 2356 2347 2348
f 2356 2348 2357
f 2357 2348 2349
f 2357 2349 2358
f 2359 2350 2360
f 2360 2350 2351
f 2360 2351 2361
f 2361 2351 2352
f 2361 2352 2362
f 2362 2352 2353
f 2362 2353 2363
f 2363 2353 2354
f 2363 2354 2364
f 2364 2354 2355
f 2364 2355 2365
f 2365 2355 2356
f 2365 2356 2366
f 2366 2356 2357
f 2366 2357 2367
f 2367 2357 2358
f 2367 2358 2368
f 2369 2359 2370
f 2370 2359 2360
f 2370 2360 2371
f 2371 2360 2361
f 2371 2361 2372
f 2372 2361 2362
f 2372 2362 2373
f 2373 2362 2363
f 2373 2363 2374
f 2374 2363 2364
f 2374 2364 2375
f 2375 2364 2365
f 2375 2365 2376
f 2376 2365 2366
f 2376 2366 2377
f 2377 2366 2367
f 2377 2367 2378
f 2378 2367 2368
f 2378 2368 2379
f 1431 1545 1432
f 1432 1545 1547
f 1432 1547 1433
f 1433 1547 1549
f 1433 1549 1434
f 1434 1549 1551
f 1434 1551 1435
f 1435 1551 1553
f 1435 1553 1436
f 1436 1553 1555
f 1436 1555 1437
f 1437 1555 1557
f 1437 1557 1438
f 1438 1557 1559
f 1438 1559 1439
f 1439 1559 1561
f 1439 1561 1440
f 1440 1561 1563
f 1440 1563 1441
f 1441 1563 2333
f 1441 2333 1442
f 1442 2333 2334
f 1442 2334 2319
f 2319 2334 2335
f 2319 2335 2318
f 2318 2335 2336
f 2318 2336 2317
f 2317 2336 2337
f 2317 2337 2316
f 2316 2337 2338
f 2316 2338 2315
f 2315 2338 2339
f 2315 2339 2314
f 2314 2339 2340
f 2314 2340 2308
f 2308 2340 2341
f 2308 2341 2309
f 1995 2380 1979
f 1979 2380 2381
f 1979 2381 1981
f 1981 2381 2382
f 1981 2382 1982
f 1701 1875 1702
f 1702 1875 1876
f 1702 1876 1721
f 1721 1876 1877
f 1721 1877 1230
f 1230 1877 1878
f 1230 1878 1231
f 1231 1878 1879
f 1231 1879 1737
f 1737 1879 1880
f 1737 1880 1754
f 1754 1880 1881
f 1754 1881 1755
f 1755 1881 1882
f 1755 1882 1764
f 1764 1882 1883
f 1764 1883 1773
f 1773 1883 1884
f 1773 1884 1790
f 1790 1884 1885
f 1790 1885 1791
f 1791 1885 1886
f 1791 1886 1801
f 1801 1886 1887
f 1801 1887 1895
f 1895 1887 1888
f 1895 1888 1897
f 1897 1888 1889
f 1897 1889 1899
f 1899 1889 1890
f 1899 1890 1901
f 1901 1890 1213
f 1901 1213 1903
f 1903 1213 1212
f 1903 1212 1905
f 1905 1212 1210
f 1905 1210 1907
f 1907 1210 1209
f 1907 1209 1909
f 1909 1209 1207
f 1909 1207 1911
f 1911 1207 1206
f 1911 1206 1913
f 1913 1206 1204
f 1913 1204 1915
f 1915 1204 1203
f 1915 1203 1917
f 1917 1203 1201
f 1917 1201 1918
f 1918 1201 1200
f 1918 1200 1930
f 1930 1200 1198
f 1930 1198 1929
f 1929 1198 1197
f 1929 1197 1928
f 1928 1197 1931
f 1928 1931 1924
f 1924 1931 1976
f 1924 1976 1921
f 1921 1976 1978
f 1921 1978 1196
f 1196 1978 1980
f 1196 1980 1191
f 1252 1254 1513
f 1513 1254 2383
f 1513 2383 1528
f 1528 2383 2384
f 1528 2384 1527
f 1527 2384 2385
f 1527 2385 1526
f 1526 2385 2386
f 1526 2386 1525
f 1525 2386 2387
f 1525 2387 1524
f 1524 2387 2388
f 1524 2388 1523
f 1523 2388 2389
f 1523 2389 1522
f 1522 2389 2390
f 1522 2390 1521
f 1521 2390 2391
f 1521 2391 1520
f 1520 2391 2392
f 1520 2392 1519
f 1519 2392 2393
f 1519 2393 1518
f 1518 2393 2394
f 1518 2394 1517
f 1517 2394 2395
f 1517 2395 1516
f 1516 2395 2396
f 1516 2396 1515
f 1515 2396 2397
f 1515 2397 1443
f 1443 2397 2379
f 1443 2379 1444
f 1444 2379 2368
f 1444 2368 1479
f 1479 2368 2358
f 1479 2358 1478
f 1478 2358 2349
f 1478 2349 1544
f 1544 2349 2332
f 1544 2332 2341
f 2341 2332 2331
f 2341 2331 2309
f 2309 2331 2329
f 2309 2329 2311
f 2311 2329 2327
f 2311 2327 2313
f 2313 2327 2325
f 2313 2325 2307
f 2307 2325 2323
f 2307 2323 2302
f 2302 2323 2321
f 2302 2321 2303
f 2303 2321 2320
f 2303 2320 2304
f 2304 2320 2342
f 2304 2342 2305
f 2305 2342 2350
f 2305 2350 2306
f 2306 2350 2359
f 2306 2359 2290
f 2290 2359 2369
f 2290 2369 2291
f 1313 1315 1319
f 1319 1315 2297
f 1319 2297 2020
f 2020 2297 2295
f 2020 2295 2041
f 2041 2295 2293
f 2041 2293 2052
f 2052 2293 2291
f 2052 2291 2063
f 2063 2291 2369
f 2063 2369 2064
f 2064 2369 2370
f 2064 2370 2106
f 2106 2370 2371
f 2106 2371 2107
f 2107 2371 2372
f 2107 2372 2085
f 2085 2372 2373
f 2085 2373 2086
f 2086 2373 2374
f 2086 2374 2098
f 2098 2374 2375
f 2098 2375 2131
f 2131 2375 2376
f 2131 2376 2141
f 2141 2376 2377
f 2141 2377 2151
f 2151 2377 2378
f 2151 2378 2103
f 2103 2378 2379
f 2103 2379 2104
f 2104 2379 2397
f 2104 2397 1250
f 1250 2397 2396
f 1250 2396 1251
f 1251 2396 2395
f 1251 2395 1685
f 1685 2395 2394
f 1685 2394 1687
f 1687 2394 2393
f 1687 2393 1689
f 1689 2393 2392
f 1689 2392 1691
f 1691 2392 2391
f 1691 2391 1693
f 1693 2391 2390
f 1693 2390 1695
f 1695 2390 2389
f 1695 2389 1697
f 1697 2389 2388
f 1697 2388 1699
f 1699 2388 2387
f 1699 2387 1701
f 1701 2387 2386
f 1701 2386 1875
f 1875 2386 2385
f 1875 2385 1228
f 1228 2385 2384
f 1228 2384 1229
f 1229 2384 2383
f 1229 2383 1811
f 1811 2383 1254
f 1811 1254 1812
f 1812 1254 1253
f 1812 1253 1813
f 2398 2399 2400
f 2401 2402 2403
f 2403 2402 2404
f 2405 2406 2407
f 2408 2409 2410
f 2411 2412 2413
f 2414 2415 2416
f 2417 2418 2419
f 2420 2421 2422
f 2423 2422 2424
f 2425 2426 2427
f 2422 2421 2428
f 2429 2430 2431
f 2432 2433 2429
f 1999 1998 2434
f 1994 1993 2435
f 1989 1988 2436
f 1997 1996 2437
f 2438 2439 2440
f 1480 1447 2441
f 1255 1546 2442
f 2443 2444 2445
f 1067 1066 2446
f 2446 1066 1167
f 1063 1163 2447
f 1162 1140 2448
f 2448 1140 1139
f 1065 2399 1164
f 1164 2399 2398
f 1164 2398 1165
f 1166 2449 2450
f 2449 1166 2451
f 1068 1067 2452
f 2452 1067 2446
f 2452 2446 2450
f 2450 2446 1167
f 2450 1167 1166
f 2453 1070 1069
f 1070 2453 1071
f 1071 2453 2454
f 1071 2454 1072
f 1026 1074 2455
f 2455 1074 1073
f 1076 1075 2456
f 2456 1075 1027
f 2456 1027 2457
f 2457 1027 1026
f 1111 1077 2458
f 2458 1077 1076
f 1078 1112 2459
f 2459 1112 1111
f 2460 1080 1079
f 1081 2461 1113
f 1113 2461 1114
f 2462 1084 2463
f 2463 1084 1083
f 2463 1083 1082
f 2464 1142 1141
f 2465 1086 2464
f 2464 1086 1085
f 2464 1085 1142
f 2466 1116 2465
f 2465 1116 1115
f 2465 1115 1086
f 1089 1144 2467
f 2467 1144 1143
f 2467 1143 2466
f 2466 1143 1117
f 2466 1117 1116
f 1089 2467 1088
f 1088 2467 2468
f 1088 2468 1087
f 1087 2468 1090
f 1090 2468 2469
f 1090 2469 1091
f 1091 2469 2470
f 1091 2470 1042
f 1042 2470 1043
f 1043 2470 2471
f 1043 2471 1044
f 1044 2471 1045
f 1045 2471 2472
f 1045 2472 1092
f 2473 1046 2472
f 2472 1046 1093
f 2472 1093 1092
f 2474 1048 2473
f 2473 1048 1047
f 2473 1047 1046
f 2475 1095 2474
f 2474 1095 1094
f 2474 1094 1048
f 2476 1097 2475
f 2475 1097 1096
f 2475 1096 1095
f 1051 1050 2477
f 2477 1050 1049
f 2477 1049 2476
f 2476 1049 1098
f 2476 1098 1097
f 1051 2477 1052
f 1052 2477 2478
f 1052 2478 1118
f 1118 2478 1265
f 1118 1265 1119
f 2479 2480 2481
f 2481 2480 2482
f 2481 2482 2483
f 2483 2482 2484
f 2483 2484 2485
f 2485 2484 2486
f 2485 2486 2487
f 2487 2486 2488
f 2487 2488 2489
f 1545 1431 2490
f 2490 1431 2491
f 2490 2491 2492
f 2492 2491 2493
f 2492 2493 2494
f 2494 2493 2495
f 2494 2495 2496
f 2496 2495 2497
f 2496 2497 2498
f 2498 2497 2499
f 2498 2499 2500
f 2500 2499 2501
f 2500 2501 2502
f 2502 2501 2503
f 2502 2503 2504
f 2504 2503 2505
f 2504 2505 2506
f 1431 1265 2491
f 2491 1265 2478
f 2491 2478 2493
f 2493 2478 2477
f 2493 2477 2495
f 2495 2477 2476
f 2495 2476 2497
f 2497 2476 2475
f 2497 2475 2499
f 2499 2475 2474
f 2499 2474 2501
f 2501 2474 2473
f 2501 2473 2503
f 2503 2473 2472
f 2503 2472 2505
f 2505 2472 2471
f 2505 2471 2506
f 2506 2471 2470
f 2506 2470 2507
f 2507 2470 2469
f 2507 2469 2508
f 2508 2469 2468
f 2508 2468 2509
f 2509 2468 2467
f 2509 2467 2510
f 2510 2467 2466
f 2510 2466 2511
f 2511 2466 2465
f 2511 2465 2462
f 2462 2465 2464
f 2462 2464 1084
f 1084 2464 1141
f 1255 2442 1256
f 2512 2513 2514
f 2514 2513 2515
f 2514 2515 2516
f 2516 2515 2517
f 2516 2517 2518
f 2518 2517 2519
f 2518 2519 2520
f 2520 2519 2521
f 2520 2521 2522
f 2522 2521 2523
f 2522 2523 2524
f 2524 2523 2525
f 2524 2525 2526
f 2526 2525 2527
f 2526 2527 2528
f 2528 2527 2529
f 2528 2529 2530
f 2530 2529 2531
f 2530 2531 2532
f 2532 2531 2533
f 2532 2533 2534
f 2534 2533 2535
f 2534 2535 2536
f 2536 2535 2537
f 2536 2537 2538
f 2538 2537 2539
f 2538 2539 2540
f 2540 2539 2541
f 2540 2541 2542
f 2542 2541 2543
f 2544 1512 1483
f 2545 2546 2547
f 2547 2546 2548
f 2547 2548 2549
f 2549 2548 2550
f 2549 2550 2551
f 2551 2550 2552
f 2551 2552 2553
f 2553 2552 2554
f 2553 2554 2555
f 2555 2554 2556
f 2555 2556 2557
f 2557 2556 2558
f 2557 2558 2559
f 2559 2558 2560
f 2559 2560 2561
f 2561 2560 2562
f 2561 2562 2563
f 2563 2562 2564
f 2563 2564 2565
f 2565 2564 2566
f 2565 2566 2567
f 2567 2566 2568
f 2567 2568 2569
f 2569 2568 2570
f 2569 2570 2571
f 2571 2570 2572
f 2571 2572 2573
f 2573 2572 2544
f 2573 2544 2574
f 2574 2544 1483
f 2574 1483 1481
f 2575 1253 1252
f 2480 2543 2482
f 2482 2543 2541
f 2482 2541 2484
f 2484 2541 2539
f 2484 2539 2486
f 2486 2539 2537
f 2486 2537 2488
f 2488 2537 2535
f 2488 2535 2489
f 2489 2535 2533
f 2489 2533 2576
f 2576 2533 2531
f 2576 2531 2577
f 2577 2531 2529
f 2577 2529 2578
f 2578 2529 2527
f 2578 2527 2579
f 2579 2527 2525
f 2579 2525 2580
f 2580 2525 2523
f 2580 2523 2581
f 2581 2523 2521
f 2581 2521 2582
f 2582 2521 2519
f 2582 2519 2583
f 2583 2519 2517
f 2583 2517 2584
f 2584 2517 2515
f 2584 2515 2442
f 2442 2515 2513
f 2442 2513 1256
f 1256 2513 2512
f 1256 2512 1446
f 1546 1545 2442
f 2442 1545 2490
f 2442 2490 2584
f 2584 2490 2492
f 2584 2492 2583
f 2583 2492 2494
f 2583 2494 2582
f 2582 2494 2496
f 2582 2496 2581
f 2581 2496 2498
f 2581 2498 2580
f 2580 2498 2500
f 2580 2500 2579
f 2579 2500 2502
f 2579 2502 2578
f 2578 2502 2504
f 2578 2504 2577
f 2577 2504 2506
f 2577 2506 2576
f 2576 2506 2507
f 2576 2507 2489
f 2489 2507 2508
f 2489 2508 2487
f 2487 2508 2509
f 2487 2509 2485
f 2485 2509 2510
f 2485 2510 2483
f 2483 2510 2511
f 2483 2511 2481
f 2481 2511 2462
f 2481 2462 2479
f 2479 2462 2463
f 2444 2585 2586
f 2587 2588 2589
f 2588 2587 2590
f 2590 2587 2591
f 2590 2591 2592
f 2592 2591 2593
f 2592 2593 2594
f 2595 2596 2597
f 2598 2599 2600
f 2600 2599 2601
f 2600 2601 2602
f 2602 2601 2603
f 2602 2603 2604
f 2604 2603 2605
f 2604 2605 2606
f 2606 2605 2607
f 2606 2607 2608
f 2608 2607 2609
f 2608 2609 2610
f 2610 2609 2611
f 2610 2611 2612
f 2612 2611 2613
f 2612 2613 2614
f 2614 2613 2615
f 2614 2615 2616
f 2616 2615 2617
f 2616 2617 2618
f 2618 2617 2619
f 2618 2619 2620
f 2620 2619 2621
f 2620 2621 2622
f 2622 2621 2623
f 2622 2623 2624
f 2624 2623 2625
f 2624 2625 2626
f 2444 2586 2445
f 2445 2586 2627
f 2445 2627 2628
f 2628 2627 2629
f 2628 2629 2630
f 2630 2629 2631
f 2630 2631 2632
f 2632 2631 2633
f 2632 2633 2634
f 2634 2633 2635
f 2634 2635 2636
f 2636 2635 2637
f 2636 2637 2638
f 2638 2637 2639
f 2638 2639 2640
f 2640 2639 2641
f 2640 2641 2642
f 2642 2641 2643
f 2642 2643 2644
f 2644 2643 2645
f 2644 2645 2646
f 2646 2645 2647
f 2646 2647 2648
f 2648 2647 2649
f 2648 2649 2650
f 2650 2649 2651
f 2650 2651 2652
f 2652 2651 2653
f 2652 2653 2654
f 2654 2653 1814
f 2654 1814 1813
f 2625 1816 2626
f 2626 1816 1815
f 2626 1815 1818
f 2585 2598 2586
f 2586 2598 2600
f 2586 2600 2627
f 2627 2600 2602
f 2627 2602 2629
f 2629 2602 2604
f 2629 2604 2631
f 2631 2604 2606
f 2631 2606 2633
f 2633 2606 2608
f 2633 2608 2635
f 2635 2608 2610
f 2635 2610 2637
f 2637 2610 2612
f 2637 2612 2639
f 2639 2612 2614
f 2639 2614 2641
f 2641 2614 2616
f 2641 2616 2643
f 2643 2616 2618
f 2643 2618 2645
f 2645 2618 2620
f 2645 2620 2647
f 2647 2620 2622
f 2647 2622 2649
f 2649 2622 2624
f 2649 2624 2651
f 2651 2624 2626
f 2651 2626 2653
f 2653 2626 1818
f 2653 1818 1814
f 2655 2656 2657
f 2657 2656 2658
f 2657 2658 2659
f 2659 2658 2660
f 2659 2660 2661
f 2661 2660 2662
f 2661 2662 2663
f 2663 2662 2664
f 2663 2664 2665
f 2665 2664 2666
f 2665 2666 2667
f 2667 2666 2668
f 2667 2668 2669
f 2669 2668 2670
f 2669 2670 2671
f 2671 2670 2672
f 2671 2672 2673
f 2673 2672 2674
f 2673 2674 2675
f 2675 2674 2676
f 2675 2676 2677
f 2677 2676 2678
f 2677 2678 2679
f 2656 2680 2658
f 2658 2680 2681
f 2658 2681 2660
f 2660 2681 2682
f 2660 2682 2662
f 2662 2682 2683
f 2662 2683 2664
f 2664 2683 2684
f 2664 2684 2666
f 2666 2684 2685
f 2666 2685 2668
f 2668 2685 2686
f 2668 2686 2670
f 2670 2686 2687
f 2670 2687 2672
f 2672 2687 2688
f 2672 2688 2674
f 2674 2688 2689
f 2674 2689 2676
f 2676 2689 2690
f 2676 2690 2678
f 2680 2691 2681
f 2681 2691 2692
f 2681 2692 2682
f 2682 2692 2693
f 2682 2693 2683
f 2683 2693 2694
f 2683 2694 2684
f 2684 2694 2695
f 2684 2695 2685
f 2685 2695 2696
f 2685 2696 2686
f 2686 2696 2697
f 2686 2697 2687
f 2687 2697 2698
f 2687 2698 2688
f 2688 2698 2699
f 2688 2699 2689
f 2689 2699 2700
f 2689 2700 2690
f 2690 2700 1873
f 1873 1872 2690
f 2690 1872 1871
f 2690 1871 2678
f 2678 1871 1870
f 2678 1870 2679
f 2679 1870 1830
f 2679 1830 1829
f 2599 2655 2601
f 2601 2655 2657
f 2601 2657 2603
f 2603 2657 2659
f 2603 2659 2605
f 2605 2659 2661
f 2605 2661 2607
f 2607 2661 2663
f 2607 2663 2609
f 2609 2663 2665
f 2609 2665 2611
f 2611 2665 2667
f 2611 2667 2613
f 2613 2667 2669
f 2613 2669 2615
f 2615 2669 2671
f 2615 2671 2617
f 2617 2671 2673
f 2617 2673 2619
f 2619 2673 2675
f 2619 2675 2621
f 2621 2675 2677
f 2621 2677 2623
f 2623 2677 2679
f 2623 2679 2625
f 2625 2679 1829
f 2625 1829 1816
f 2701 2439 2702
f 2702 2439 2438
f 2702 2438 2703
f 2704 2705 2706
f 2706 2705 2707
f 2706 2707 2708
f 2708 2707 2709
f 2708 2709 2710
f 2710 2709 2711
f 2710 2711 2712
f 2712 2711 2713
f 2712 2713 2714
f 2714 2713 2715
f 2714 2715 2716
f 2716 2715 2717
f 2716 2717 2718
f 2718 2717 2719
f 2718 2719 2720
f 2705 2721 2707
f 2707 2721 2722
f 2707 2722 2709
f 2709 2722 2723
f 2709 2723 2711
f 2711 2723 2724
f 2711 2724 2713
f 2713 2724 2725
f 2713 2725 2715
f 2715 2725 2726
f 2715 2726 2717
f 2717 2726 2727
f 2717 2727 2719
f 2721 2728 2722
f 2722 2728 2729
f 2722 2729 2723
f 2723 2729 2730
f 2723 2730 2724
f 2724 2730 2731
f 2724 2731 2725
f 2725 2731 2732
f 2725 2732 2726
f 2726 2732 2733
f 2726 2733 2727
f 2727 2733 1868
f 2734 2701 2735
f 2735 2701 2702
f 2735 2702 2736
f 2736 2702 2703
f 2736 2703 2737
f 1936 1935 2738
f 2738 1935 2737
f 2738 2737 2739
f 2739 2737 2703
f 2739 2703 2740
f 2740 2703 2438
f 2740 2438 2741
f 2741 2438 2440
f 2741 2440 2742
f 2736 1864 2735
f 2735 1864 1863
f 2735 1863 2734
f 2734 1863 1862
f 2734 1862 1869
f 2728 2742 2729
f 2729 2742 2440
f 2729 2440 2730
f 2730 2440 2439
f 2730 2439 2731
f 2731 2439 2701
f 2731 2701 2732
f 2732 2701 2734
f 2732 2734 2733
f 2733 2734 1869
f 2733 1869 1868
f 1868 1867 2727
f 2727 1867 1866
f 2727 1866 2719
f 2719 1866 1865
f 2719 1865 2720
f 2720 1865 1849
f 2720 1849 1874
f 2691 2704 2692
f 2692 2704 2706
f 2692 2706 2693
f 2693 2706 2708
f 2693 2708 2694
f 2694 2708 2710
f 2694 2710 2695
f 2695 2710 2712
f 2695 2712 2696
f 2696 2712 2714
f 2696 2714 2697
f 2697 2714 2716
f 2697 2716 2698
f 2698 2716 2718
f 2698 2718 2699
f 2699 2718 2720
f 2699 2720 2700
f 2700 2720 1874
f 2700 1874 1873
f 2596 2595 2743
f 2743 2595 2744
f 2743 2744 2745
f 2745 2744 2746
f 2745 2746 2747
f 2748 2749 2750
f 2750 2749 2751
f 2750 2751 2752
f 2753 2754 2755
f 2755 2754 2756
f 2755 2756 2757
f 2757 2756 2758
f 2757 2758 2759
f 2759 2758 2760
f 2759 2760 2761
f 2761 2760 2762
f 2761 2762 2763
f 2763 2762 2764
f 2763 2764 2765
f 2765 2764 2766
f 2765 2766 2767
f 2767 2766 2768
f 2767 2768 2769
f 2769 2768 2770
f 2769 2770 2771
f 2771 2770 2772
f 2771 2772 2773
f 2773 2772 2774
f 2773 2774 2775
f 2775 2774 2776
f 2775 2776 2777
f 2777 2776 2778
f 2777 2778 2779
f 2779 2778 2780
f 2779 2780 2781
f 2781 2780 2782
f 2781 2782 2783
f 2783 2782 2784
f 2783 2785 2781
f 2781 2785 2786
f 2781 2786 2779
f 2779 2786 2787
f 2779 2787 2777
f 2777 2787 2788
f 2777 2788 2775
f 2775 2788 2789
f 2775 2789 2773
f 2773 2789 2790
f 2773 2790 2771
f 2771 2790 2791
f 2771 2791 2769
f 2769 2791 2792
f 2769 2792 2767
f 2767 2792 2793
f 2767 2793 2765
f 2765 2793 2794
f 2765 2794 2763
f 2763 2794 2795
f 2763 2795 2761
f 2761 2795 2796
f 2761 2796 2759
f 2759 2796 2797
f 2759 2797 2757
f 2757 2797 2798
f 2757 2798 2755
f 2755 2798 2799
f 2755 2799 2753
f 1957 1951 2800
f 1942 2785 1948
f 1948 2785 2783
f 1948 2783 1193
f 1193 2783 2784
f 1193 2784 1194
f 1194 2784 1950
f 1986 1984 2801
f 1994 2435 1995
f 1983 1966 2802
f 1935 1861 2737
f 2737 1861 1856
f 2737 1856 2736
f 2736 1856 1855
f 2736 1855 1864
f 2803 2804 2805
f 2806 2807 2808
f 2809 2810 2811
f 2811 2810 2812
f 2813 2814 2815
f 2816 2817 2818
f 2818 2817 2813
f 2818 2813 2819
f 2819 2813 2815
f 2816 2820 2817
f 2817 2820 2821
f 2817 2821 2822
f 2822 2821 2823
f 2824 2825 2826
f 2826 2825 2822
f 2826 2822 2827
f 2827 2822 2823
f 2824 2828 2825
f 2825 2828 2829
f 2825 2829 2830
f 2830 2829 2831
f 2830 2831 2832
f 2833 2813 2834
f 2834 2813 2817
f 2834 2817 2835
f 2835 2817 2822
f 2835 2822 2836
f 2836 2822 2825
f 2836 2825 2837
f 2837 2825 2830
f 2837 2830 2838
f 2838 2830 2839
f 2838 2839 2840
f 2840 2839 2841
f 2832 2842 2830
f 2830 2842 2843
f 2830 2843 2839
f 2839 2843 2844
f 2839 2844 2845
f 2845 2846 2847
f 2847 2846 2848
f 2847 2848 2849
f 2845 2847 2839
f 2839 2847 2850
f 2839 2850 2841
f 2849 2851 2847
f 2847 2851 2852
f 2847 2852 2853
f 2853 2852 2854
f 2854 2855 2853
f 2853 2855 2856
f 2853 2856 2432
f 2857 2858 2859
f 2432 2429 2853
f 2853 2429 2431
f 2853 2431 2847
f 2847 2431 2860
f 2847 2860 2850
f 2861 2862 2863
f 2863 2862 2864
f 2863 2864 2865
f 2865 2864 2866
f 2865 2866 2867
f 2867 2866 2868
f 2869 2870 2871
f 2871 2870 2872
f 2871 2872 2873
f 2873 2872 2874
f 2873 2874 2875
f 2875 2874 2876
f 2875 2876 2877
f 2877 2876 2878
f 2877 2878 2879
f 2879 2878 2880
f 2881 2882 2883
f 2883 2882 2884
f 2883 2884 2885
f 2885 2884 2886
f 2885 2886 2887
f 2887 2886 2888
f 2887 2888 2889
f 2889 2888 2890
f 2889 2890 2891
f 2891 2890 2892
f 2891 2892 2893
f 2893 2892 2894
f 2893 2894 2895
f 2895 2894 2896
f 2897 2898 2753
f 2753 2898 2899
f 2753 2899 2754
f 2754 2899 2900
f 2754 2900 2756
f 2756 2900 2901
f 2756 2901 2758
f 2758 2901 2902
f 2758 2902 2760
f 2760 2902 2903
f 2760 2903 2762
f 2762 2903 2904
f 2762 2904 2764
f 2764 2904 2905
f 2764 2905 2766
f 2766 2905 2906
f 2766 2906 2768
f 2768 2906 2907
f 2768 2907 2770
f 2770 2907 2908
f 2770 2908 2772
f 2772 2908 2909
f 2772 2909 2774
f 2774 2909 2910
f 2774 2910 2776
f 2776 2910 2911
f 2776 2911 2778
f 2778 2911 2912
f 2778 2912 2780
f 2780 2912 2913
f 2780 2913 2782
f 2782 2913 2914
f 2782 2914 2784
f 2784 2914 2800
f 2784 2800 1950
f 1950 2800 1951
f 2882 2915 2884
f 2884 2915 2916
f 2884 2916 2886
f 2886 2916 2917
f 2886 2917 2888
f 2888 2917 2918
f 2888 2918 2890
f 2890 2918 2919
f 2890 2919 2892
f 2892 2919 2920
f 2892 2920 2894
f 2894 2920 2921
f 2894 2921 2896
f 2896 2921 2922
f 2896 2922 2923
f 2923 2922 2924
f 2915 2925 2916
f 2916 2925 2926
f 2916 2926 2917
f 2917 2926 2927
f 2917 2927 2918
f 2918 2927 2928
f 2918 2928 2919
f 2919 2928 2929
f 2919 2929 2920
f 2920 2929 2930
f 2920 2930 2921
f 2921 2930 2931
f 2921 2931 2922
f 2922 2931 2932
f 2922 2932 2924
f 2924 2932 2933
f 2924 2933 2934
f 2934 2933 2935
f 2925 2869 2926
f 2926 2869 2871
f 2926 2871 2927
f 2927 2871 2873
f 2927 2873 2928
f 2928 2873 2875
f 2928 2875 2929
f 2929 2875 2877
f 2929 2877 2930
f 2930 2877 2879
f 2930 2879 2931
f 2931 2879 2880
f 2931 2880 2932
f 2932 2880 2936
f 2932 2936 2933
f 2933 2936 2937
f 2933 2937 2935
f 2935 2937 2938
f 2935 2938 2939
f 2939 2938 2940
f 2939 2940 2941
f 2941 2940 2942
f 2941 2942 2943
f 2943 2942 2944
f 2943 2944 2945
f 2945 2944 2946
f 2945 2946 2947
f 2947 2946 2948
f 2947 2948 2949
f 2949 2948 2950
f 2949 2950 2951
f 2951 2950 2952
f 2951 2952 2953
f 2953 2952 2954
f 2953 2954 2955
f 2955 2954 2956
f 2955 2956 2957
f 2957 2956 2958
f 2957 2958 2959
f 2959 2958 2960
f 2959 2960 2961
f 2961 2960 2962
f 2961 2962 2963
f 2963 2962 2964
f 2963 2964 2965
f 2965 2964 2966
f 2965 2966 2436
f 2436 2966 2435
f 2436 2435 1989
f 1989 2435 1993
f 2967 2968 2969
f 2969 2968 2970
f 2969 2970 2971
f 2971 2970 2972
f 2971 2972 2973
f 2973 2972 2974
f 2973 2974 2975
f 2975 2974 2976
f 2975 2976 2977
f 2977 2976 2978
f 2977 2978 2979
f 2979 2978 2980
f 2979 2980 2981
f 2981 2980 2982
f 2981 2982 2983
f 2983 2982 2984
f 2983 2984 2985
f 2985 2984 2986
f 2987 2988 2989
f 2987 2989 2990
f 2991 2992 2993
f 2993 2992 2994
f 2993 2994 2995
f 2996 2997 2998
f 2998 2997 2999
f 2998 2999 2993
f 2993 2999 2989
f 2993 2989 2991
f 2991 2989 2988
f 3000 3001 3002
f 2417 2419 3003
f 3004 3005 3006
f 3007 3008 3009
f 3009 3008 3010
f 3009 3010 3011
f 3001 3012 3002
f 3002 3012 3003
f 3002 3003 3013
f 3013 3003 2419
f 3013 2419 3014
f 3014 2419 3015
f 3014 3015 3016
f 3016 3015 3017
f 3016 3017 3018
f 3018 3017 3019
f 3018 3019 3020
f 3020 3019 3021
f 2411 2413 3022
f 3023 3024 3025
f 3025 3024 3026
f 3027 3028 3029
f 3029 3028 3025
f 3029 3025 3030
f 3030 3025 3026
f 3031 3032 3033
f 3033 3032 3028
f 3033 3028 3034
f 3034 3028 3027
f 3035 3036 2402
f 3031 3035 3032
f 3032 3035 2402
f 3032 2402 3028
f 3028 2402 2401
f 3028 2401 3025
f 2408 2410 3037
f 3038 3039 3040
f 3040 3039 3041
f 1191 3042 2410
f 2410 3042 2407
f 2410 2407 3037
f 3037 2407 2406
f 2409 3043 2410
f 2410 3043 1191
f 1191 3044 3042
f 3042 3044 3045
f 3042 3045 2407
f 2407 3045 3040
f 2407 3040 2405
f 2405 3040 3041
f 3011 2414 3009
f 3009 2414 2416
f 3009 2416 3046
f 3046 2416 3047
f 3046 3047 3048
f 3048 3047 3049
f 3048 3049 3050
f 3050 3049 3051
f 3050 3051 3052
f 3052 3051 3053
f 3052 3053 3054
f 3054 3053 3055
f 2862 3056 2864
f 2864 3056 3057
f 2864 3057 2866
f 2866 3057 3058
f 2866 3058 2868
f 2868 3058 3059
f 2868 3059 3060
f 3060 3059 3061
f 3060 3061 3062
f 3062 3061 3063
f 3062 3063 3064
f 3064 3063 3065
f 3064 3065 3066
f 3066 3065 3067
f 3066 3067 3068
f 3068 3067 3069
f 3068 3069 3070
f 3070 3069 3071
f 3070 3071 3072
f 2968 2861 2970
f 2970 2861 2863
f 2970 2863 2972
f 2972 2863 2865
f 2972 2865 2974
f 2974 2865 2867
f 2974 2867 2976
f 2976 2867 2868
f 2976 2868 2978
f 2978 2868 3060
f 2978 3060 2980
f 2980 3060 3062
f 2980 3062 2982
f 2982 3062 3064
f 2982 3064 2984
f 2984 3064 3066
f 2984 3066 2986
f 2986 3066 3068
f 2986 3068 3073
f 3073 3068 3070
f 3073 3070 3074
f 3074 3070 3072
f 3074 3072 3075
f 3076 3077 3078
f 3078 3077 3079
f 3078 3079 3080
f 3080 3079 3081
f 3080 3081 3082
f 3082 3081 3083
f 3082 3083 3084
f 3084 3083 3085
f 3084 3085 3086
f 3086 3085 3087
f 3086 3087 3088
f 3088 3087 3089
f 3088 3089 3090
f 3090 3089 3091
f 3090 3091 3092
f 3092 3091 3093
f 3092 3093 2589
f 2589 3093 3094
f 2589 3094 2587
f 2587 3094 3095
f 2587 3095 2591
f 2591 3095 3096
f 2591 3096 2593
f 3097 2428 3098
f 3098 2428 2421
f 3098 2421 3099
f 3099 2421 2420
f 3099 2420 3100
f 3100 2420 3101
f 3100 3101 3102
f 3102 3101 3103
f 3102 3103 3104
f 3104 3103 3105
f 3104 3105 3106
f 3106 3105 3107
f 3106 3107 3108
f 3108 3107 3109
f 3108 3109 3110
f 3110 3109 3111
f 3110 3111 3112
f 3112 3111 3113
f 3112 3113 3114
f 3114 3113 3115
f 3114 3115 2597
f 2597 3115 3116
f 2597 3116 2595
f 2595 3116 3117
f 2595 3117 2744
f 2744 3117 3118
f 2744 3118 2746
f 3077 3097 3079
f 3079 3097 3098
f 3079 3098 3081
f 3081 3098 3099
f 3081 3099 3083
f 3083 3099 3100
f 3083 3100 3085
f 3085 3100 3102
f 3085 3102 3087
f 3087 3102 3104
f 3087 3104 3089
f 3089 3104 3106
f 3089 3106 3091
f 3091 3106 3108
f 3091 3108 3093
f 3093 3108 3110
f 3093 3110 3094
f 3094 3110 3112
f 3094 3112 3095
f 3095 3112 3114
f 3095 3114 3096
f 3096 3114 2597
f 3096 2597 2593
f 2593 2597 2596
f 2593 2596 2594
f 3056 3076 3057
f 3057 3076 3078
f 3057 3078 3058
f 3058 3078 3080
f 3058 3080 3059
f 3059 3080 3082
f 3059 3082 3061
f 3061 3082 3084
f 3061 3084 3063
f 3063 3084 3086
f 3063 3086 3065
f 3065 3086 3088
f 3065 3088 3067
f 3067 3088 3090
f 3067 3090 3069
f 3069 3090 3092
f 3069 3092 3071
f 3071 3092 2589
f 3071 2589 3072
f 3072 2589 2588
f 3072 2588 3075
f 1191 3119 3044
f 3044 3119 3120
f 3044 3120 3045
f 3045 3120 2404
f 3045 2404 3040
f 3040 2404 2402
f 3040 2402 3038
f 3038 2402 3036
f 2415 3022 2416
f 2416 3022 2413
f 2416 2413 3047
f 3047 2413 3121
f 3047 3121 3049
f 3049 3121 3122
f 3049 3122 3051
f 3051 3122 3123
f 3051 3123 3053
f 3053 3123 3124
f 3053 3124 3055
f 3055 3124 3125
f 3055 3125 3126
f 3126 3125 3127
f 3126 3127 3128
f 3128 3127 1191
f 2995 2425 2993
f 2993 2425 2427
f 2993 2427 2998
f 2998 2427 3129
f 2998 3129 2996
f 2996 3129 3130
f 2996 3130 3131
f 3131 3130 3132
f 3131 3132 3133
f 3133 3132 3134
f 3133 3134 3135
f 3135 3134 3136
f 3135 3136 3137
f 3137 3136 3138
f 3137 3138 3139
f 3139 3138 3140
f 3139 3140 3141
f 3141 3140 3142
f 3141 3142 3143
f 3143 3142 3144
f 3143 3144 3145
f 3145 3144 3146
f 3145 3146 3147
f 3147 3146 3148
f 3147 3148 3149
f 3149 3148 3150
f 3149 3150 3151
f 3151 3150 3152
f 3151 3152 3153
f 3153 3152 1191
f 2418 3004 2419
f 2419 3004 3006
f 2419 3006 3015
f 3015 3006 3154
f 3015 3154 3017
f 3017 3154 3155
f 3017 3155 3019
f 3019 3155 3156
f 3019 3156 3021
f 3021 3156 3157
f 3021 3157 3158
f 3158 3157 3159
f 3158 3159 3160
f 3160 3159 3161
f 3160 3161 3162
f 3162 3161 3163
f 3162 3163 3164
f 3164 3163 3165
f 3164 3165 3166
f 3166 3165 3167
f 3166 3167 3168
f 3168 3167 1191
f 2412 3023 2413
f 2413 3023 3025
f 2413 3025 3121
f 3121 3025 2401
f 3121 2401 3122
f 3122 2401 2403
f 3122 2403 3123
f 3123 2403 2404
f 3123 2404 3124
f 3124 2404 3120
f 3124 3120 3125
f 3125 3120 3119
f 3125 3119 3127
f 3127 3119 1191
f 3005 3007 3006
f 3006 3007 3009
f 3006 3009 3154
f 3154 3009 3046
f 3154 3046 3155
f 3155 3046 3048
f 3155 3048 3156
f 3156 3048 3050
f 3156 3050 3157
f 3157 3050 3052
f 3157 3052 3159
f 3159 3052 3054
f 3159 3054 3161
f 3161 3054 3055
f 3161 3055 3163
f 3163 3055 3126
f 3163 3126 3165
f 3165 3126 3128
f 3165 3128 3167
f 3167 3128 1191
f 2426 3000 2427
f 2427 3000 3002
f 2427 3002 3129
f 3129 3002 3013
f 3129 3013 3130
f 3130 3013 3014
f 3130 3014 3132
f 3132 3014 3016
f 3132 3016 3134
f 3134 3016 3018
f 3134 3018 3136
f 3136 3018 3020
f 3136 3020 3138
f 3138 3020 3021
f 3138 3021 3140
f 3140 3021 3158
f 3140 3158 3142
f 3142 3158 3160
f 3142 3160 3144
f 3144 3160 3162
f 3144 3162 3146
f 3146 3162 3164
f 3146 3164 3148
f 3148 3164 3166
f 3148 3166 3150
f 3150 3166 3168
f 3150 3168 3152
f 3152 3168 1191
f 2422 2423 2420
f 2420 2423 3169
f 2420 3169 3101
f 3101 3169 3170
f 3101 3170 3103
f 3103 3170 3171
f 3103 3171 3105
f 3105 3171 3172
f 3105 3172 3107
f 3107 3172 3173
f 3107 3173 3109
f 3109 3173 3174
f 3109 3174 3111
f 3111 3174 3175
f 3111 3175 3113
f 3113 3175 3176
f 3113 3176 3115
f 3115 3176 3177
f 3115 3177 3116
f 3116 3177 3178
f 3116 3178 3117
f 3117 3178 3179
f 3117 3179 3118
f 3118 3179 2752
f 3118 2752 2746
f 2746 2752 2751
f 2746 2751 2747
f 2870 2967 2872
f 2872 2967 2969
f 2872 2969 2874
f 2874 2969 2971
f 2874 2971 2876
f 2876 2971 2973
f 2876 2973 2878
f 2878 2973 2975
f 2878 2975 2880
f 2880 2975 2977
f 2880 2977 2936
f 2936 2977 2979
f 2936 2979 2937
f 2937 2979 2981
f 2937 2981 2938
f 2938 2981 2983
f 2938 2983 2940
f 2940 2983 2985
f 2940 2985 2942
f 2942 2985 2986
f 2942 2986 2944
f 2944 2986 3073
f 2944 3073 2946
f 2946 3073 3074
f 2946 3074 2948
f 2948 3074 3075
f 2948 3075 2950
f 2950 3075 2588
f 2950 2588 2952
f 2952 2588 2590
f 2952 2590 2954
f 2954 2590 2592
f 2954 2592 2956
f 2956 2592 2594
f 2956 2594 2958
f 2958 2594 2596
f 2958 2596 2960
f 2960 2596 2743
f 2960 2743 2962
f 2962 2743 2745
f 2962 2745 2964
f 2964 2745 2747
f 2964 2747 2966
f 2966 2747 2751
f 2966 2751 2435
f 2435 2751 2749
f 2435 2749 1995
f 1995 2749 2380
f 1139 3180 2448
f 2448 3180 3181
f 2448 3181 3182
f 3183 3184 3185
f 1163 1162 2447
f 2447 1162 2448
f 2447 2448 3185
f 3185 2448 3182
f 3185 3182 3183
f 3184 3186 3185
f 3185 3186 3187
f 3185 3187 3188
f 3188 3187 3189
f 3188 3189 3190
f 3190 3191 3192
f 1166 1165 2451
f 2451 1165 2398
f 2451 2398 3193
f 3193 2398 2400
f 3193 2400 3194
f 3194 2400 3195
f 3194 3195 3196
f 3196 3195 3197
f 1065 1064 2399
f 2399 1064 1063
f 2399 1063 2400
f 2400 1063 2447
f 2400 2447 3195
f 3195 2447 3185
f 3195 3185 3197
f 3197 3185 3188
f 3198 3199 3200
f 3200 3199 3192
f 3200 3192 3201
f 3201 3192 3191
f 3198 3202 3199
f 3199 3202 3203
f 3199 3203 2803
f 2803 3203 3204
f 2803 3204 2804
f 3205 3192 3206
f 3206 3192 3199
f 3206 3199 3207
f 3207 3199 2803
f 3207 2803 2806
f 2806 2803 2805
f 2806 2805 2807
f 3208 3209 3210
f 3210 3209 3211
f 3210 3211 3212
f 3212 3211 3213
f 3212 3213 3214
f 3214 3213 3215
f 3214 3215 2833
f 2833 3215 2810
f 2833 2810 2813
f 2813 2810 2809
f 2813 2809 2814
f 3216 3217 3218
f 3218 3217 3208
f 3209 3205 3211
f 3211 3205 3206
f 3211 3206 3213
f 3213 3206 3207
f 3213 3207 3215
f 3215 3207 2806
f 3215 2806 2810
f 2810 2806 2808
f 2810 2808 2812
f 2424 2422 3219
f 3219 2422 2428
f 3219 2428 3220
f 3220 2428 3097
f 3220 3097 3221
f 3221 3097 3077
f 3221 3077 3222
f 3222 3077 3076
f 3222 3076 3223
f 3223 3076 3056
f 3223 3056 3224
f 3224 3056 2862
f 3224 2862 3225
f 3225 2862 2861
f 3225 2861 3226
f 3226 2861 2968
f 3226 2968 3227
f 3227 2968 2967
f 3227 2967 3228
f 3228 2967 2870
f 3228 2870 3229
f 3229 2870 2869
f 3229 2869 3230
f 3230 2869 2925
f 3230 2925 3231
f 3231 2925 2915
f 3231 2915 3232
f 3232 2915 2882
f 3232 2882 3233
f 3233 2882 2881
f 3233 2881 3234
f 3235 3236 3237
f 3237 3236 3238
f 3237 3238 3239
f 3239 3238 3240
f 3239 3240 3241
f 3241 3240 3242
f 3241 3242 3243
f 3243 3242 3244
f 3243 3244 3245
f 3245 3244 3246
f 3245 3246 3247
f 3247 3246 3248
f 3247 3248 3249
f 3249 3248 3250
f 3249 3250 3251
f 3251 3250 3252
f 3251 3252 3253
f 3253 3252 3254
f 3253 3254 3255
f 3255 3254 3256
f 3255 3256 3257
f 3257 3256 3258
f 3257 3258 3259
f 3259 3258 3260
f 3259 3260 3261
f 3261 3260 3262
f 3261 3262 3263
f 3263 3262 3264
f 3263 3264 3265
f 3265 3264 3266
f 3265 3266 3267
f 3267 3266 3268
f 3267 3268 3269
f 3269 3268 3270
f 3269 3270 3271
f 3271 3270 3272
f 3271 3272 3273
f 3273 3272 3274
f 3273 3274 3275
f 3275 3274 3276
f 3275 3276 3277
f 3277 3276 3278
f 3277 3278 3279
f 3279 3278 3280
f 3279 3280 3281
f 3281 3280 3282
f 3281 3282 3283
f 3283 3282 3284
f 3283 3284 3285
f 3285 3284 3286
f 3285 3286 3287
f 3287 3286 3288
f 3287 3288 2437
f 2437 3288 2434
f 2437 2434 1997
f 1997 2434 1998
f 3235 3234 3236
f 3236 3234 2881
f 3236 2881 3238
f 3238 2881 2883
f 3238 2883 3240
f 3240 2883 2885
f 3240 2885 3242
f 3242 2885 2887
f 3242 2887 3244
f 3244 2887 2889
f 3244 2889 3246
f 3246 2889 2891
f 3246 2891 3248
f 3248 2891 2893
f 3248 2893 3250
f 3250 2893 2895
f 3250 2895 3252
f 3252 2895 2896
f 3252 2896 3254
f 3254 2896 2923
f 3254 2923 3256
f 3256 2923 2924
f 3256 2924 3258
f 3258 2924 2934
f 3258 2934 3260
f 3260 2934 2935
f 3260 2935 3262
f 3262 2935 2939
f 3262 2939 3264
f 3264 2939 2941
f 3264 2941 3266
f 3266 2941 2943
f 3266 2943 3268
f 3268 2943 2945
f 3268 2945 3270
f 3270 2945 2947
f 3270 2947 3272
f 3272 2947 2949
f 3272 2949 3274
f 3274 2949 2951
f 3274 2951 3276
f 3276 2951 2953
f 3276 2953 3278
f 3278 2953 2955
f 3278 2955 3280
f 3280 2955 2957
f 3280 2957 3282
f 3282 2957 2959
f 3282 2959 3284
f 3284 2959 2961
f 3284 2961 3286
f 3286 2961 2963
f 3286 2963 3288
f 3288 2963 2965
f 3288 2965 2434
f 2434 2965 2436
f 2434 2436 1999
f 1999 2436 1988
f 3289 3216 3235
f 3235 3216 3218
f 3235 3218 3234
f 3234 3218 3208
f 3234 3208 3233
f 3233 3208 3210
f 3233 3210 3232
f 3232 3210 3212
f 3232 3212 3231
f 3231 3212 3214
f 3231 3214 3230
f 3230 3214 2833
f 3230 2833 3229
f 3229 2833 2834
f 3229 2834 3228
f 3228 2834 2835
f 3228 2835 3227
f 3227 2835 2836
f 3227 2836 3226
f 3226 2836 2837
f 3226 2837 3225
f 3225 2837 2838
f 3225 2838 3224
f 3224 2838 2840
f 3224 2840 3223
f 3223 2840 2841
f 3223 2841 3222
f 3222 2841 2850
f 3222 2850 3221
f 3221 2850 2860
f 3221 2860 3220
f 3220 2860 2431
f 3220 2431 3219
f 3219 2431 2430
f 3219 2430 2424
f 3190 3192 3188
f 3188 3192 3205
f 3188 3205 3197
f 3197 3205 3209
f 3197 3209 3196
f 3196 3209 3208
f 3196 3208 3194
f 3194 3208 3217
f 3194 3217 3193
f 3193 3217 3216
f 3193 3216 2451
f 2451 3216 3289
f 2451 3289 2449
f 2449 3289 3290
f 2449 3290 2450
f 2450 3290 3291
f 2450 3291 2452
f 3292 2454 3291
f 3291 2454 2453
f 3291 2453 2452
f 2452 2453 1069
f 2452 1069 1068
f 3293 3294 3295
f 3295 3294 2460
f 3295 2460 2459
f 2459 2460 1079
f 2459 1079 1078
f 1111 2458 2459
f 2459 2458 3296
f 2459 3296 3295
f 3295 3296 3297
f 3295 3297 3293
f 3298 3299 3300
f 3300 3299 3301
f 3300 3301 3302
f 3302 3301 3303
f 3302 3303 3304
f 3304 3303 3305
f 3304 3305 3306
f 3306 3305 3307
f 3306 3307 3308
f 3308 3307 3309
f 3308 3309 3310
f 3310 3309 3311
f 3310 3311 3312
f 3312 3311 3313
f 3312 3313 3314
f 3314 3313 3315
f 3314 3315 3316
f 3316 3315 3317
f 3316 3317 3318
f 3318 3317 3319
f 3318 3319 3320
f 3320 3319 3321
f 3320 3321 3322
f 3322 3321 3323
f 3322 3323 3324
f 3324 3323 3325
f 3324 3325 3326
f 3326 3325 3327
f 3326 3327 3328
f 3328 3327 3329
f 3328 3329 3330
f 3330 3329 3331
f 3330 3331 3332
f 3332 3331 3333
f 3332 3333 3334
f 3334 3333 3335
f 3334 3335 3336
f 3336 3335 3337
f 3336 3337 3338
f 3338 3337 3339
f 3338 3339 3340
f 3340 3339 3341
f 3340 3341 3342
f 3342 3341 3343
f 3342 3343 3344
f 3344 3343 3345
f 3344 3345 3346
f 3346 3345 3347
f 3346 3347 3348
f 3348 3347 3349
f 3348 3349 2801
f 2801 3349 3350
f 2801 3350 1986
f 1986 3350 1987
f 3351 3352 3353
f 3353 3352 3354
f 3353 3354 3355
f 3355 3354 3356
f 3355 3356 3357
f 3357 3356 3358
f 3357 3358 3359
f 3359 3358 3360
f 3359 3360 3361
f 3361 3360 3362
f 3361 3362 3363
f 3363 3362 3364
f 3363 3364 3365
f 3365 3364 3366
f 3365 3366 3367
f 3367 3366 3368
f 3367 3368 3369
f 3369 3368 3370
f 3369 3370 3371
f 3371 3370 3372
f 3371 3372 3373
f 3373 3372 3374
f 3373 3374 3375
f 3375 3374 3376
f 3375 3376 3377
f 3377 3376 3378
f 3377 3378 3379
f 3379 3378 3380
f 3379 3380 3381
f 3381 3380 3382
f 3381 3382 3383
f 3383 3382 3384
f 3383 3384 3385
f 3385 3384 3386
f 3385 3386 3387
f 3387 3386 3388
f 3387 3388 3389
f 3389 3388 3390
f 3389 3390 3391
f 3391 3390 3392
f 3391 3392 3393
f 3393 3392 3394
f 3393 3394 3395
f 3395 3394 3396
f 3395 3396 3397
f 3397 3396 3398
f 3397 3398 3399
f 3399 3398 3400
f 3399 3400 3401
f 3401 3400 3402
f 3401 3402 3403
f 3403 3402 3404
f 3403 3404 2802
f 2802 3404 3405
f 2802 3405 1983
f 3352 3298 3354
f 3354 3298 3300
f 3354 3300 3356
f 3356 3300 3302
f 3356 3302 3358
f 3358 3302 3304
f 3358 3304 3360
f 3360 3304 3306
f 3360 3306 3362
f 3362 3306 3308
f 3362 3308 3364
f 3364 3308 3310
f 3364 3310 3366
f 3366 3310 3312
f 3366 3312 3368
f 3368 3312 3314
f 3368 3314 3370
f 3370 3314 3316
f 3370 3316 3372
f 3372 3316 3318
f 3372 3318 3374
f 3374 3318 3320
f 3374 3320 3376
f 3376 3320 3322
f 3376 3322 3378
f 3378 3322 3324
f 3378 3324 3380
f 3380 3324 3326
f 3380 3326 3382
f 3382 3326 3328
f 3382 3328 3384
f 3384 3328 3330
f 3384 3330 3386
f 3386 3330 3332
f 3386 3332 3388
f 3388 3332 3334
f 3388 3334 3390
f 3390 3334 3336
f 3390 3336 3392
f 3392 3336 3338
f 3392 3338 3394
f 3394 3338 3340
f 3394 3340 3396
f 3396 3340 3342
f 3396 3342 3398
f 3398 3342 3344
f 3398 3344 3400
f 3400 3344 3346
f 3400 3346 3402
f 3402 3346 3348
f 3402 3348 3404
f 3404 3348 2801
f 3404 2801 3405
f 3405 2801 1984
f 3405 1984 1983
f 1960 1959 3406
f 3406 1959 3407
f 3406 3407 3408
f 3408 3407 3409
f 3408 3409 3410
f 3410 3409 3411
f 3410 3411 3412
f 3412 3411 3413
f 3412 3413 3414
f 3414 3413 3415
f 3414 3415 3416
f 3416 3415 3417
f 3416 3417 3418
f 3418 3417 3419
f 3418 3419 3420
f 3420 3419 3421
f 3420 3421 3422
f 3422 3421 3423
f 3422 3423 3424
f 3424 3423 3425
f 3424 3425 3426
f 3426 3425 3427
f 3426 3427 3428
f 3428 3427 3429
f 3428 3429 3430
f 3430 3429 3431
f 3430 3431 3432
f 3432 3431 3433
f 3432 3433 3434
f 3434 3433 3435
f 3434 3435 3436
f 3436 3435 3437
f 3436 3437 3438
f 3438 3437 3439
f 3438 3439 3440
f 3440 3439 3441
f 3440 3441 3442
f 3442 3441 3443
f 3442 3443 3444
f 3444 3443 3445
f 3444 3445 3446
f 3446 3445 3447
f 3446 3447 3448
f 3448 3447 3449
f 3448 3449 3450
f 3450 3449 3451
f 3450 3451 3452
f 3452 3451 3453
f 3452 3453 3454
f 3454 3453 3455
f 3454 3455 3456
f 3456 3455 3457
f 3456 3457 3458
f 1026 2455 2457
f 2457 2455 3459
f 2457 3459 3460
f 3460 3459 3461
f 3460 3461 3462
f 3462 3461 3463
f 3462 3463 3464
f 3464 3463 3465
f 3464 3465 3466
f 3466 3465 3467
f 3466 3467 3468
f 3468 3467 3469
f 3468 3469 3470
f 1076 2456 2458
f 2458 2456 2457
f 2458 2457 3296
f 3296 2457 3460
f 3296 3460 3297
f 3297 3460 3462
f 3297 3462 3293
f 3293 3462 3464
f 3293 3464 3471
f 3471 3464 3466
f 3471 3466 3472
f 3472 3466 3468
f 3472 3468 3473
f 3473 3468 3470
f 3473 3470 2545
f 3469 3474 3470
f 3470 3474 3475
f 3470 3475 2545
f 2545 3475 3476
f 2545 3476 2546
f 2546 3476 3477
f 2546 3477 2548
f 2548 3477 3478
f 2548 3478 2550
f 2550 3478 3479
f 2550 3479 2552
f 2552 3479 3480
f 2552 3480 2554
f 2554 3480 3481
f 2554 3481 2556
f 2556 3481 3482
f 2556 3482 2558
f 2558 3482 3483
f 2558 3483 2560
f 2560 3483 3484
f 2560 3484 2562
f 2562 3484 3485
f 2562 3485 2564
f 2564 3485 3486
f 2564 3486 2566
f 2566 3486 3487
f 2566 3487 2568
f 2568 3487 3488
f 2568 3488 2570
f 2570 3488 3489
f 2570 3489 2572
f 2572 3489 3490
f 2572 3490 2544
f 2544 3490 1514
f 2544 1514 1512
f 2897 3474 3491
f 3491 3474 3469
f 3491 3469 3492
f 3492 3469 3467
f 3492 3467 3493
f 3493 3467 3465
f 3493 3465 3494
f 3494 3465 3463
f 3494 3463 3495
f 3495 3463 3461
f 3495 3461 3496
f 3496 3461 3459
f 3496 3459 3292
f 3292 3459 2455
f 3292 2455 2454
f 2454 2455 1073
f 2454 1073 1072
f 1481 1480 2574
f 2574 1480 2441
f 2574 2441 2573
f 2573 2441 3497
f 2573 3497 2571
f 2571 3497 3498
f 2571 3498 2569
f 2569 3498 3499
f 2569 3499 2567
f 2567 3499 3500
f 2567 3500 2565
f 2565 3500 3501
f 2565 3501 2563
f 2563 3501 3502
f 2563 3502 2561
f 2561 3502 3503
f 2561 3503 2559
f 2559 3503 3504
f 2559 3504 2557
f 2557 3504 3505
f 2557 3505 2555
f 2555 3505 3506
f 2555 3506 2553
f 2553 3506 3507
f 2553 3507 2551
f 2551 3507 3508
f 2551 3508 2549
f 2549 3508 3509
f 2549 3509 2547
f 2547 3509 3510
f 2547 3510 2545
f 2545 3510 3511
f 2545 3511 3473
f 3473 3511 3512
f 3473 3512 3472
f 3472 3512 3513
f 3472 3513 3471
f 3471 3513 3514
f 3471 3514 3293
f 3293 3514 3515
f 3293 3515 3294
f 3294 3515 2461
f 3294 2461 2460
f 2460 2461 1081
f 2460 1081 1080
f 1966 1960 2802
f 2802 1960 3406
f 2802 3406 3403
f 3403 3406 3408
f 3403 3408 3401
f 3401 3408 3410
f 3401 3410 3399
f 3399 3410 3412
f 3399 3412 3397
f 3397 3412 3414
f 3397 3414 3395
f 3395 3414 3416
f 3395 3416 3393
f 3393 3416 3418
f 3393 3418 3391
f 3391 3418 3420
f 3391 3420 3389
f 3389 3420 3422
f 3389 3422 3387
f 3387 3422 3424
f 3387 3424 3385
f 3385 3424 3426
f 3385 3426 3383
f 3383 3426 3428
f 3383 3428 3381
f 3381 3428 3430
f 3381 3430 3379
f 3379 3430 3432
f 3379 3432 3377
f 3377 3432 3434
f 3377 3434 3375
f 3375 3434 3436
f 3375 3436 3373
f 3373 3436 3438
f 3373 3438 3371
f 3371 3438 3440
f 3371 3440 3369
f 3369 3440 3442
f 3369 3442 3367
f 3367 3442 3444
f 3367 3444 3365
f 3365 3444 3446
f 3365 3446 3363
f 3363 3446 3448
f 3363 3448 3361
f 3361 3448 3450
f 3361 3450 3359
f 3359 3450 3452
f 3359 3452 3357
f 3357 3452 3454
f 3357 3454 3355
f 3355 3454 3456
f 3355 3456 3353
f 3353 3456 3458
f 3353 3458 3351
f 1447 1446 2441
f 2441 1446 2512
f 2441 2512 3497
f 3497 2512 2514
f 3497 2514 3498
f 3498 2514 2516
f 3498 2516 3499
f 3499 2516 2518
f 3499 2518 3500
f 3500 2518 2520
f 3500 2520 3501
f 3501 2520 2522
f 3501 2522 3502
f 3502 2522 2524
f 3502 2524 3503
f 3503 2524 2526
f 3503 2526 3504
f 3504 2526 2528
f 3504 2528 3505
f 3505 2528 2530
f 3505 2530 3506
f 3506 2530 2532
f 3506 2532 3507
f 3507 2532 2534
f 3507 2534 3508
f 3508 2534 2536
f 3508 2536 3509
f 3509 2536 2538
f 3509 2538 3510
f 3510 2538 2540
f 3510 2540 3511
f 3511 2540 2542
f 3511 2542 3512
f 3512 2542 2543
f 3512 2543 3513
f 3513 2543 2480
f 3513 2480 3514
f 3514 2480 2479
f 3514 2479 3515
f 3515 2479 2463
f 3515 2463 2461
f 2461 2463 1082
f 2461 1082 1114
f 1959 1957 3407
f 3407 1957 2800
f 3407 2800 3409
f 3409 2800 2914
f 3409 2914 3411
f 3411 2914 2913
f 3411 2913 3413
f 3413 2913 2912
f 3413 2912 3415
f 3415 2912 2911
f 3415 2911 3417
f 3417 2911 2910
f 3417 2910 3419
f 3419 2910 2909
f 3419 2909 3421
f 3421 2909 2908
f 3421 2908 3423
f 3423 2908 2907
f 3423 2907 3425
f 3425 2907 2906
f 3425 2906 3427
f 3427 2906 2905
f 3427 2905 3429
f 3429 2905 2904
f 3429 2904 3431
f 3431 2904 2903
f 3431 2903 3433
f 3433 2903 2902
f 3433 2902 3435
f 3435 2902 2901
f 3435 2901 3437
f 3437 2901 2900
f 3437 2900 3439
f 3439 2900 2899
f 3439 2899 3441
f 3441 2899 2898
f 3441 2898 3443
f 3443 2898 2897
f 3443 2897 3445
f 3445 2897 3491
f 3445 3491 3447
f 3447 3491 3492
f 3447 3492 3449
f 3449 3492 3493
f 3449 3493 3451
f 3451 3493 3494
f 3451 3494 3453
f 3453 3494 3495
f 3453 3495 3455
f 3455 3495 3496
f 3455 3496 3457
f 3457 3496 3292
f 3457 3292 3458
f 3458 3292 3291
f 3458 3291 3351
f 3351 3291 3290
f 3351 3290 3352
f 3352 3290 3289
f 3352 3289 3298
f 3298 3289 3235
f 3298 3235 3299
f 3299 3235 3237
f 3299 3237 3301
f 3301 3237 3239
f 3301 3239 3303
f 3303 3239 3241
f 3303 3241 3305
f 3305 3241 3243
f 3305 3243 3307
f 3307 3243 3245
f 3307 3245 3309
f 3309 3245 3247
f 3309 3247 3311
f 3311 3247 3249
f 3311 3249 3313
f 3313 3249 3251
f 3313 3251 3315
f 3315 3251 3253
f 3315 3253 3317
f 3317 3253 3255
f 3317 3255 3319
f 3319 3255 3257
f 3319 3257 3321
f 3321 3257 3259
f 3321 3259 3323
f 3323 3259 3261
f 3323 3261 3325
f 3325 3261 3263
f 3325 3263 3327
f 3327 3263 3265
f 3327 3265 3329
f 3329 3265 3267
f 3329 3267 3331
f 3331 3267 3269
f 3331 3269 3333
f 3333 3269 3271
f 3333 3271 3335
f 3335 3271 3273
f 3335 3273 3337
f 3337 3273 3275
f 3337 3275 3339
f 3339 3275 3277
f 3339 3277 3341
f 3341 3277 3279
f 3341 3279 3343
f 3343 3279 3281
f 3343 3281 3345
f 3345 3281 3283
f 3345 3283 3347
f 3347 3283 3285
f 3347 3285 3349
f 3349 3285 3287
f 3349 3287 3350
f 3350 3287 2437
f 3350 2437 1987
f 1987 2437 1996
f 1191 1982 2748
f 2748 1982 2382
f 2748 2382 2749
f 2749 2382 2381
f 2749 2381 2380
f 2433 2857 2429
f 2429 2857 2859
f 2429 2859 2430
f 2430 2859 3516
f 2430 3516 2424
f 2424 3516 3517
f 2424 3517 2423
f 2423 3517 3518
f 2423 3518 3169
f 3169 3518 3519
f 3169 3519 3170
f 3170 3519 3520
f 3170 3520 3171
f 3171 3520 3521
f 3171 3521 3172
f 3172 3521 3522
f 3172 3522 3173
f 3173 3522 3523
f 3173 3523 3174
f 3174 3523 3524
f 3174 3524 3175
f 3175 3524 3525
f 3175 3525 3176
f 3176 3525 3526
f 3176 3526 3177
f 3177 3526 3527
f 3177 3527 3178
f 3178 3527 3528
f 3178 3528 3179
f 3179 3528 3529
f 3179 3529 2752
f 2752 3529 3530
f 2752 3530 2750
f 2750 3530 3531
f 2750 3531 2748
f 2748 3531 1191
f 2858 2990 2859
f 2859 2990 2989
f 2859 2989 3516
f 3516 2989 2999
f 3516 2999 3517
f 3517 2999 2997
f 3517 2997 3518
f 3518 2997 2996
f 3518 2996 3519
f 3519 2996 3131
f 3519 3131 3520
f 3520 3131 3133
f 3520 3133 3521
f 3521 3133 3135
f 3521 3135 3522
f 3522 3135 3137
f 3522 3137 3523
f 3523 3137 3139
f 3523 3139 3524
f 3524 3139 3141
f 3524 3141 3525
f 3525 3141 3143
f 3525 3143 3526
f 3526 3143 3145
f 3526 3145 3527
f 3527 3145 3147
f 3527 3147 3528
f 3528 3147 3149
f 3528 3149 3529
f 3529 3149 3151
f 3529 3151 3530
f 3530 3151 3153
f 3530 3153 3531
f 3531 3153 1191
f 2443 2445 3532
f 3532 2445 2628
f 3532 2628 3533
f 3533 2628 2630
f 3533 2630 3534
f 3534 2630 2632
f 3534 2632 3535
f 3535 2632 2634
f 3535 2634 3536
f 3536 2634 2636
f 3536 2636 3537
f 3537 2636 2638
f 3537 2638 3538
f 3538 2638 2640
f 3538 2640 3539
f 3539 2640 2642
f 3539 2642 3540
f 3540 2642 2644
f 3540 2644 3541
f 3541 2644 2646
f 3541 2646 3542
f 3542 2646 2648
f 3542 2648 3543
f 3543 2648 2650
f 3543 2650 3544
f 3544 2650 2652
f 3544 2652 3545
f 3545 2652 2654
f 3545 2654 2575
f 2575 2654 1813
f 2575 1813 1253
f 1942 1936 2785
f 2785 1936 2738
f 2785 2738 2786
f 2786 2738 2739
f 2786 2739 2787
f 2787 2739 2740
f 2787 2740 2788
f 2788 2740 2741
f 2788 2741 2789
f 2789 2741 2742
f 2789 2742 2790
f 2790 2742 2728
f 2790 2728 2791
f 2791 2728 2721
f 2791 2721 2792
f 2792 2721 2705
f 2792 2705 2793
f 2793 2705 2704
f 2793 2704 2794
f 2794 2704 2691
f 2794 2691 2795
f 2795 2691 2680
f 2795 2680 2796
f 2796 2680 2656
f 2796 2656 2797
f 2797 2656 2655
f 2797 2655 2798
f 2798 2655 2599
f 2798 2599 2799
f 2799 2599 2598
f 2799 2598 2753
f 2753 2598 2585
f 2753 2585 2897
f 2897 2585 2444
f 2897 2444 3474
f 3474 2444 2443
f 3474 2443 3475
f 3475 2443 3532
f 3475 3532 3476
f 3476 3532 3533
f 3476 3533 3477
f 3477 3533 3534
f 3477 3534 3478
f 3478 3534 3535
f 3478 3535 3479
f 3479 3535 3536
f 3479 3536 3480
f 3480 3536 3537
f 3480 3537 3481
f 3481 3537 3538
f 3481 3538 3482
f 3482 3538 3539
f 3482 3539 3483
f 3483 3539 3540
f 3483 3540 3484
f 3484 3540 3541
f 3484 3541 3485
f 3485 3541 3542
f 3485 3542 3486
f 3486 3542 3543
f 3486 3543 3487
f 3487 3543 3544
f 3487 3544 3488
f 3488 3544 3545
f 3488 3545 3489
f 3489 3545 2575
f 3489 2575 3490
f 3490 2575 1252
f 3490 1252 1514
f 1261 1032 1030
f 1037 1036 1308
f 1328 1330 3546
f 1344 1343 3547
f 1383 1382 3548
f 1406 3549 1407
f 3550 3551 3552
f 3553 3554 3555
f 3555 3554 3556
f 3557 3558 3559
f 3546 3560 3561
f 3550 3552 3561
f 3560 3546 3562
f 3563 3564 3565
f 3565 3564 3547
f 3565 3547 3566
f 3566 3547 3567
f 3567 3547 1343
f 3567 1343 3568
f 3568 1343 1339
f 3568 1339 3569
f 3569 1339 1341
f 3569 1341 3570
f 1352 3571 3572
f 1352 3572 1353
f 1353 3572 3573
f 1353 3573 1346
f 3573 3574 1346
f 1346 3574 3575
f 1346 3575 1347
f 1347 3575 3576
f 1347 3576 1349
f 1349 3576 3570
f 1349 3570 1350
f 1350 3570 1341
f 3571 1352 3577
f 3577 1352 1356
f 3577 1356 3578
f 1356 1355 3578
f 3578 1355 1354
f 3578 1354 3579
f 3579 1354 1359
f 3579 1359 3580
f 3580 1359 3581
f 3581 1359 1358
f 3581 1358 3582
f 3583 1258 3584
f 3584 1258 1366
f 3584 1366 3585
f 1358 1364 3582
f 3582 1364 1363
f 3582 1363 3586
f 3586 1363 1361
f 3586 1361 3587
f 3587 1361 1360
f 3587 1360 3588
f 3588 1360 1365
f 3588 1365 3583
f 3583 1365 1259
f 3583 1259 1258
f 1366 1368 3585
f 3585 1368 1373
f 3585 1373 3589
f 3589 1373 1372
f 3589 1372 3590
f 3590 1372 3591
f 3591 1372 1370
f 3591 1370 3592
f 3593 3548 3594
f 3594 3548 3595
f 3595 3548 3596
f 3596 3548 1382
f 3596 1382 1381
f 1381 1380 3596
f 3596 1380 1385
f 3596 1385 3597
f 3597 1385 3598
f 1391 3599 1392
f 1392 3599 3598
f 1392 3598 1387
f 1387 3598 1385
f 3599 3600 3601
f 3601 3602 3599
f 3599 3602 3603
f 3599 3603 3598
f 3604 3605 3606
f 3607 1394 3608
f 3608 1394 3604
f 3608 3604 3609
f 3609 3604 3606
f 3610 3611 3612
f 3612 3613 3610
f 3610 3613 3614
f 3610 3614 3549
f 3549 3614 3615
f 3549 3615 3605
f 3605 3615 3616
f 3605 3616 3606
f 3617 3618 3619
f 3619 3620 3617
f 3617 3620 3621
f 3617 3621 3622
f 3622 3621 3623
f 3622 3623 3611
f 3611 3623 3624
f 3611 3624 3612
f 3625 3626 3618
f 3618 3626 3627
f 3618 3627 3619
f 3628 3629 3630
f 3628 3630 3631
f 3628 3631 3632
f 1191 3632 1426
f 1426 3632 3631
f 1426 3631 1427
f 1427 3631 1424
f 1425 1424 3618
f 3618 1424 3631
f 3618 3631 3625
f 3625 3631 3630
f 1421 1420 3617
f 3617 1420 1418
f 3617 1418 3618
f 3618 1418 1417
f 3618 1417 1425
f 1421 3617 1422
f 1422 3617 3622
f 1422 3622 1412
f 1403 1409 3610
f 3610 1409 1410
f 3610 1410 3611
f 3611 1410 1415
f 3611 1415 3622
f 3622 1415 1413
f 3622 1413 1412
f 3549 1406 3610
f 3610 1406 1404
f 3610 1404 1403
f 1407 3549 1398
f 1398 3549 3605
f 1398 3605 1399
f 1394 1393 3604
f 3604 1393 1402
f 3604 1402 3605
f 3605 1402 1401
f 3605 1401 1399
f 1391 1389 3599
f 3599 1389 1388
f 3599 1388 3600
f 3600 1388 1397
f 3600 1397 3607
f 3607 1397 1396
f 3607 1396 1394
f 1370 1369 3592
f 3592 1369 1378
f 3592 1378 3633
f 3633 1378 1377
f 3633 1377 3593
f 3593 1377 1375
f 3593 1375 3548
f 3548 1375 1384
f 3548 1384 1383
f 1335 1334 3564
f 3564 1334 1333
f 3564 1333 1332
f 1332 1337 3564
f 3564 1337 3547
f 3547 1337 1345
f 3547 1345 1344
f 3563 3634 3564
f 3564 3634 3562
f 3564 3562 1335
f 1335 3562 3546
f 1335 3546 1336
f 1336 3546 1330
f 3561 3552 3546
f 3546 3552 1323
f 3546 1323 1328
f 1327 1326 3552
f 3552 1326 1324
f 3552 1324 1323
f 3551 3558 3552
f 3552 3558 3557
f 3552 3557 1327
f 1327 3557 3635
f 1327 3635 1318
f 1318 3635 1320
f 1313 1322 3635
f 3635 1322 1321
f 3635 1321 1320
f 3559 3553 3557
f 3557 3553 3555
f 3557 3555 3635
f 3635 3555 3636
f 3635 3636 1313
f 1309 1316 3636
f 3636 1316 1314
f 3636 1314 1313
f 1037 1308 1038
f 1306 1305 3637
f 3637 1305 1312
f 3637 1312 1310
f 1302 1301 1036
f 1036 1301 1300
f 1036 1300 1308
f 1304 1034 1261
f 1261 1034 1033
f 1261 1033 1032
f 1036 1035 1302
f 1302 1035 1034
f 1302 1034 1303
f 1303 1034 1304
f 1308 1306 1038
f 1038 1306 3637
f 1038 3637 1039
f 1039 3637 1062
f 1310 1309 3637
f 3637 1309 3636
f 3637 3636 1062
f 1062 3636 3555
f 1062 3555 1061
f 1061 3555 3556
f 1061 3556 1059
f 3638 3639 3640
f 3567 3568 3641
f 3641 3568 3642
f 3643 3644 3642
f 3634 3563 3645
f 3645 3563 3565
f 3645 3565 3641
f 3641 3565 3566
f 3641 3566 3567
f 3644 3646 3642
f 3642 3646 3647
f 3642 3647 3640
f 3640 3647 3648
f 3640 3648 3638
f 3642 3568 3643
f 3643 3568 3569
f 3643 3569 3570
f 3572 3649 3573
f 3573 3649 3650
f 3573 3650 3574
f 3574 3650 3575
f 3575 3650 3651
f 3575 3651 3652
f 3570 3576 3643
f 3643 3576 3575
f 3643 3575 3653
f 3653 3575 3652
f 3579 3654 3578
f 3578 3654 3577
f 3655 3579 3580
f 3655 3656 3579
f 3579 3656 3657
f 3579 3657 3654
f 3658 3659 3572
f 3572 3659 3660
f 3572 3660 3649
f 3661 3658 3662
f 3662 3658 3572
f 3662 3572 3654
f 3654 3572 3571
f 3654 3571 3577
f 3587 3588 3663
f 3663 3588 3583
f 3663 3583 3584
f 3584 3585 3663
f 3663 3585 3589
f 3663 3589 3590
f 3663 3590 3664
f 3664 3590 3665
f 3587 3663 3586
f 3586 3663 3666
f 3586 3666 3667
f 3580 3581 3655
f 3655 3581 3582
f 3655 3582 3668
f 3668 3582 3586
f 3668 3586 3669
f 3669 3586 3667
f 3592 3670 3671
f 3665 3590 3671
f 3671 3590 3591
f 3671 3591 3592
f 3595 3596 3672
f 3672 3596 3597
f 3672 3597 3598
f 3673 3674 3603
f 3603 3674 3598
f 3598 3674 3675
f 3598 3675 3676
f 3676 3677 3598
f 3598 3677 3678
f 3598 3678 3672
f 3670 3672 3679
f 3679 3680 3670
f 3670 3680 3681
f 3670 3681 3671
f 3592 3633 3670
f 3670 3633 3593
f 3670 3593 3672
f 3672 3593 3594
f 3672 3594 3595
f 3673 3603 3682
f 3682 3603 3602
f 3682 3602 3683
f 3607 3608 3684
f 3684 3608 3609
f 3609 3606 3684
f 3684 3606 3616
f 3684 3616 3615
f 3615 3614 3684
f 3684 3614 3613
f 3684 3613 3612
f 3685 3624 3623
f 3623 3621 3685
f 3685 3621 3620
f 3685 3620 3619
f 3619 3627 3685
f 3685 3627 3626
f 3685 3626 3625
f 3625 3630 3685
f 3685 3630 3629
f 3685 3629 3686
f 3686 3687 3685
f 3685 3687 3688
f 3685 3688 3689
f 3689 3690 3685
f 3685 3690 3691
f 3685 3691 3692
f 3692 3693 3685
f 3685 3693 3694
f 3685 3694 3695
f 3612 3624 3684
f 3684 3624 3685
f 3684 3685 3696
f 3696 3685 3695
f 3600 3607 3601
f 3601 3607 3684
f 3601 3684 3602
f 3602 3684 3697
f 3602 3697 3698
f 3698 3699 3602
f 3602 3699 3700
f 3602 3700 3683
f 3559 3701 3702
f 3702 3703 3559
f 3559 3703 3704
f 3559 3704 3705
f 3706 3707 3553
f 3559 3558 3701
f 3701 3558 3551
f 3701 3551 3550
f 1059 3556 1060
f 1060 3556 3708
f 3556 3554 3708
f 3708 3554 3553
f 3708 3553 3709
f 3709 3553 3707
f 3550 3561 3701
f 3701 3561 3560
f 3701 3560 3562
f 3639 3710 3640
f 3640 3710 3711
f 3640 3711 3642
f 3642 3711 3701
f 3642 3701 3641
f 3641 3701 3562
f 3641 3562 3645
f 3645 3562 3634
f 3705 3712 3559
f 3559 3712 3713
f 3559 3713 3553
f 3553 3713 3714
f 3553 3714 3706
f 1058 1031 3715
f 3713 3712 3716
f 3687 3686 3717
f 3653 3652 2831
f 2819 2815 3718
f 2809 2811 3719
f 1110 3180 1138
f 1138 3180 1139
f 1110 1109 3180
f 3180 1109 1108
f 3180 1108 3181
f 3181 1108 1041
f 1107 3184 1040
f 1040 3184 3183
f 1040 3183 1041
f 1041 3183 3182
f 1041 3182 3181
f 3190 3189 1020
f 1020 3189 3187
f 1020 3187 1107
f 1107 3187 3186
f 1107 3186 3184
f 3720 3203 3202
f 3202 3198 3720
f 3720 3198 3200
f 3720 3200 3721
f 3721 3200 3201
f 3721 3201 3191
f 2808 2807 3722
f 3722 2807 2805
f 3722 2805 2804
f 2809 3719 2814
f 2823 2821 3723
f 3723 2821 2820
f 3723 2820 3724
f 3724 2820 2816
f 3724 2816 3718
f 3718 2816 2818
f 3718 2818 2819
f 2828 2824 3725
f 3725 2824 2826
f 3725 2826 3723
f 3723 2826 2827
f 3723 2827 2823
f 3653 2831 3643
f 2831 2829 3643
f 3643 2829 2828
f 3643 2828 3644
f 3644 2828 3725
f 3644 3725 3646
f 2843 2842 3652
f 3652 2842 2832
f 3652 2832 2831
f 3652 3651 2843
f 2843 3651 3650
f 2843 3650 2844
f 2844 3650 3649
f 2844 3649 2845
f 2845 3649 2846
f 3649 3660 2846
f 2846 3660 3659
f 2846 3659 2848
f 2848 3659 3658
f 2848 3658 2849
f 2849 3658 2851
f 3658 3661 2851
f 2851 3661 3662
f 2851 3662 2852
f 2852 3662 3654
f 2852 3654 2854
f 2854 3654 2855
f 3654 3657 2855
f 2855 3657 3656
f 2855 3656 2856
f 2856 3656 3655
f 2856 3655 2432
f 2432 3655 3668
f 2432 3668 2433
f 2433 3668 3669
f 2433 3669 2857
f 2857 3669 3667
f 2857 3667 2858
f 2858 3667 3666
f 2858 3666 2990
f 2990 3666 3663
f 2990 3663 2987
f 2987 3663 2988
f 2425 2995 3665
f 3665 2995 2994
f 3665 2994 3664
f 3664 2994 2992
f 3664 2992 3663
f 3663 2992 2991
f 3663 2991 2988
f 3665 3671 2425
f 2425 3671 3681
f 2425 3681 2426
f 2426 3681 3680
f 2426 3680 3000
f 3000 3680 3679
f 2417 3003 3726
f 3726 3003 3012
f 3726 3012 3001
f 3674 3007 3675
f 3675 3007 3005
f 3675 3005 3676
f 3676 3005 3004
f 3676 3004 3677
f 3677 3004 2418
f 3677 2418 3678
f 3678 2418 2417
f 3678 2417 3672
f 3672 2417 3726
f 3672 3726 3679
f 3679 3726 3001
f 3679 3001 3000
f 2414 3011 3727
f 3727 3011 3010
f 3727 3010 3008
f 3683 3700 2415
f 3728 3026 3729
f 3729 3026 3024
f 3024 3023 3729
f 3729 3023 2412
f 3729 2412 3730
f 3730 2412 2411
f 3730 2411 3022
f 3031 3033 3731
f 3731 3033 3034
f 3034 3027 3731
f 3731 3027 3029
f 3731 3029 3728
f 3728 3029 3030
f 3728 3030 3026
f 3031 3732 3035
f 3035 3732 3733
f 3035 3733 3036
f 3734 3041 3039
f 3734 3039 3733
f 3733 3039 3038
f 3733 3038 3036
f 3735 2406 3734
f 3734 2406 2405
f 3734 2405 3041
f 3043 2409 3717
f 3717 2409 2408
f 3717 2408 3735
f 3735 2408 3037
f 3735 3037 2406
f 3043 3628 3632
f 3043 3632 1191
f 3043 3717 3628
f 3628 3717 3686
f 3628 3686 3629
f 3687 3717 3688
f 3688 3717 3735
f 3688 3735 3689
f 3689 3735 3734
f 3689 3734 3690
f 3690 3734 3691
f 3691 3734 3733
f 3691 3733 3692
f 3692 3733 3732
f 3692 3732 3693
f 3031 3731 3732
f 3732 3731 3694
f 3732 3694 3693
f 3698 3697 3729
f 3729 3697 3684
f 3729 3684 3728
f 3728 3684 3696
f 3728 3696 3731
f 3731 3696 3695
f 3731 3695 3694
f 3698 3729 3699
f 3699 3729 3730
f 3699 3730 3700
f 3700 3730 3022
f 3700 3022 2415
f 3673 3727 3674
f 3674 3727 3008
f 3674 3008 3007
f 2415 2414 3683
f 3683 2414 3727
f 3683 3727 3682
f 3682 3727 3673
f 3639 3638 3723
f 3723 3638 3648
f 3723 3648 3725
f 3725 3648 3647
f 3725 3647 3646
f 3704 3703 3719
f 3719 3703 3718
f 3719 3718 2814
f 2814 3718 2815
f 3703 3702 3718
f 3718 3702 3701
f 3718 3701 3724
f 3724 3701 3711
f 3724 3711 3723
f 3723 3711 3710
f 3723 3710 3639
f 3716 3712 3719
f 3719 3712 3705
f 3719 3705 3704
f 3707 3706 3716
f 3716 3706 3714
f 3716 3714 3713
f 2811 2812 3719
f 3719 2812 2808
f 3719 2808 3716
f 3716 2808 3722
f 3716 3722 3707
f 3707 3722 3715
f 3707 3715 3709
f 1031 1060 3715
f 3715 1060 3708
f 3715 3708 3709
f 1025 1058 3720
f 3720 1058 3715
f 3720 3715 3203
f 3203 3715 3722
f 3203 3722 3204
f 3204 3722 2804
f 3191 3190 3721
f 3721 3190 1020
f 3721 1020 3720
f 3720 1020 1025

